# Blender 5.0.1
# www.blender.org
mtllib van_3.mtl
o van_3
v 0.013839 0.512511 -2.946055
v 0.018169 0.663507 2.938339
v 0.434535 0.530760 -2.990959
v 0.445980 0.929801 -3.084790
v 0.459952 1.416949 -3.093101
v 0.466317 1.638879 -3.039096
v 0.491449 2.515142 -2.787595
v -0.345810 2.622748 1.363272
v -0.405119 0.554842 -2.990959
v -0.393675 0.953883 -3.084790
v -0.379703 1.441031 -3.093101
v -0.373338 1.662961 -3.039096
v -0.348206 2.539224 -2.787595
v -1.350179 1.237720 -2.959664
v 0.470609 1.788528 2.082221
v -0.369046 1.812610 2.082221
v -0.850937 2.582769 1.363272
v -1.286840 0.580131 -2.950974
v -1.346409 0.572960 -2.929566
v -1.359130 0.986742 -2.955454
v -1.275396 0.979171 -3.044805
v -1.334666 0.982385 -3.017059
v -1.303271 1.469348 -2.963443
v -1.219466 1.465117 -3.053288
v -1.278746 1.467352 -3.025326
v -1.254949 1.689152 -2.909412
v -1.171315 1.685848 -2.999463
v -1.230464 1.687809 -2.971366
v -0.984886 2.435405 -2.680629
v -0.852365 2.487366 -2.750176
v -0.926704 2.469335 -2.722880
v -0.961384 2.466265 -2.615491
v -0.911747 2.528353 -2.639978
v -0.956687 2.475263 -2.580219
v -0.911480 2.541745 -2.588178
v -0.870176 2.365231 -1.212587
v -0.903191 2.563125 1.431396
v 1.316256 0.505472 -2.950974
v 1.375316 0.494899 -2.929566
v 1.411727 0.907129 -2.955420
v 1.327701 0.904512 -3.044805
v 1.387057 0.904282 -3.017049
v 1.299645 1.392866 -3.053292
v 1.383625 1.392287 -2.963407
v 1.359006 1.391699 -3.025317
v 1.264216 1.615994 -2.999466
v 1.347981 1.614498 -2.909369
v 1.323436 1.614561 -2.971355
v 1.034054 2.432617 -2.749732
v 1.158134 2.370547 -2.679972
v 1.105592 2.409864 -2.722557
v 1.036218 2.503557 -2.663842
v 1.135964 2.406111 -2.615491
v 1.095489 2.470596 -2.639978
v 1.131628 2.415369 -2.580219
v 1.095970 2.483985 -2.588178
v 1.040817 2.309038 -1.212578
v -1.268329 1.222563 -3.045154
v -1.352221 1.227638 -2.959499
v -1.327679 1.225122 -3.020067
v 1.418640 1.148168 -2.959467
v 1.334585 1.147516 -3.045147
v 1.393991 1.146947 -3.020056
v 0.491601 2.520442 1.504610
v -0.348035 2.545193 1.504082
v 0.481287 2.160837 1.811347
v -0.358358 2.185254 1.811083
v -1.208763 1.802388 2.080247
v -1.239107 1.779951 2.071134
v 1.339299 1.705842 2.071073
v 1.311583 1.730102 2.080247
v -0.968213 2.499063 1.453867
v -0.946305 2.499614 1.484936
v 1.124562 2.438476 1.486233
v 1.146175 2.436823 1.454907
v -1.103876 2.158748 1.784328
v -1.077074 2.166225 1.794044
v 1.244033 2.090244 1.785124
v 1.218488 2.099554 1.794707
v -1.299252 1.487626 -2.958950
v -1.365769 0.755277 2.918993
v -1.325181 0.702036 2.938339
v -1.354479 0.718836 2.929781
v -1.324911 0.712151 2.896942
v -1.354320 0.724576 2.906292
v -1.361231 0.913487 2.877735
v -1.319849 0.889166 2.840594
v -1.349385 0.896789 2.851473
v -1.357891 1.029934 2.789711
v -1.317067 0.986524 2.767000
v -1.346436 0.999738 2.773652
v -1.356907 1.064256 2.628439
v -1.316203 1.016869 2.624411
v -1.345533 1.031248 2.625591
v -1.356578 1.064245 2.446710
v -1.316205 1.016870 2.449623
v -1.345438 1.031245 2.448770
v -1.357779 1.033839 2.248255
v -1.317037 0.987789 2.259888
v -1.346379 1.001776 2.256481
v -1.359790 0.963741 2.104427
v -1.318874 0.923564 2.128110
v -1.348269 0.935831 2.121173
v -1.362889 0.855662 2.001194
v -1.321709 0.824417 2.033408
v -1.351185 0.834068 2.023973
v -1.366289 0.730508 1.923856
v -1.325089 0.706070 1.960273
v -1.354576 0.713727 1.949607
v -1.371779 0.545703 1.841656
v -1.331032 0.498204 1.867820
v -1.360395 0.512616 1.860157
v -1.271444 0.555963 -1.245633
v -1.230662 0.508711 -1.277876
v -1.260046 0.523051 -1.268433
v -1.265403 0.766577 -1.297068
v -1.223857 0.744675 -1.335503
v -1.253481 0.751591 -1.324245
v -1.258467 1.008424 -1.463695
v -1.217604 0.960975 -1.484529
v -1.247048 0.975374 -1.478426
v -1.358491 1.008993 -2.297388
v -1.317560 0.961655 -2.277366
v -1.347051 0.976022 -2.283231
v -1.361732 0.896020 -2.380929
v -1.320047 0.871911 -2.343728
v -1.349795 0.879475 -2.354624
v -1.365807 0.749924 -2.427611
v -1.323795 0.737174 -2.386781
v -1.353686 0.741413 -2.398739
v -1.370207 0.600526 -2.452032
v -1.328028 0.584229 -2.409964
v -1.358003 0.590511 -2.421614
v -1.328816 0.549630 -2.433145
v -1.358702 0.564044 -2.439348
v -1.371591 0.552246 -2.883261
v -1.328505 0.551010 -2.885216
v -1.350048 0.551628 -2.884238
v 1.405092 0.675806 2.918993
v 1.361520 0.624979 2.938339
v 1.391732 0.640072 2.929781
v 1.361831 0.635093 2.896942
v 1.391903 0.645812 2.906292
v 1.366922 0.812107 2.840594
v 1.409630 0.834016 2.877735
v 1.396847 0.818024 2.851473
v 1.369725 0.909464 2.767000
v 1.412970 0.950464 2.789711
v 1.399802 0.920973 2.773652
v 1.370601 0.939810 2.624411
v 1.413954 0.984785 2.628439
v 1.400708 0.952483 2.625591
v 1.370603 0.939809 2.449623
v 1.413686 0.984792 2.446710
v 1.400630 0.952485 2.448770
v 1.369768 0.910729 2.259888
v 1.413082 0.954368 2.248255
v 1.399863 0.923011 2.256481
v 1.367921 0.846504 2.128110
v 1.411071 0.884270 2.104427
v 1.397970 0.857066 2.121174
v 1.365068 0.747357 2.033409
v 1.407972 0.776191 2.001194
v 1.395048 0.755303 2.023973
v 1.361660 0.629011 1.960274
v 1.404259 0.651046 1.923856
v 1.391557 0.634966 1.949607
v 1.355678 0.421147 1.867820
v 1.399082 0.466233 1.841656
v 1.385819 0.433852 1.860157
v 1.256076 0.437389 -1.277876
v 1.299499 0.482226 -1.245633
v 1.286234 0.450022 -1.268432
v 1.262807 0.673356 -1.335502
v 1.305540 0.692840 -1.297068
v 1.292778 0.678562 -1.324245
v 1.268962 0.889658 -1.484528
v 1.312476 0.934687 -1.463694
v 1.299182 0.902345 -1.478426
v 1.368793 0.884608 -2.277366
v 1.412369 0.929523 -2.297388
v 1.399058 0.897261 -2.283231
v 1.366131 0.794868 -2.343728
v 1.409129 0.816549 -2.380929
v 1.396263 0.800716 -2.354624
v 1.362151 0.660139 -2.386781
v 1.404890 0.670458 -2.427611
v 1.392255 0.662657 -2.398739
v 1.357611 0.507203 -2.409964
v 1.400654 0.521055 -2.452032
v 1.387897 0.511756 -2.421614
v 1.356414 0.472615 -2.433145
v 1.387078 0.485292 -2.439348
v 1.356183 0.474011 -2.885216
v 1.377726 0.473393 -2.884238
v -1.329612 1.471770 3.008919
v -1.270809 1.540332 2.991282
v -1.305493 1.520751 2.996448
v -1.253474 1.606596 2.868395
v -1.295691 1.605580 2.760563
v -1.283298 1.606799 2.836812
v 1.383920 1.528402 2.761149
v 1.341775 1.532161 2.868395
v 1.371578 1.530560 2.836984
v 1.410052 1.393234 3.008840
v 1.355283 1.465013 2.991282
v 1.388786 1.443489 2.996425
v -1.296328 1.437936 3.091635
v -1.338563 1.437525 3.042988
v -1.326154 1.438316 3.077387
v 1.417046 1.358412 3.043024
v 1.374892 1.361323 3.091635
v 1.404694 1.359970 3.077397
v -1.253449 1.741474 2.055981
v -1.215591 1.727330 2.207444
v -1.244137 1.731974 2.163082
v 1.310875 1.654869 2.207444
v 1.349481 1.666820 2.055981
v 1.339640 1.657869 2.163082
v 1.399270 0.472775 -2.883261
v 1.318225 1.211196 -1.241868
v 1.283755 1.436187 -1.237691
v 1.248528 1.635023 -1.233643
v 1.383882 1.511030 2.030523
v 1.417324 1.321840 1.998905
v -1.296145 1.590534 2.030964
v -1.340583 1.402782 1.999209
v -1.246898 1.291997 -1.242922
v -1.198223 1.520231 -1.238963
v -1.154485 1.703924 -1.235430
v 1.418515 1.164701 -2.487457
v 1.383648 1.403218 -2.503671
v 1.348099 1.618616 -2.518616
v -1.349264 1.253449 -2.487137
v -1.298969 1.497019 -2.503525
v -1.254831 1.693287 -2.517011
v 0.493046 2.570823 1.449792
v -0.346602 2.595147 1.449614
v -1.330963 0.500433 1.343537
v 1.385882 0.436069 1.338725
v 1.399144 0.468420 1.327108
v 1.355738 0.423376 1.343537
v 1.417485 1.300596 1.392380
v 1.383850 1.496140 1.404313
v 1.349287 1.660052 1.413744
v -1.360331 0.514780 1.351316
v -1.371720 0.547764 1.356934
v -1.341685 1.383825 1.429685
v -1.296514 1.578311 1.438264
v -1.253634 1.735023 1.443760
v -1.358459 1.010142 -1.880542
v 0.493844 2.598666 1.363272
v 0.493141 2.574117 -2.708676
v 0.493576 2.589289 -2.591475
v 0.490344 2.476629 -1.213138
v -0.346514 2.598198 -2.708676
v -0.346079 2.613371 -2.591475
v -0.349310 2.500711 -1.213138
v -0.850502 2.558310 -2.663842
v -0.850468 2.573451 -2.591475
v -0.754238 2.457885 -1.213138
v -0.823277 2.427971 -1.212977
v 1.037867 2.527984 1.363272
v 1.036986 2.518687 -2.591475
v 0.934210 2.408840 -1.213138
v 1.000267 2.375083 -1.212974
v -0.855741 0.615774 1.800000
v -0.824205 1.715322 1.800000
v -0.855741 0.615774 -2.700000
v -0.824205 1.715322 -2.700000
v 0.885725 0.565827 1.800000
v 0.917262 1.665375 1.800000
v 0.885725 0.565827 -2.700000
v 0.917262 1.665375 -2.700000
v -0.852587 0.725729 2.900000
v -0.833666 1.385458 3.000000
v 0.888879 0.675782 2.900000
v 0.907801 1.335511 3.000000
v 1.104560 2.504142 1.412511
v 1.086888 2.505376 1.431781
v -0.920063 2.562875 1.411775
v -0.796731 0.367063 -2.696842
v -0.834534 0.407020 -2.699270
v -0.823923 0.379228 -2.697553
v -0.832470 0.478985 -2.703769
v -0.792439 0.516709 -2.706198
v -0.820284 0.506122 -2.705486
v -0.604628 0.400426 -2.699270
v -0.644659 0.362701 -2.696842
v -0.616814 0.373288 -2.697553
v -0.640367 0.512348 -2.706198
v -0.602564 0.472391 -2.703769
v -0.613175 0.500182 -2.705486
v -0.708600 0.437801 -2.701417
v -0.662959 0.388188 -2.698400
v -0.695806 0.403278 -2.699284
v -0.660098 0.487952 -2.704637
v -0.693755 0.474769 -2.703753
v -0.608641 0.434934 -2.701417
v -0.623393 0.401201 -2.699284
v -0.621343 0.472692 -2.703753
v -0.623249 0.299420 -2.994385
v -0.633367 0.318963 -3.012695
v -0.690432 0.320822 -3.012907
v -0.701784 0.301673 -2.994385
v -0.664384 0.328067 -3.020509
v -0.691453 0.279889 -2.973948
v -0.666015 0.271214 -2.966391
v -0.634688 0.278489 -2.974164
v -0.828551 0.441242 -2.701417
v -0.782910 0.391628 -2.698400
v -0.815756 0.406718 -2.699284
v -0.780049 0.491392 -2.704637
v -0.813706 0.478210 -2.703753
v -0.728592 0.438375 -2.701417
v -0.743344 0.404641 -2.699284
v -0.741293 0.476133 -2.703753
v -0.743199 0.302861 -2.994385
v -0.753317 0.322403 -3.012695
v -0.810383 0.324262 -3.012907
v -0.821734 0.305113 -2.994385
v -0.784335 0.331508 -3.020509
v -0.811404 0.283330 -2.973948
v -0.785965 0.274654 -2.966391
v -0.754639 0.281929 -2.974164
v -1.353321 0.494135 3.070005
v 0.062335 2.554727 -2.259537
v 0.102319 2.553606 -2.259296
v 0.062306 2.547518 -2.288249
v 0.082277 2.541991 -2.307911
v 0.068147 2.543843 -2.302203
v 0.085134 2.636928 -2.340271
v 0.076843 2.639252 -2.331992
v 0.079327 2.637689 -2.337925
v 0.102289 2.546397 -2.288009
v 0.096419 2.543050 -2.302033
v 0.093442 2.638787 -2.331892
v 0.090946 2.637363 -2.337855
v 0.062621 2.560680 -2.235793
v 0.068667 2.564905 -2.218254
v 0.085101 2.640972 -2.324169
v 0.079212 2.640553 -2.326531
v 0.102082 2.559574 -2.235555
v 0.081913 2.566354 -2.210924
v 0.096072 2.564137 -2.218089
v 0.091093 2.640215 -2.326479
v 0.105135 2.638477 -2.331749
v 0.099313 2.642016 -2.318340
v 0.085092 2.643813 -2.312856
v 0.071000 2.642810 -2.318510
v 0.065151 2.639598 -2.331990
v 0.070992 2.635922 -2.345943
v 0.085122 2.634071 -2.351652
v 0.099265 2.635129 -2.345773
v -1.342317 1.319407 3.060533
v -1.340563 1.368868 3.060631
v -1.303553 1.377899 3.106598
v -1.307181 1.328627 3.105903
v -1.334910 1.326349 3.092463
v -1.331884 1.375749 3.093133
v 1.415100 1.289863 3.060639
v 1.414013 1.240383 3.060541
v 1.379463 1.251572 3.105903
v 1.378664 1.300970 3.106598
v 1.406826 1.297208 3.093135
v 1.407015 1.247717 3.092464
v -0.708631 0.436711 -2.719207
v -0.711298 0.343736 -2.947123
v -0.709073 0.421308 -2.797812
v -0.710049 0.387277 -2.881236
v -0.665605 0.295955 -2.923944
v -0.662958 0.388228 -2.697182
v -0.664328 0.340481 -2.858902
v -0.663359 0.374255 -2.775901
v -0.695811 0.403106 -2.703354
v -0.698483 0.309927 -2.930528
v -0.696227 0.388576 -2.782152
v -0.697205 0.354471 -2.865304
v -0.660192 0.484674 -2.743168
v -0.662965 0.387995 -2.969360
v -0.660680 0.467672 -2.821068
v -0.661695 0.432285 -2.903861
v -0.696591 0.375906 -2.962959
v -0.693830 0.472156 -2.736713
v -0.695319 0.420250 -2.897513
v -0.694308 0.455481 -2.814701
v -0.611339 0.340874 -2.947118
v -0.608672 0.433843 -2.719218
v -0.610090 0.384412 -2.881234
v -0.609114 0.418441 -2.797817
v -0.623398 0.401029 -2.703359
v -0.626071 0.307853 -2.930524
v -0.623815 0.386500 -2.782155
v -0.624793 0.352395 -2.865303
v -0.621418 0.470078 -2.736731
v -0.624178 0.373834 -2.962953
v -0.621896 0.453404 -2.814709
v -0.622906 0.418176 -2.897512
v -0.828582 0.440151 -2.719207
v -0.831248 0.347177 -2.947123
v -0.829024 0.424748 -2.797812
v -0.830000 0.390717 -2.881236
v -0.785555 0.299396 -2.923944
v -0.782909 0.391669 -2.697182
v -0.784278 0.343921 -2.858902
v -0.783309 0.377695 -2.775901
v -0.815761 0.406546 -2.703354
v -0.818434 0.313367 -2.930528
v -0.816178 0.392017 -2.782152
v -0.817156 0.357911 -2.865304
v -0.780143 0.488114 -2.743168
v -0.782915 0.391435 -2.969360
v -0.780630 0.471112 -2.821068
v -0.781645 0.435725 -2.903861
v -0.816541 0.379346 -2.962959
v -0.813781 0.475596 -2.736713
v -0.815269 0.423691 -2.897513
v -0.814259 0.458921 -2.814701
v -0.731289 0.344314 -2.947118
v -0.728623 0.437283 -2.719218
v -0.730041 0.387852 -2.881234
v -0.729065 0.421881 -2.797817
v -0.743349 0.404469 -2.703359
v -0.746021 0.311294 -2.930524
v -0.743766 0.389940 -2.782155
v -0.744744 0.355836 -2.865303
v -0.741368 0.473518 -2.736731
v -0.744129 0.377275 -2.962953
v -0.741847 0.456844 -2.814709
v -0.742857 0.421616 -2.897512
v -0.612534 0.299223 -2.994489
v -0.625595 0.324449 -3.018125
v -0.698007 0.326526 -3.018125
v -0.712492 0.302090 -2.994489
v -0.664460 0.335858 -3.027915
v -0.699494 0.274680 -2.968774
v -0.666537 0.263441 -2.958984
v -0.627082 0.272603 -2.968774
v -0.732484 0.302663 -2.994489
v -0.745545 0.327889 -3.018125
v -0.817957 0.329966 -3.018125
v -0.832443 0.305530 -2.994489
v -0.784411 0.339298 -3.027915
v -0.819444 0.278121 -2.968774
v -0.786488 0.266881 -2.958984
v -0.747032 0.276044 -2.968774
v -0.823905 0.379852 -2.687572
v -0.796713 0.367686 -2.686862
v -0.834516 0.407643 -2.689290
v -0.792421 0.517333 -2.696217
v -0.820266 0.506746 -2.695505
v -0.832452 0.479608 -2.693789
v -0.644641 0.363325 -2.686862
v -0.616796 0.373912 -2.687572
v -0.604610 0.401049 -2.689290
v -0.613157 0.500806 -2.695505
v -0.640349 0.512971 -2.696217
v -0.602546 0.473014 -2.693789
v -0.816764 0.363310 -2.370938
v -0.854117 0.380022 -2.371915
v -0.868693 0.418199 -2.374273
v -0.811062 0.562128 -2.383367
v -0.849311 0.547585 -2.382390
v -0.866051 0.510306 -2.380031
v -0.624874 0.357807 -2.370938
v -0.586625 0.372350 -2.371915
v -0.569885 0.409628 -2.374273
v -0.619172 0.556624 -2.383367
v -0.581819 0.539913 -2.382390
v -0.567243 0.501736 -2.380031
v -0.843199 0.367481 -2.680946
v -0.827873 0.376614 -2.697383
v -0.838479 0.369890 -2.692305
v -0.799150 0.363912 -2.696641
v -0.808993 0.352178 -2.680051
v -0.805945 0.355379 -2.691457
v -0.856547 0.402441 -2.683106
v -0.839134 0.405862 -2.699190
v -0.851189 0.403109 -2.694357
v -0.803771 0.534244 -2.691434
v -0.794673 0.519993 -2.706399
v -0.800952 0.529480 -2.702341
v -0.824077 0.508959 -2.705657
v -0.838798 0.520926 -2.690539
v -0.834264 0.516856 -2.701493
v -0.836996 0.480404 -2.703850
v -0.854127 0.486788 -2.688379
v -0.848857 0.484420 -2.699440
v -0.633270 0.347138 -2.680051
v -0.642425 0.359417 -2.696641
v -0.636129 0.350508 -2.691457
v -0.613021 0.370452 -2.697383
v -0.598244 0.360455 -2.680946
v -0.602818 0.363131 -2.692305
v -0.600102 0.399006 -2.699190
v -0.582914 0.394593 -2.683106
v -0.588224 0.395567 -2.694357
v -0.593843 0.513901 -2.690539
v -0.609225 0.502796 -2.705657
v -0.598603 0.510097 -2.701493
v -0.637948 0.515498 -2.706399
v -0.628049 0.529204 -2.691434
v -0.631136 0.524609 -2.702341
v -0.580495 0.478940 -2.688379
v -0.597965 0.473549 -2.703850
v -0.585892 0.476878 -2.699440
v -0.789211 0.455002 -2.051081
v -0.841405 0.443866 -2.082618
v -0.829745 0.447476 -2.060006
v -0.785578 0.451162 -2.050847
v -0.798698 0.398724 -2.079879
v -0.795133 0.410891 -2.057784
v -0.788191 0.452331 -2.050915
v -0.829418 0.412468 -2.080680
v -0.820030 0.422030 -2.058434
v -0.783800 0.513158 -2.054723
v -0.794008 0.562238 -2.090101
v -0.791065 0.552732 -2.066652
v -0.787647 0.509532 -2.054490
v -0.839233 0.519618 -2.087353
v -0.827717 0.518190 -2.064427
v -0.786476 0.512140 -2.054655
v -0.825465 0.550277 -2.089295
v -0.816560 0.543038 -2.066000
v -0.650974 0.447301 -2.050847
v -0.640881 0.394197 -2.079879
v -0.643743 0.406549 -2.057784
v -0.647127 0.450926 -2.051081
v -0.595656 0.436818 -2.082618
v -0.607090 0.441090 -2.060006
v -0.648298 0.448318 -2.050915
v -0.609424 0.406159 -2.080680
v -0.618248 0.416242 -2.058435
v -0.645563 0.505457 -2.054490
v -0.593484 0.512570 -2.087353
v -0.605062 0.511804 -2.064427
v -0.649196 0.509297 -2.054723
v -0.636191 0.557712 -2.090101
v -0.639675 0.548390 -2.066652
v -0.646582 0.508128 -2.054655
v -0.605471 0.543968 -2.089295
v -0.614777 0.537251 -2.066000
v -0.789342 0.434744 -2.049815
v -0.801216 0.440056 -2.050126
v -0.805849 0.452192 -2.050876
v -0.798776 0.525141 -2.055445
v -0.786617 0.529764 -2.055755
v -0.804097 0.513291 -2.054695
v -0.635998 0.435318 -2.050126
v -0.648157 0.430695 -2.049815
v -0.630677 0.447168 -2.050876
v -0.645431 0.525715 -2.055755
v -0.633557 0.520403 -2.055445
v -0.628924 0.508267 -2.054695
v -0.783936 0.508398 -1.134528
v -0.786550 0.509568 -1.134596
v -0.787570 0.512239 -1.134761
v -0.784834 0.569377 -1.138335
v -0.782158 0.570395 -1.138403
v -0.786005 0.566769 -1.138170
v -0.646656 0.505555 -1.134596
v -0.649332 0.504538 -1.134528
v -0.645485 0.508163 -1.134761
v -0.647554 0.566534 -1.138403
v -0.644941 0.565365 -1.138335
v -0.643921 0.562694 -1.138170
v 0.157834 2.876550 -2.618015
v 0.155124 2.881968 -2.618383
v 0.149348 2.884043 -2.620417
v 0.144127 2.881352 -2.622849
v 0.152652 2.874373 -2.628065
v 0.142471 2.875662 -2.624256
v 0.145362 2.869716 -2.623899
v 0.150975 2.867593 -2.621949
v 0.156116 2.870338 -2.619530
v -1.407882 0.445422 3.060051
v -1.380481 0.363243 3.060051
v 1.348053 0.362916 3.060051
v 1.435003 0.504660 3.060051
v 1.411049 0.421411 3.060051
v -1.407882 0.445422 2.906183
v -1.380481 0.363243 2.910051
v 1.435003 0.504660 2.905927
v -1.380481 0.363243 3.110051
v 1.411049 0.421411 3.110051
v -1.335151 0.620084 2.985051
v -1.409158 0.543527 3.060051
v -1.387886 0.597013 3.038084
v 1.355059 0.676140 2.985051
v 1.432191 0.602733 3.060051
v 1.408709 0.655287 3.038084
v -1.409158 0.543527 2.887369
v -1.335151 0.620084 2.875684
v -1.387886 0.597013 2.880075
v 1.355059 0.676140 2.875684
v 1.432191 0.602733 2.887369
v 1.408709 0.655287 2.879808
v -1.315103 0.307423 2.962704
v -1.334252 0.323772 2.923521
v 1.348053 0.362916 2.962601
v 1.410972 0.421340 2.910727
v 1.366481 0.380028 2.923646
v -1.391322 0.395756 3.110051
v -1.403032 0.430875 3.095407
v -1.315103 0.307423 3.060051
v -1.372281 0.356242 3.110051
v -1.331850 0.321722 3.095407
v 1.420526 0.454347 3.110051
v 1.430762 0.489924 3.095407
v 1.403148 0.414075 3.110051
v 1.364190 0.377900 3.095407
v 1.419891 1.870421 1.871452
v 1.418208 1.843794 1.871698
v 1.393164 1.866711 1.878582
v 1.373554 1.851840 1.883720
v 1.365457 1.829468 1.885717
v 1.363010 1.765351 1.885880
v 1.355754 1.751225 1.877362
v 1.354533 1.564154 1.876252
v 1.385410 1.571208 1.868036
v 1.406373 1.589132 1.862559
v 1.409622 1.724667 1.862730
v 1.382077 1.765815 1.880777
v 1.384584 1.828276 1.880585
v 1.392062 1.843940 1.878702
v 1.427653 1.870199 1.900429
v 1.425969 1.843571 1.900676
v 1.400926 1.866488 1.907560
v 1.381315 1.851617 1.912698
v 1.373218 1.829245 1.914694
v 1.370771 1.765129 1.914858
v 1.368690 1.750854 1.925658
v 1.416722 1.588835 1.901196
v 1.410110 1.744502 1.908807
v 1.395725 1.746899 1.918387
v 1.389838 1.765593 1.909754
v 1.392345 1.828053 1.909562
v 1.399823 1.843717 1.907680
v 1.352582 1.741283 1.867782
v 1.382789 1.747270 1.870090
v 1.378824 1.737444 1.860724
v 1.313599 1.747123 1.878268
v 1.306764 1.755466 1.890515
v 1.308645 1.574394 1.878268
v 1.301283 1.564358 1.890516
v 1.350929 1.574232 1.866942
v 1.378481 1.580526 1.859611
v 1.394239 1.594000 1.855493
v 1.397316 1.722360 1.855655
v 1.390499 1.735709 1.857584
v 1.399335 1.744811 1.865640
v 1.405803 1.735278 1.923274
v 1.411530 1.721955 1.918998
v 1.419957 1.724371 1.902215
v 1.408361 1.593590 1.918639
v 1.394932 1.580045 1.927766
v 1.396968 1.570876 1.914569
v 1.371306 1.573632 1.943673
v 1.369751 1.563717 1.933372
v 1.332774 1.573679 1.970604
v 1.321607 1.563775 1.966395
v 1.337759 1.746273 1.970614
v 1.327063 1.754884 1.966300
v 1.373663 1.740687 1.945878
v 1.371488 1.750773 1.935832
v -1.256939 1.840494 1.885880
v -1.250505 1.825975 1.877362
v -1.260008 1.639142 1.876252
v -1.290430 1.647954 1.868036
v -1.310332 1.667049 1.862559
v -1.305807 1.802549 1.862730
v -1.275948 1.842050 1.880777
v -1.264700 1.840717 1.914858
v -1.263441 1.826346 1.925658
v -1.320680 1.667346 1.901196
v -1.305157 1.822378 1.908807
v -1.290658 1.823947 1.918387
v -1.283709 1.842273 1.909754
v -1.247908 1.815867 1.867782
v -1.277722 1.823576 1.870090
v -1.274327 1.813539 1.860724
v -1.208655 1.819463 1.878268
v -1.201353 1.827402 1.890516
v -1.213609 1.646735 1.878268
v -1.206834 1.636294 1.890516
v -1.255832 1.648997 1.866942
v -1.282978 1.656859 1.859611
v -1.297938 1.671214 1.855493
v -1.293653 1.799540 1.855655
v -1.286082 1.812476 1.857584
v -1.294383 1.822069 1.865640
v -1.301386 1.812923 1.923274
v -1.307867 1.799950 1.918998
v -1.316141 1.802845 1.902215
v -1.312060 1.671615 1.918639
v -1.299430 1.657323 1.927766
v -1.301988 1.648285 1.914569
v -1.276210 1.649565 1.943673
v -1.275226 1.639578 1.933372
v -1.237739 1.647404 1.970604
v -1.227158 1.636876 1.966395
v -1.232824 1.820000 1.970614
v -1.221651 1.827984 1.966300
v -1.268988 1.816481 1.945878
v -1.266239 1.826426 1.935832
v 1.288153 0.169420 -3.110265
v 1.389796 0.301027 -3.110265
v 1.357056 0.220826 -3.110265
v -1.295868 0.393680 -3.110265
v -1.373319 0.540829 -3.110264
v -1.354886 0.456187 -3.110265
v 1.389796 0.301027 -2.917380
v -1.373319 0.540829 -2.917379
v 1.357056 0.220826 -3.160265
v -1.354886 0.456187 -3.160265
v 1.328695 0.480089 -3.035265
v 1.397514 0.398836 -3.110265
v 1.379801 0.453604 -3.088298
v -1.282284 0.706688 -3.035264
v -1.364072 0.638506 -3.110264
v -1.337188 0.689404 -3.088297
v 1.397514 0.398836 -2.943289
v 1.328695 0.480089 -2.960265
v 1.379801 0.453604 -2.960265
v -1.282284 0.706688 -2.960264
v -1.364072 0.638506 -2.943289
v -1.337188 0.689404 -2.960264
v 0.016029 0.337210 -3.230265
v 0.031665 0.517374 -3.180264
v 0.036250 0.570207 -3.158298
v 0.038150 0.592091 -3.105265
v 0.038150 0.592091 -3.030265
v 0.023172 0.419513 -2.987380
v 1.356876 0.220691 -2.892363
v 1.288153 0.169420 -2.949574
v 1.308281 0.184437 -2.909120
v -1.295868 0.393680 -2.949573
v -1.354736 0.456029 -2.892363
v -1.313110 0.411942 -2.909119
v 0.011086 0.280253 -3.019574
v 0.016025 0.337167 -2.962363
v 0.012533 0.296923 -2.979120
v 1.370041 0.252634 -3.160265
v 1.384010 0.286853 -3.145624
v 1.348212 0.214227 -3.160265
v 1.305744 0.182544 -3.145621
v -1.362197 0.489757 -3.160264
v -1.370061 0.525871 -3.145623
v -1.347315 0.448169 -3.160265
v -1.310936 0.409639 -3.145620
v 0.015403 0.329992 -3.230265
v 0.011086 0.280253 -3.180267
v 0.012350 0.294821 -3.215621
v 0.023182 0.419631 -3.180276
v 0.018866 0.369892 -3.230265
v 0.021918 0.405063 -3.215623
v 0.094198 2.820508 -2.445412
v 0.098264 2.816301 -2.447026
v 0.098086 2.810753 -2.450634
v 0.087890 2.821409 -2.446515
v 0.083328 2.818331 -2.449698
v 0.083087 2.813234 -2.453027
v 0.087462 2.808607 -2.454836
v 0.093615 2.807644 -2.453821
vn 0.0271 0.1110 -0.9934
vn 0.0366 0.2606 -0.9647
vn 0.2508 0.3008 -0.9201
vn 0.2344 0.1331 -0.9630
vn -0.0285 -0.9941 -0.1047
vn -0.0242 -0.8433 -0.5369
vn -0.0104 -0.3613 0.9324
vn -0.0253 -0.8821 0.4705
vn -0.0286 -0.9967 0.0760
vn 0.9198 0.3914 0.0267
vn 0.9756 0.2153 0.0437
vn 0.9427 0.2574 -0.2125
vn 0.8986 0.3862 -0.2083
vn 0.9085 0.4119 -0.0707
vn 0.0456 -0.9746 -0.2193
vn 0.1238 -0.5980 -0.7919
vn 0.5002 -0.5589 -0.6614
vn 0.8376 -0.5121 -0.1900
vn 0.0047 -0.6232 -0.7820
vn -0.0274 -0.9555 -0.2938
vn 0.0196 -0.1235 -0.9921
vn 0.2414 -0.0032 -0.9704
vn 0.2140 -0.1215 -0.9692
vn -0.0274 -0.9541 0.2983
vn -0.9910 0.1316 0.0228
vn -0.9764 0.2130 0.0352
vn -0.9504 0.2501 -0.1851
vn -0.9538 0.2219 -0.2026
vn -0.9701 0.1499 -0.1909
vn -0.0231 -0.8071 0.5900
vn -0.0210 -0.7305 -0.6826
vn -0.0132 -0.4594 -0.8881
vn -0.0175 -0.6111 0.7913
vn 0.0698 0.5685 -0.8197
vn 0.2784 0.5560 -0.7832
vn 0.7030 0.7108 -0.0242
vn 0.6845 0.7287 0.0220
vn 0.9204 0.3907 0.0175
vn 0.9871 0.1559 0.0351
vn 0.9645 0.1698 -0.2021
vn 0.0226 0.7892 0.6138
vn 0.0134 0.4672 0.8841
vn -0.0241 -0.8393 0.5431
vn -0.0134 -0.4668 0.8843
vn -0.0287 -0.9996 -0.0043
vn -0.8763 0.4814 0.0177
vn -0.7866 0.5881 0.1884
vn -0.5497 0.8258 0.1259
vn -0.6241 0.7810 0.0219
vn -0.0278 -0.9710 -0.2374
vn 0.0270 0.9397 0.3409
vn -0.0131 -0.4553 0.8902
vn -0.0253 -0.8823 0.4700
vn -0.0065 -0.2277 0.9737
vn -0.7544 -0.6561 -0.0173
vn -0.7181 -0.5276 -0.4538
vn -0.5021 -0.6671 -0.5503
vn -0.4419 -0.8970 -0.0131
vn -0.1192 0.9487 0.2927
vn 0.1739 0.9398 0.2942
vn -0.0257 -0.8947 -0.4460
vn -0.0117 -0.4087 -0.9126
vn -0.0262 0.9923 0.1210
vn 0.0793 0.9894 0.1220
vn 0.0840 0.9963 0.0176
vn -0.0312 0.9994 0.0176
vn -0.0227 -0.7906 -0.6119
vn -0.0098 0.6291 0.7773
vn 0.0087 0.6817 0.7316
vn 0.0302 0.6809 0.7317
vn 0.0450 0.6270 0.7777
vn -0.0221 0.2627 -0.9646
vn -0.0207 0.1124 -0.9934
vn -0.0266 -0.1222 -0.9921
vn -0.0404 -0.6219 -0.7820
vn -0.1014 -0.9704 -0.2193
vn -0.0210 0.6907 0.7229
vn 0.0584 0.6875 0.7238
vn 0.0697 0.8600 0.5055
vn -0.0232 0.8635 0.5038
vn -0.2439 0.5746 -0.7813
vn -0.2849 0.8757 -0.3899
vn -0.0395 0.9198 -0.3903
vn -0.0402 0.5725 -0.8189
vn -0.3324 0.7175 0.6121
vn -0.2335 0.8554 0.4623
vn -0.9510 0.3081 -0.0254
vn -0.9484 0.3166 0.0193
vn -0.8252 0.5164 0.2287
vn -0.7858 0.5436 0.2949
vn -0.8656 -0.4633 -0.1900
vn -0.5314 -0.5293 -0.6614
vn -0.1578 -0.5899 -0.7919
vn -0.2206 -0.1090 -0.9692
vn -0.2412 0.0107 -0.9704
vn -0.2265 0.1463 -0.9630
vn 0.9968 0.0793 -0.0038
vn 1.0000 -0.0100 -0.0002
vn 0.9999 -0.0138 -0.0033
vn 0.9977 0.0591 0.0322
vn 0.9806 0.0522 -0.1892
vn -0.2343 0.3204 -0.9178
vn -0.9995 0.0311 0.0001
vn -0.9788 0.0679 -0.1931
vn -0.9772 0.0064 -0.2122
vn 0.0878 0.9164 -0.3905
vn 0.3311 0.8580 -0.3927
vn 0.0031 0.1089 0.9940
vn -0.9554 0.2921 0.0431
vn -0.9193 0.3296 -0.2150
vn -0.7264 0.0717 -0.6835
vn -0.3192 0.7433 0.5878
vn -0.5960 0.7710 0.2245
vn -0.9991 0.0361 0.0225
vn -0.9869 0.0636 0.1482
vn -0.9526 0.2537 0.1681
vn -0.9991 0.0416 0.0099
vn -0.2906 0.6733 0.6799
vn -0.6921 -0.0617 -0.7192
vn 0.3701 0.7149 0.5932
vn 0.3367 0.6470 0.6841
vn -0.6886 0.2131 -0.6931
vn -0.6536 0.3714 -0.6594
vn -0.8508 0.4783 -0.2176
vn -0.5811 0.5876 -0.5630
vn -0.8598 0.5045 -0.0783
vn -0.6191 0.7372 -0.2708
vn -0.8737 0.4860 0.0220
vn -0.6437 0.7648 -0.0274
vn 0.3254 0.9446 -0.0434
vn 0.2934 0.9558 0.0203
vn 0.7132 -0.7008 -0.0154
vn 0.6848 -0.5701 -0.4539
vn 0.9450 -0.2485 -0.2126
vn 0.9261 -0.3765 -0.0233
vn 0.6875 -0.1012 -0.7191
vn 0.6996 0.1733 -0.6932
vn 0.7294 0.0299 -0.6834
vn 0.6781 0.3214 -0.6610
vn 0.6333 0.5316 -0.5624
vn 0.6794 0.6832 -0.2677
vn -0.8484 -0.5192 -0.1029
vn -0.6726 -0.7355 0.0816
vn -0.8406 -0.5049 0.1958
vn -0.7238 -0.6187 0.3055
vn -0.7360 -0.6349 -0.2348
vn 0.3752 0.6891 0.6200
vn 0.9757 -0.0510 -0.2130
vn -0.1846 0.9802 0.0713
vn 0.6474 0.7276 0.2269
vn 0.8691 0.4365 0.2325
vn 0.8322 0.4669 0.2990
vn 0.8314 0.5185 0.1998
vn 0.9706 0.2397 0.0193
vn -0.9235 -0.1455 -0.3549
vn -0.7079 -0.5120 -0.4866
vn -0.6646 -0.7248 -0.1816
vn -0.4653 -0.6460 -0.6051
vn -0.4374 -0.8729 -0.2162
vn -0.9224 -0.1509 -0.3556
vn -0.7336 -0.2896 -0.6148
vn -0.4064 -0.4079 -0.8176
vn -0.9476 -0.2637 -0.1802
vn -0.7977 -0.5008 -0.3359
vn -0.4474 -0.7469 -0.4919
vn -0.9463 -0.3212 -0.0370
vn -0.7634 -0.6421 -0.0703
vn -0.4415 -0.8921 -0.0957
vn -0.9467 -0.3212 0.0263
vn -0.7602 -0.6477 0.0510
vn -0.4413 -0.8947 0.0694
vn -0.9457 -0.3079 0.1040
vn -0.7678 -0.6094 0.1979
vn -0.4399 -0.8555 0.2732
vn -0.9418 -0.2635 0.2088
vn -0.7633 -0.5136 0.3919
vn -0.4294 -0.7227 0.5416
vn -0.9359 -0.2002 0.2898
vn -0.7425 -0.3963 0.5400
vn -0.4125 -0.5478 0.7278
vn -0.9323 -0.1488 0.3295
vn -0.7309 -0.3023 0.6119
vn -0.4027 -0.4174 0.8146
vn -0.9570 -0.2279 0.1794
vn -0.7182 -0.5751 0.3917
vn -0.4847 -0.7342 0.4753
vn -0.9514 0.3073 0.0173
vn 0.9732 0.2294 0.0169
vn 0.9726 0.2311 -0.0249
vn 0.9827 0.1837 -0.0227
vn 0.9856 0.1680 0.0164
vn -0.9586 -0.1896 -0.2124
vn -0.9322 -0.1278 -0.3386
vn -0.7454 -0.2542 -0.6163
vn -0.4037 -0.3616 -0.8404
vn -0.4719 -0.7777 -0.4152
vn -0.4589 -0.7809 0.4239
vn 0.4266 -0.8035 -0.4152
vn 0.4134 -0.8059 0.4239
vn 0.7854 -0.5314 0.3175
vn 0.7994 -0.5564 -0.2268
vn -0.9324 -0.1457 0.3308
vn -0.7431 -0.2877 0.6042
vn -0.4035 -0.4049 0.8205
vn -0.9281 -0.0615 0.3672
vn -0.7230 -0.1386 0.6768
vn -0.3880 -0.1988 0.9000
vn -0.9105 -0.3384 0.2376
vn -0.6971 -0.2398 0.6757
vn -0.4011 -0.3256 0.8562
vn -0.6104 -0.7119 0.3472
vn -0.3804 -0.8218 0.4243
vn -0.9404 0.3326 0.0704
vn 0.3867 -0.8965 -0.2162
vn 0.4275 -0.6716 -0.6051
vn 0.6774 -0.5517 -0.4866
vn 0.6219 -0.7617 -0.1815
vn 0.9137 -0.1982 -0.3549
vn 0.3823 -0.4306 -0.8176
vn 0.7158 -0.3312 -0.6148
vn 0.9122 -0.2036 -0.3556
vn 0.4039 -0.7713 -0.4919
vn 0.7677 -0.5457 -0.3359
vn 0.9310 -0.3175 -0.1802
vn 0.3896 -0.9160 -0.0957
vn 0.7252 -0.6849 -0.0703
vn 0.9262 -0.3752 -0.0369
vn 0.3892 -0.9185 0.0694
vn 0.7216 -0.6904 0.0510
vn 0.9265 -0.3754 0.0263
vn 0.3901 -0.8793 0.2732
vn 0.7315 -0.6525 0.1979
vn 0.9264 -0.3619 0.1039
vn 0.3873 -0.7461 0.5416
vn 0.7326 -0.5565 0.3919
vn 0.9251 -0.3170 0.2088
vn 0.3804 -0.5706 0.7278
vn 0.7184 -0.4382 0.5402
vn 0.9228 -0.2536 0.2902
vn 0.3780 -0.4398 0.8147
vn 0.7121 -0.3438 0.6122
vn 0.9220 -0.2023 0.3301
vn 0.4418 -0.7608 0.4754
vn 0.6840 -0.6154 0.3918
vn 0.9423 -0.2826 0.1796
vn 0.3880 -0.9216 -0.0112
vn 0.4615 -0.6957 -0.5505
vn 0.9971 0.0725 -0.0209
vn 0.9977 0.0659 0.0133
vn 0.3823 -0.3841 -0.8404
vn 0.7296 -0.2965 -0.6163
vn 0.9234 -0.1810 -0.3386
vn 0.9431 -0.3216 -0.0843
vn 0.9255 -0.3180 0.2057
vn 0.3796 -0.4274 0.8205
vn 0.7253 -0.3297 0.6044
vn 0.9224 -0.1989 0.3312
vn 0.3758 -0.2207 0.9000
vn 0.7136 -0.1799 0.6771
vn 0.9228 -0.1148 0.3678
vn 0.3817 -0.3481 0.8562
vn 0.6821 -0.2795 0.6758
vn 0.8895 -0.3902 0.2378
vn 0.3327 -0.8422 0.4243
vn 0.5686 -0.7458 0.3472
vn 0.9256 0.3162 0.2078
vn -0.8476 0.5268 0.0626
vn -0.9153 0.3805 0.1321
vn -0.6270 0.6669 0.4027
vn -0.5621 0.8013 0.2049
vn -0.3771 0.7958 0.4739
vn -0.3385 0.8801 0.3330
vn 0.9357 0.3272 0.1319
vn 0.8772 0.4760 0.0624
vn 0.6075 0.7675 0.2049
vn 0.6643 0.6298 0.4026
vn 0.3884 0.8593 0.3327
vn 0.4221 0.7728 0.4739
vn -0.5597 -0.1962 0.8051
vn -0.7419 -0.0655 0.6674
vn -0.9833 0.0065 0.1819
vn -0.9492 -0.0451 0.3113
vn 0.9998 -0.0157 0.0099
vn 0.9656 0.1984 0.1681
vn 0.9889 0.0069 0.1483
vn 0.9995 -0.0213 0.0226
vn 0.7368 -0.1079 0.6674
vn 0.5476 -0.2279 0.8051
vn 0.9451 -0.0995 0.3113
vn 0.9820 -0.0499 0.1820
vn -0.6762 0.4303 0.5980
vn -0.7493 0.1241 0.6505
vn -0.4306 0.1488 0.8902
vn -0.3767 0.4881 0.7873
vn 0.7551 0.0809 0.6506
vn 0.6997 0.3908 0.5980
vn 0.4040 0.4659 0.7872
vn 0.4383 0.1239 0.8903
vn -0.9742 0.2250 0.0167
vn -0.9704 0.2405 -0.0224
vn 0.9996 -0.0219 -0.0195
vn 0.9993 -0.0225 -0.0311
vn 0.2391 0.9683 0.0723
vn 0.9996 -0.0256 0.0106
vn 0.9981 -0.0273 0.0552
vn 0.9982 -0.0284 0.0525
vn 0.0827 0.9961 -0.0299
vn 0.9809 0.1944 -0.0047
vn 0.9998 -0.0211 -0.0026
vn -0.9680 0.2510 -0.0046
vn -0.9906 0.1366 -0.0039
vn -0.9989 0.0478 -0.0003
vn -0.9922 0.1223 0.0238
vn -0.9913 0.1301 -0.0206
vn -0.9989 0.0360 -0.0300
vn -0.9992 0.0363 -0.0195
vn -0.9473 -0.3199 -0.0176
vn -0.0040 -0.1389 0.9903
vn 0.9996 -0.0282 0.0001
vn -0.9993 0.0335 0.0167
vn 0.2913 0.8371 0.4630
vn 0.6145 0.7782 0.1293
vn -0.9993 0.0367 -0.0027
vn -0.4001 -0.2255 0.8883
vn -0.4220 -0.0910 0.9020
vn -0.9988 0.0494 -0.0003
vn -0.9990 0.0443 -0.0033
vn -0.9991 0.0412 -0.0103
vn -0.9990 0.0407 -0.0198
vn -0.9988 0.0410 -0.0251
vn 1.0000 -0.0082 -0.0001
vn 0.4160 -0.1151 0.9020
vn 0.3865 -0.2481 0.8883
vn 0.9998 -0.0166 -0.0098
vn 0.9997 -0.0172 -0.0183
vn 0.9996 -0.0167 -0.0249
vn 0.9996 -0.0278 -0.0028
vn 0.9996 -0.0279 -0.0028
vn -0.9897 -0.0607 0.1298
vn -0.9848 0.1505 0.0862
vn -0.9994 0.0356 -0.0027
vn -0.9994 0.0319 -0.0099
vn -0.9994 0.0314 -0.0120
vn -0.0296 0.9991 -0.0298
vn -0.2407 0.9704 0.0203
vn -0.2754 0.9603 -0.0433
vn -0.9996 0.0287 -0.0000
vn -0.0000 -0.0000 -1.0000
vn 0.9996 -0.0287 -0.0000
vn -0.0287 -0.9996 -0.0000
vn 0.0287 0.9996 -0.0000
vn -0.0043 -0.1497 0.9887
vn -0.0285 -0.9946 0.0995
vn 0.0276 0.9638 0.2652
vn -0.9816 -0.1587 0.1058
vn -0.9706 0.2264 0.0817
vn -0.9742 0.2251 0.0134
vn -0.9854 -0.1657 0.0378
vn 0.7294 0.6839 -0.0187
vn 0.7204 0.6918 0.0486
vn 0.9820 0.1704 0.0817
vn 0.9855 0.1689 0.0134
vn -0.6796 0.7320 0.0486
vn -0.6890 0.7246 -0.0187
vn -0.0018 -0.0624 -0.9981
vn -0.0018 -0.0623 -0.9981
vn 0.2231 0.9729 -0.0612
vn 0.7271 0.6852 -0.0441
vn -0.1608 0.9869 0.0090
vn -0.1708 0.9844 -0.0418
vn -0.9748 0.2228 -0.0122
vn -0.9860 -0.1665 0.0122
vn -0.0018 -0.0624 -0.9980
vn 0.1709 -0.9820 0.0804
vn 0.1643 -0.9860 0.0296
vn 0.6842 -0.7293 0.0023
vn 0.6891 -0.7214 0.0691
vn 0.9740 -0.2247 -0.0302
vn 0.9851 0.1632 -0.0544
vn 0.9743 -0.2219 0.0378
vn 0.2270 0.9730 -0.0418
vn 0.2171 0.9761 0.0090
vn -0.2269 -0.9706 0.0804
vn -0.2169 -0.9673 0.1312
vn -0.7201 -0.6803 0.1369
vn -0.7293 -0.6807 0.0691
vn 0.0018 0.0623 0.9981
vn -0.0508 -0.7781 0.6261
vn -0.0500 -0.9964 0.0681
vn 0.5239 -0.8485 -0.0743
vn 0.6974 -0.5694 0.4351
vn -0.7008 0.7112 -0.0552
vn -0.6978 0.7093 -0.1001
vn -0.9995 0.0311 0.0016
vn -0.9999 0.0137 -0.0020
vn -0.5574 -0.0140 -0.8301
vn -0.6952 0.5747 -0.4318
vn -0.0049 0.7908 -0.6120
vn -0.0176 0.1402 -0.9900
vn -0.7852 -0.4041 -0.4692
vn -0.9989 0.0436 -0.0150
vn 0.0008 0.9885 -0.1515
vn 0.0011 0.9966 -0.0821
vn 0.7215 0.6901 -0.0568
vn 0.7178 0.6885 -0.1033
vn 0.9990 -0.0437 -0.0020
vn 0.9997 -0.0262 0.0016
vn 0.9998 -0.0137 -0.0150
vn 0.7608 -0.4485 -0.4692
vn 0.5432 -0.0292 -0.8391
vn 0.7073 0.5503 -0.4438
vn -0.5839 -0.8069 -0.0897
vn -0.7475 -0.5125 0.4226
vn -0.0543 -0.9921 0.1134
vn -0.0567 -0.9973 0.0461
vn -0.7313 -0.6811 0.0347
vn -0.7455 -0.6618 0.0792
vn 0.6865 -0.7226 0.0811
vn 0.6706 -0.7410 0.0356
vn -0.0198 -0.6890 -0.7245
vn -0.0566 -0.9973 0.0461
vn 0.6706 -0.7409 0.0356
vn 0.9842 -0.0992 -0.1468
vn 0.9939 -0.0150 -0.1089
vn 0.9582 0.2083 0.1962
vn 0.9996 -0.0245 0.0101
vn -0.0286 -0.9695 0.2434
vn 0.8785 -0.4447 -0.1747
vn 0.2222 -0.7860 -0.5769
vn 0.2695 -0.8475 -0.4572
vn 0.8486 -0.4957 -0.1849
vn -0.9473 0.2617 0.1848
vn -0.9918 0.0407 -0.1208
vn -0.9864 -0.0440 -0.1586
vn -0.9995 0.0315 -0.0019
vn -0.0066 -0.4289 -0.9033
vn -0.7343 -0.2726 -0.6217
vn -0.6862 -0.2947 -0.6650
vn 0.7253 -0.3136 -0.6129
vn 0.6766 -0.3329 -0.6568
vn 0.0140 0.7923 0.6100
vn 0.0128 0.7923 0.6100
vn -0.7364 0.5420 0.4049
vn -0.5615 0.6613 0.4974
vn 0.5861 0.6318 0.5073
vn 0.7577 0.5026 0.4164
vn -0.0287 -0.9695 0.2434
vn 0.0287 0.9695 -0.2434
vn 0.9296 0.1673 0.3284
vn 0.9832 0.1820 -0.0158
vn -0.8161 0.5253 0.2409
vn -0.2350 0.7957 0.5583
vn -0.0050 0.9709 -0.2395
vn -0.5557 0.6613 -0.5038
vn -0.5734 -0.5874 -0.5712
vn -0.4005 -0.6278 -0.6674
vn -0.9764 -0.0373 -0.2129
vn -0.7293 0.0102 -0.6841
vn 0.4546 0.6547 0.6039
vn 0.6238 0.7806 -0.0384
vn -0.0074 -0.2581 0.9661
vn -0.0544 -0.8784 0.4748
vn -0.7549 -0.5730 0.3190
vn -0.0568 -0.9595 0.2759
vn -0.7545 -0.6281 0.1901
vn -0.9990 0.0440 -0.0099
vn -0.9992 0.0401 -0.0020
vn -0.6971 0.6344 -0.3340
vn -0.0025 0.8785 -0.4777
vn -0.6980 0.6848 -0.2095
vn -0.0004 0.9520 -0.3061
vn 0.9999 -0.0133 -0.0099
vn 0.7014 -0.6325 0.3286
vn 0.9998 -0.0172 -0.0020
vn 0.6977 -0.6892 0.1955
vn 0.7123 0.6119 -0.3436
vn 0.7162 0.6636 -0.2159
vn -0.2205 -0.9749 0.0296
vn -0.6843 0.7241 -0.0860
vn -0.9741 0.2194 -0.0544
vn -0.9852 -0.1685 -0.0302
vn 0.2204 0.9710 -0.0928
vn -0.1644 0.9820 -0.0928
vn 0.7247 0.6837 -0.0860
vn -0.7270 -0.6852 0.0441
vn -0.7271 -0.6852 0.0441
vn -0.6866 0.7257 -0.0441
vn -0.1669 0.9841 -0.0612
vn -0.9748 0.2227 -0.0122
vn 0.9860 0.1665 -0.0122
vn 0.6866 -0.7257 0.0441
vn 0.1669 -0.9841 0.0612
vn 0.9748 -0.2227 0.0122
vn -0.2231 -0.9729 0.0612
vn 0.9709 -0.2147 0.1058
vn 0.6799 -0.7204 0.1369
vn 0.1611 -0.9782 0.1312
vn -0.7249 -0.6889 0.0023
vn -0.2408 -0.3132 -0.9187
vn -0.0719 -0.4762 -0.8764
vn -0.1630 -0.7662 -0.6216
vn -0.5132 -0.5378 -0.6689
vn -0.2255 -0.9209 -0.3178
vn -0.6608 -0.6297 -0.4084
vn -0.3469 -0.1130 -0.9311
vn -0.6853 -0.1594 -0.7106
vn -0.8836 -0.1807 -0.4320
vn -0.0477 0.3668 -0.9291
vn -0.2258 0.2097 -0.9514
vn -0.4840 0.4788 -0.7324
vn -0.1212 0.6909 -0.7127
vn -0.6252 0.6107 -0.4860
vn -0.1737 0.8856 -0.4308
vn -0.3432 0.0159 -0.9391
vn -0.6776 0.1086 -0.7274
vn -0.8734 0.1756 -0.4543
vn 0.0444 -0.4795 -0.8764
vn 0.2224 -0.3265 -0.9187
vn 0.4815 -0.5664 -0.6689
vn 0.1188 -0.7743 -0.6216
vn 0.6236 -0.6666 -0.4084
vn 0.1724 -0.9324 -0.3178
vn 0.3399 -0.1327 -0.9311
vn 0.6750 -0.1984 -0.7106
vn 0.8718 -0.2310 -0.4320
vn 0.2374 0.1964 -0.9514
vn 0.0686 0.3634 -0.9291
vn 0.1606 0.6828 -0.7127
vn 0.5107 0.4503 -0.7324
vn 0.2242 0.8742 -0.4308
vn 0.6592 0.5739 -0.4860
vn 0.3436 -0.0038 -0.9391
vn 0.6827 0.0696 -0.7274
vn 0.8820 0.1253 -0.4543
vn -0.0791 -0.2985 0.9511
vn -0.2489 -0.1789 0.9519
vn -0.5048 -0.4362 0.7450
vn -0.1523 -0.6368 0.7559
vn -0.6403 -0.5698 0.5151
vn -0.2032 -0.8435 0.4973
vn -0.3565 -0.0022 0.9343
vn -0.6806 -0.0696 0.7294
vn -0.8744 -0.1200 0.4701
vn -0.2349 0.3099 0.9213
vn -0.0586 0.4186 0.9063
vn -0.1130 0.7335 0.6702
vn -0.4764 0.5536 0.6831
vn -0.1530 0.9090 0.3877
vn -0.6049 0.6651 0.4379
vn -0.3525 0.1388 0.9255
vn -0.6729 0.1985 0.7126
vn -0.8645 0.2273 0.4484
vn 0.2382 -0.1929 0.9518
vn 0.0619 -0.3026 0.9511
vn 0.1156 -0.6444 0.7559
vn 0.4790 -0.4644 0.7450
vn 0.1545 -0.8537 0.4973
vn 0.6066 -0.6055 0.5151
vn 0.3558 -0.0227 0.9343
vn 0.6755 -0.1085 0.7294
vn 0.8661 -0.1700 0.4701
vn 0.0825 0.4146 0.9063
vn 0.2523 0.2960 0.9213
vn 0.5073 0.5254 0.6831
vn 0.1549 0.7258 0.6702
vn 0.6420 0.6293 0.4379
vn 0.2048 0.8987 0.3877
vn 0.3599 0.1184 0.9255
vn 0.6832 0.1597 0.7126
vn 0.8761 0.1774 0.4484
vn 0.0018 0.0624 0.9981
vn 0.7270 0.6852 -0.0441
vn 0.9748 -0.2228 0.0122
vn -0.1670 0.9841 -0.0612
vn 0.3547 -0.0305 -0.9345
vn 0.6804 -0.7328 -0.0000
vn -0.9999 -0.0130 -0.0000
vn 0.9996 0.0287 -0.0000
vn -0.9487 -0.3163 -0.0000
vn 0.0208 -0.9998 -0.0000
vn 0.9609 -0.2768 -0.0002
vn -0.0208 0.9998 -0.0000
vn 0.9610 -0.2765 -0.0000
vn -0.0000 -0.0000 1.0000
vn -0.6493 -0.7605 -0.0000
vn -0.0080 0.3826 0.9239
vn -0.0192 0.9237 0.3827
vn 0.9130 0.4079 -0.0000
vn 0.3623 0.9321 -0.0000
vn -0.9292 0.3696 -0.0000
vn -0.4008 0.9162 -0.0000
vn 0.0039 -0.1871 -0.9823
vn 0.0012 -0.0523 -0.9986
vn 0.0028 -0.1387 -0.9903
vn 0.0039 -0.1902 -0.9817
vn 0.0066 -0.3104 -0.9506
vn 0.0191 -0.9190 -0.3937
vn 0.0192 -0.9237 0.3827
vn 0.0080 -0.3826 0.9239
vn -0.2520 0.0881 -0.9637
vn 0.2637 0.0733 0.9618
vn 0.8523 -0.4716 -0.2264
vn 0.3796 -0.9192 -0.1046
vn 0.4227 -0.8989 -0.1155
vn 0.8680 -0.4399 -0.2305
vn -0.9469 0.1958 0.2551
vn -0.9454 0.2034 0.2548
vn 0.9625 0.0868 -0.2571
vn 0.9358 -0.2459 -0.2525
vn -0.9144 0.3205 0.2474
vn 0.8658 -0.4416 -0.2353
vn -0.0072 -1.0000 -0.0058
vn 0.1031 -0.9941 -0.0341
vn 0.0795 -0.9964 -0.0281
vn -0.0055 -1.0000 -0.0062
vn -0.1265 0.9911 0.0415
vn -0.3593 0.9275 0.1034
vn 0.9410 0.2350 -0.2433
vn 0.9379 0.2483 -0.2422
vn 0.5593 0.8175 -0.1371
vn 0.4941 0.8610 -0.1202
vn -0.5698 0.8063 0.1588
vn 0.1420 0.9894 -0.0295
vn -0.9045 0.3492 0.2449
vn 0.9501 0.1823 -0.2531
vn 0.9639 -0.0633 -0.2587
vn 0.1368 0.9901 -0.0298
vn 0.1005 0.9947 -0.0196
vn 0.1037 0.9944 -0.0205
vn 0.6690 0.3265 0.6677
vn 0.5654 0.3677 0.7383
vn 0.2103 0.3205 0.9236
vn 0.1786 -0.2877 0.9409
vn 0.5504 -0.3937 0.7363
vn 0.6417 -0.3505 0.6821
vn 0.7640 -0.1780 0.6201
vn 0.7761 0.0657 0.6271
vn -0.0869 0.7320 -0.6757
vn -0.0853 0.7053 -0.7038
vn -0.1861 0.3859 -0.9036
vn -0.1884 0.4022 -0.8960
vn 0.4805 0.6881 0.5437
vn 0.0794 0.4677 0.8803
vn -0.4827 0.3641 -0.7965
vn -0.5282 -0.2874 -0.7990
vn -0.6101 -0.3924 -0.6883
vn -0.6060 0.4244 -0.6728
vn -0.1959 -0.3946 -0.8977
vn -0.1123 -0.6956 -0.7096
vn -0.0560 -0.3731 -0.9261
vn 0.1087 -0.6210 -0.7762
vn 0.1495 -0.1851 -0.9713
vn 0.3930 -0.2879 -0.8733
vn 0.1654 0.1046 -0.9807
vn 0.4680 0.1656 -0.8681
vn 0.0137 0.3677 -0.9298
vn 0.1776 0.5499 -0.8161
vn 0.8880 0.1060 0.4475
vn 0.7407 0.4333 0.5135
vn 0.6755 -0.5421 0.4997
vn 0.8580 -0.2193 0.4644
vn 0.0883 -0.4647 0.8810
vn 0.4861 -0.6696 0.5615
vn 0.0824 0.9965 -0.0144
vn 0.4975 0.6637 0.5585
vn -0.8779 -0.4219 -0.2264
vn -0.8918 -0.3894 -0.2305
vn -0.4736 -0.8732 -0.1155
vn -0.4317 -0.8959 -0.1046
vn 0.9313 0.2675 0.2474
vn -0.1599 -0.9866 -0.0341
vn -0.0518 -0.9986 -0.0062
vn -0.1365 -0.9902 -0.0281
vn -0.9222 0.3016 -0.2422
vn -0.9260 0.2886 -0.2433
vn -0.4440 0.8879 -0.1202
vn -0.5116 0.8482 -0.1371
vn -0.0851 0.9959 -0.0295
vn 0.2131 0.5138 -0.8310
vn -0.9381 0.2365 -0.2531
vn -0.0798 0.9964 -0.0298
vn -0.0465 0.9987 -0.0205
vn -0.0434 0.9989 -0.0196
vn -0.6492 0.3643 0.6677
vn -0.7711 0.1101 0.6271
vn -0.7730 -0.1339 0.6201
vn -0.6608 -0.3132 0.6821
vn -0.5721 -0.3615 0.7363
vn -0.1948 -0.2770 0.9409
vn -0.1916 0.3320 0.9236
vn -0.5434 0.3995 0.7383
vn 0.1287 0.7258 -0.6758
vn 0.2111 0.3907 -0.8960
vn 0.2079 0.3746 -0.9036
vn 0.1256 0.6992 -0.7038
vn -0.4403 0.7145 0.5437
vn -0.0525 0.4715 0.8803
vn 0.5028 0.3358 -0.7965
vn 0.6294 0.3890 -0.6728
vn 0.5866 -0.4268 -0.6883
vn 0.5109 -0.3172 -0.7990
vn 0.0722 -0.7009 -0.7096
vn 0.1730 -0.4052 -0.8977
vn -0.1441 -0.6138 -0.7762
vn 0.0346 -0.3757 -0.9261
vn -0.4088 -0.2649 -0.8733
vn -0.1599 -0.1762 -0.9713
vn -0.4577 0.1921 -0.8681
vn -0.1592 0.1140 -0.9807
vn -0.1458 0.5592 -0.8161
vn 0.0074 0.3679 -0.9298
vn -0.8804 0.1568 0.4475
vn -0.7146 0.4751 0.5135
vn -0.7055 -0.5025 0.4997
vn -0.8692 -0.1698 0.4644
vn -0.1148 -0.4589 0.8810
vn -0.5237 -0.6406 0.5615
vn -0.0251 0.9996 -0.0144
vn -0.4587 0.6911 0.5585
vn -0.7271 -0.6865 -0.0000
vn 0.9969 -0.0787 -0.0000
vn -0.9955 0.0943 -0.0000
vn 0.9256 -0.3785 0.0003
vn -0.9770 -0.2134 0.0003
vn -0.0865 -0.9963 -0.0000
vn 0.0865 0.9963 -0.0000
vn -0.0511 -0.0035 -0.9987
vn 0.5980 -0.8015 -0.0000
vn -0.0532 -0.0243 -0.9983
vn 0.0508 -0.0125 -0.9986
vn -0.0124 0.3931 -0.9194
vn 0.0609 0.9253 -0.3743
vn -0.8842 0.4670 -0.0000
vn -0.3003 0.9539 -0.0000
vn 0.9515 0.3077 -0.0000
vn 0.4601 0.8879 -0.0000
vn 0.0508 -0.0042 -0.9987
vn -0.0497 0.0046 -0.9988
vn 0.0999 0.9220 -0.3741
vn 0.0809 0.3852 -0.9193
vn -0.9771 -0.2128 -0.0000
vn 0.0493 -0.0338 -0.9982
vn 0.0735 0.2906 0.9540
vn -0.0234 0.2991 0.9539
vn 0.0674 0.2258 0.9718
vn -0.0285 0.2339 0.9718
vn 0.0169 -0.3626 0.9318
vn -0.0594 -0.9206 0.3859
vn -0.0802 -0.3537 0.9319
vn -0.1006 -0.9170 0.3860
vn -0.1000 -0.9204 -0.3779
vn -0.0823 -0.4000 -0.9128
vn -0.0138 0.3792 -0.9252
vn 0.0608 0.9217 -0.3832
vn -0.0596 -0.9240 -0.3778
vn 0.0132 -0.4087 -0.9126
vn 0.0799 0.3709 -0.9252
vn 0.0994 0.9183 -0.3832
vn 0.9258 -0.3779 -0.0000
vn 0.4729 0.4806 0.7385
vn 0.9588 0.1369 0.2490
vn -0.1975 0.5520 0.8101
vn -0.9954 -0.0287 -0.0911
vn -0.7720 0.3729 0.5148
vn -0.5864 -0.4389 -0.6808
vn 0.1963 -0.5500 -0.8118
vn 0.8481 -0.3124 -0.4279
vn -0.2288 0.5265 0.8188
vn 0.0780 0.9969 0.0132
vt 0.798967 0.761717
vt 0.798967 0.803122
vt 0.712376 0.803122
vt 0.707840 0.761717
vt -0.139978 1.736876
vt 1.139978 1.736876
vt 1.139975 1.804775
vt -0.139975 1.804775
vt -0.139700 0.270780
vt -0.139603 0.255798
vt 1.139604 0.255798
vt 1.139701 0.270780
vt -0.139979 1.653643
vt 1.139979 1.653643
vt 0.622602 0.485431
vt 0.615961 0.337050
vt 0.658083 0.336276
vt 0.633355 0.477161
vt 0.626404 0.483717
vt 0.655479 0.122257
vt 0.662568 0.127947
vt 0.660260 0.126281
vt 0.655269 0.122257
vt 0.666878 0.127947
vt 0.662037 0.122257
vt 0.798967 0.670832
vt 0.703289 0.716168
vt 0.703280 0.670832
vt -0.139978 1.563293
vt 1.139978 1.563293
vt 0.612568 0.253989
vt 0.614335 0.299977
vt 0.663428 0.298212
vt 0.663912 0.294760
vt 0.663505 0.251032
vt -0.139976 1.500542
vt 1.139976 1.500542
vt -0.139964 0.326174
vt -0.139971 0.402835
vt 1.139971 0.402835
vt 1.139964 0.326174
vt -0.139972 1.455446
vt 1.139972 1.455446
vt 0.798967 0.973931
vt 0.738323 0.961448
vt 0.623460 0.498118
vt 0.475073 0.493212
vt 0.475030 0.480918
vt 0.614350 0.296812
vt 0.663908 0.294760
vt 0.017188 0.966073
vt 0.008920 0.965519
vt 0.008920 0.546844
vt 0.017188 0.546289
vt -0.139956 0.233518
vt 1.139956 0.233518
vt 1.139965 0.323540
vt -0.139965 0.323540
vt -0.139954 1.126936
vt 1.139954 1.126936
vt 1.139956 1.376594
vt -0.139956 1.376594
vt 0.475401 0.483229
vt 0.187743 0.489836
vt 0.192280 0.502072
vt 0.475443 0.495251
vt 1.139964 1.866652
vt 1.139953 1.886365
vt 0.500000 1.886365
vt 0.027312 0.545203
vt 0.027312 0.965996
vt -0.139829 0.395365
vt 1.139829 0.395365
vt 1.139871 0.434230
vt -0.139871 0.434230
vt -0.139774 0.337015
vt 1.139774 0.337015
vt 0.198797 0.115286
vt 0.481214 0.110307
vt 0.482232 0.107773
vt 0.199636 0.112751
vt 0.081767 0.969361
vt 0.081767 0.541838
vt -0.139975 0.444998
vt 1.139975 0.444998
vt -0.139964 1.866652
vt -0.092283 0.435177
vt 1.092283 0.435177
vt 1.092307 0.341501
vt -0.092306 0.341501
vt 0.167240 0.849704
vt 0.167240 0.666614
vt 0.469272 0.666613
vt 0.469272 0.849704
vt -0.092324 0.239310
vt -0.092306 0.341501
vt 1.092307 0.341501
vt 1.092324 0.239310
vt 0.798560 0.433090
vt 0.798560 0.360574
vt 0.888575 0.360574
vt 0.888575 0.433025
vt 0.890089 0.803121
vt 0.890089 0.761717
vt 0.890089 0.670832
vt -0.139972 0.374793
vt 1.139972 0.374793
vt 0.798967 0.596384
vt 0.890089 0.596384
vt 0.092084 0.691909
vt 0.092084 0.822781
vt -0.139603 -0.671484
vt -0.139474 -0.886756
vt 0.500000 -0.915727
vt 1.139475 -0.886756
vt 1.139604 -0.671484
vt 0.156250 0.849704
vt 0.156189 0.666614
vt 0.162507 0.666614
vt 0.162528 0.849704
vt 0.951572 0.961569
vt 0.951591 0.974804
vt 0.890090 0.984934
vt 0.890090 0.973931
vt 0.198755 0.567755
vt 0.203888 0.575398
vt 0.205801 0.572354
vt 0.188832 0.344893
vt 0.122837 0.346105
vt 0.121204 0.353404
vt 0.152120 0.425230
vt 0.985777 0.670832
vt 0.985767 0.716241
vt 0.981223 0.761717
vt 0.128990 0.281720
vt 0.080718 0.218438
vt 0.102111 0.212724
vt 0.612603 0.252231
vt 0.663484 0.249129
vt 0.976689 0.803121
vt 0.608784 0.131326
vt 0.663487 0.249129
vt 0.663051 0.203876
vt 0.703280 0.596384
vt 0.798967 0.984934
vt 0.738309 0.974684
vt 0.992126 0.278742
vt 0.701240 0.278742
vt 0.700641 0.267473
vt 0.992725 0.267473
vt 0.615788 0.337053
vt 0.658087 0.336276
vt 0.670016 0.248788
vt 0.106510 0.343654
vt 0.120221 0.357779
vt 0.111292 0.344372
vt 0.034255 0.190116
vt 0.014540 0.275700
vt 0.016441 0.288597
vt 0.043744 0.211990
vt 0.985777 0.596384
vt 0.721631 0.425382
vt 0.708643 0.353903
vt 0.669692 0.203190
vt 0.978838 0.353903
vt 0.967731 0.425220
vt 0.992214 0.594729
vt 0.992214 0.671114
vt 0.670583 0.294518
vt 0.992211 0.716400
vt 0.987658 0.761817
vt 0.664766 0.336156
vt 0.983108 0.803171
vt 0.633426 0.477798
vt 0.638442 0.484480
vt 0.959577 0.957810
vt 0.626404 0.483717
vt 0.629044 0.495637
vt 0.958139 0.968892
vt 0.623460 0.498152
vt 0.628313 0.547777
vt 0.469459 0.551921
vt 0.469443 0.537398
vt 0.627933 0.534708
vt 0.200155 0.115296
vt 0.481212 0.111173
vt 0.478754 0.117289
vt 0.201407 0.121439
vt 0.798560 0.494951
vt 0.734614 0.490935
vt 0.696842 0.671106
vt 0.696842 0.594729
vt 0.701400 0.761817
vt 0.696845 0.716379
vt 0.670015 0.248767
vt 0.670582 0.294518
vt 0.705950 0.803171
vt 0.664765 0.336156
vt 0.730495 0.957590
vt 0.638408 0.484257
vt 0.731780 0.968857
vt 0.629044 0.495602
vt 0.502235 0.202269
vt 0.547180 0.208272
vt 0.592114 0.208057
vt 0.590588 0.201930
vt 0.503823 0.196127
vt 1.139871 -0.597304
vt 1.092283 -0.219762
vt -0.092283 -0.219762
vt -0.139871 -0.597304
vt 0.888575 0.494820
vt 0.956629 0.490596
vt 0.669691 0.203183
vt 0.663047 0.203850
vt 0.167240 0.959509
vt 0.164628 0.970771
vt 0.158457 0.979768
vt 0.121210 0.353374
vt 0.120221 0.357779
vt 0.150380 0.428112
vt 0.184394 0.490057
vt 0.150309 0.427956
vt 0.152034 0.425012
vt 0.184254 0.489730
vt 0.187631 0.489536
vt 0.029808 0.160397
vt 0.031177 0.154695
vt 0.028645 0.153617
vt 0.032185 0.152522
vt 0.027722 0.150622
vt 0.037086 0.187045
vt 0.038259 0.185774
vt 0.045475 0.206385
vt 0.046192 0.204062
vt 0.061128 0.218438
vt 0.061435 0.212304
vt 0.061562 0.209763
vt 0.080718 0.218437
vt 0.080496 0.212304
vt 0.080404 0.209763
vt 0.101224 0.206767
vt 0.100857 0.204300
vt 0.117615 0.199556
vt 0.115810 0.194380
vt 0.115062 0.192235
vt 0.128743 0.179254
vt 0.126287 0.175264
vt 0.125270 0.173611
vt 0.137080 0.155745
vt 0.134304 0.152658
vt 0.133154 0.151379
vt 0.145940 0.121028
vt 0.143946 0.114879
vt 0.143120 0.112332
vt 0.475288 0.474086
vt 0.477745 0.345736
vt 0.477482 0.343584
vt 0.192068 0.344834
vt 0.193085 0.314254
vt 0.477919 0.306455
vt 0.482435 0.121923
vt 0.487979 0.161486
vt 0.490908 0.158738
vt 0.484892 0.115807
vt 0.484906 0.115801
vt 0.490921 0.158732
vt 0.492134 0.157594
vt 0.485924 0.113267
vt 0.487359 0.159368
vt 0.505320 0.204799
vt 0.506908 0.198657
vt 0.490289 0.156619
vt 0.490415 0.156467
vt 0.507034 0.198507
vt 0.507692 0.195962
vt 0.491628 0.155329
vt 0.503822 0.195284
vt 0.589956 0.199392
vt 0.504480 0.192740
vt 0.504480 0.192740
vt 0.590588 0.201930
vt 0.503822 0.195283
vt 0.601119 0.186835
vt 0.598284 0.183793
vt 0.597109 0.182534
vt 0.606152 0.159391
vt 0.603039 0.157859
vt 0.601750 0.157224
vt 0.605505 0.129512
vt 0.604249 0.128495
vt 0.607417 0.124541
vt 0.606748 0.121996
vt 0.655374 0.122257
vt 0.037086 0.187046
vt 0.046192 0.204063
vt 0.043744 0.211991
vt 0.100857 0.204300
vt 0.115062 0.192235
vt 0.137080 0.155745
vt 0.199636 0.112751
vt 0.482231 0.107773
vt 0.481214 0.110307
vt 0.194371 0.277733
vt 0.478381 0.263896
vt 0.477931 0.305939
vt 0.485924 0.113267
vt 0.492134 0.157594
vt 0.490921 0.158732
vt 0.484906 0.115801
vt 0.484892 0.115807
vt 0.490908 0.158738
vt 0.487979 0.161486
vt 0.482435 0.121923
vt 0.491628 0.155329
vt 0.507692 0.195962
vt 0.507034 0.198507
vt 0.490415 0.156467
vt 0.490289 0.156619
vt 0.506908 0.198657
vt 0.505320 0.204799
vt 0.487359 0.159368
vt 0.503823 0.196127
vt 0.502235 0.202269
vt 0.477915 0.306076
vt 0.477478 0.343209
vt 0.597109 0.182534
vt 0.607417 0.124541
vt 0.046886 0.320371
vt 0.020114 0.295073
vt 0.021458 0.304396
vt 0.038667 0.320667
vt 0.022015 0.308258
vt 0.035262 0.320789
vt 0.020123 0.295080
vt 0.046822 0.320310
vt 0.038648 0.320649
vt 0.021461 0.304399
vt 0.022015 0.308258
vt 0.011108 0.267750
vt 0.014550 0.266407
vt 0.016438 0.288582
vt 0.014539 0.275705
vt 0.011108 0.267752
vt 0.014549 0.266412
vt 0.014539 0.275705
vt 0.014549 0.266412
vt 0.012733 0.288812
vt 0.011036 0.277038
vt 0.009585 0.277594
vt 0.011198 0.288902
vt 0.011036 0.277040
vt 0.012732 0.288808
vt 0.009585 0.277594
vt 0.477541 0.345020
vt 0.475274 0.472444
vt 0.477675 0.343611
vt 0.478056 0.308899
vt 0.189425 0.315248
vt 0.478327 0.260511
vt 0.478733 0.123586
vt 0.469274 0.663404
vt 0.167240 0.547643
vt 0.469329 0.566054
vt 0.478203 0.260473
vt 0.478609 0.123549
vt 0.484154 0.163112
vt 0.478378 0.263672
vt 0.477927 0.305717
vt 0.478326 0.260520
vt 0.502238 0.208589
vt 0.477381 0.345101
vt 0.475152 0.472550
vt 0.628313 0.666613
vt 0.469867 0.663406
vt 0.469773 0.566055
vt 0.125582 0.317049
vt 0.092246 0.542064
vt 0.092246 0.968633
vt 0.125534 0.317545
vt 0.128957 0.282065
vt 0.478068 0.308362
vt 0.478495 0.265262
vt 0.190349 0.278501
vt 0.478442 0.261889
vt 0.478735 0.123607
vt 0.198192 0.121415
vt 0.478754 0.117289
vt 0.481211 0.111173
vt 0.700400 0.258237
vt 0.992966 0.258238
vt 0.477554 0.345793
vt 0.475140 0.474160
vt 0.478052 0.308502
vt 0.477671 0.343217
vt 0.478492 0.265046
vt 0.478065 0.308147
vt 0.478536 0.123580
vt 0.478244 0.261862
vt 0.484080 0.163144
vt 0.196584 0.930276
vt 0.203253 0.939221
vt 0.201408 0.942492
vt 0.210421 0.584967
vt 0.468933 0.555216
vt 0.166804 0.532963
vt 0.469447 0.540534
vt 0.009659 0.268327
vt 0.011108 0.267750
vt 0.014540 0.275700
vt 0.011036 0.277038
vt 0.011036 0.277040
vt 0.009659 0.268327
vt 0.011108 0.267752
vt 0.502188 0.208557
vt 0.478276 0.260487
vt 0.484226 0.163126
vt 0.484194 0.163164
vt 0.478358 0.261882
vt 0.502156 0.208595
vt 0.502245 0.208716
vt 0.478447 0.262003
vt 0.478440 0.261976
vt 0.469871 0.849704
vt 0.469871 0.666614
vt 0.628313 0.849704
vt -0.139953 1.886365
vt 0.641821 0.666613
vt 0.636654 0.547849
vt 0.641821 0.849704
vt 0.469333 0.941346
vt 0.469274 0.853137
vt 0.469450 0.966628
vt 0.166889 0.974445
vt 0.468941 0.951697
vt 0.628313 0.959348
vt 0.469766 0.941344
vt 0.469866 0.853136
vt 0.636654 0.959261
vt 0.469456 0.969947
vt 0.469471 0.955187
vt 0.627933 0.972443
vt 0.633903 0.972418
vt 0.475028 0.482651
vt 0.475071 0.494762
vt 0.633903 0.534730
vt 0.475438 0.494014
vt 0.192201 0.501948
vt 0.475396 0.481840
vt 0.290292 1.344299
vt 0.766482 1.344299
vt 0.766482 -0.798558
vt 0.290291 -0.798558
vt 0.200000 0.290291
vt 0.200000 0.766482
vt 0.866667 0.766482
vt 0.866667 0.290291
vt 0.337911 1.868108
vt 0.623625 1.915727
vt 0.200000 -0.798558
vt 0.866667 -0.798558
vt 0.866667 1.344299
vt 0.200000 1.344299
vt 0.866667 -0.798558
vt 0.200000 -0.798558
vt 0.200000 1.344299
vt 0.866667 1.344299
vt 0.866667 0.337911
vt 0.866667 0.623625
vt 0.200000 0.623625
vt 0.200000 0.337911
vt 0.866667 1.868108
vt 0.200000 1.868108
vt 0.200000 1.915727
vt 0.866667 1.915727
vt 0.164583 0.536821
vt 0.158307 0.528195
vt 0.190627 0.497564
vt 0.187603 0.501505
vt 0.194649 0.506103
vt 0.549042 0.728124
vt 0.586933 0.725756
vt 0.581895 0.579417
vt 0.535822 0.582296
vt 0.600766 0.578238
vt 0.602454 0.724785
vt 0.477628 0.531594
vt 0.477628 0.495597
vt 0.475346 0.494952
vt 0.475346 0.532239
vt 0.497094 0.421012
vt 0.483329 0.420656
vt 0.483329 0.425646
vt 0.497094 0.426002
vt 0.495658 0.724382
vt 0.487136 0.577749
vt 0.468227 0.578238
vt 0.480107 0.724785
vt 0.499323 0.270068
vt 0.472047 0.271772
vt 0.500677 0.729932
vt 0.527953 0.728228
vt 0.573162 0.551022
vt 0.497094 0.551022
vt 0.495930 0.552632
vt 0.574325 0.552632
vt 0.583120 0.583964
vt 0.579077 0.429407
vt 0.596392 0.428960
vt 0.602029 0.583475
vt 0.573162 0.476168
vt 0.586926 0.481859
vt 0.588863 0.480496
vt 0.574325 0.474559
vt 0.528121 0.427880
vt 0.570312 0.425243
vt 0.583120 0.577749
vt 0.574598 0.724382
vt 0.590149 0.724785
vt 0.602029 0.578238
vt 0.487136 0.583964
vt 0.495658 0.729493
vt 0.480107 0.729093
vt 0.468227 0.583475
vt 0.563650 0.488644
vt 0.583238 0.495715
vt 0.590128 0.512786
vt 0.583238 0.531476
vt 0.563650 0.538547
vt 0.547017 0.531476
vt 0.540128 0.512786
vt 0.547017 0.495715
vt 0.563650 0.307461
vt 0.563650 0.289941
vt 0.583238 0.285046
vt 0.583238 0.304171
vt 0.566604 0.417556
vt 0.565296 0.401076
vt 0.547369 0.409829
vt 0.547914 0.418724
vt 0.547017 0.260370
vt 0.547017 0.287953
vt 0.563650 0.284753
vt 0.563650 0.255475
vt 0.480031 0.272188
vt 0.500862 0.295871
vt 0.517151 0.287953
vt 0.492451 0.260370
vt 0.563650 0.397849
vt 0.563650 0.417114
vt 0.583238 0.417556
vt 0.583238 0.401067
vt 0.565296 0.401067
vt 0.547368 0.409824
vt 0.547017 0.401076
vt 0.547017 0.417556
vt 0.500865 0.295874
vt 0.517154 0.287956
vt 0.466518 0.285046
vt 0.484149 0.304169
vt 0.484150 0.304171
vt 0.547017 0.304169
vt 0.547017 0.285046
vt 0.583238 0.287956
vt 0.583238 0.260370
vt 0.563650 0.420842
vt 0.563650 0.420233
vt 0.547017 0.419791
vt 0.547017 0.417756
vt 0.530757 0.417756
vt 0.530843 0.419791
vt 0.583238 0.417753
vt 0.583238 0.419791
vt 0.530757 0.417753
vt 0.771029 0.414688
vt 0.775158 0.422071
vt 0.775158 0.434235
vt 0.771202 0.442496
vt 0.765493 0.443033
vt 0.760323 0.434771
vt 0.760158 0.423757
vt 0.764295 0.414612
vt 0.503650 0.488644
vt 0.523238 0.495715
vt 0.530128 0.512786
vt 0.523238 0.531476
vt 0.503650 0.538547
vt 0.487017 0.531476
vt 0.480128 0.512786
vt 0.487017 0.495715
vt 0.503650 0.307461
vt 0.503650 0.289941
vt 0.523238 0.285046
vt 0.523238 0.304171
vt 0.487017 0.260370
vt 0.487017 0.287953
vt 0.503650 0.284753
vt 0.503650 0.255475
vt 0.503650 0.397849
vt 0.503650 0.417114
vt 0.523238 0.417556
vt 0.523238 0.401067
vt 0.487017 0.401076
vt 0.487017 0.417556
vt 0.487017 0.304169
vt 0.487017 0.285046
vt 0.523238 0.287956
vt 0.523238 0.260370
vt 0.503650 0.420842
vt 0.503650 0.420233
vt 0.487017 0.419791
vt 0.487017 0.417756
vt 0.523238 0.417753
vt 0.523238 0.419791
vt 0.375365 0.527389
vt 0.424988 0.515660
vt 0.376304 0.554414
vt 0.375879 0.542182
vt 0.490000 0.527389
vt 0.492929 0.520182
vt 0.500000 0.517197
vt 0.507071 0.520182
vt 0.510000 0.527389
vt 0.510000 0.542182
vt 0.490000 0.542182
vt 0.502906 0.523131
vt 0.500000 0.523090
vt 0.500000 0.621342
vt 0.502906 0.621382
vt 0.500000 0.424634
vt 0.500000 0.375011
vt 0.492929 0.375115
vt 0.492929 0.424738
vt 0.424738 0.508453
vt 0.375115 0.520182
vt 0.507071 0.424738
vt 0.507071 0.375115
vt 0.499768 0.376746
vt 0.499965 0.425328
vt 0.492919 0.425228
vt 0.493146 0.376617
vt 0.376617 0.563432
vt 0.425228 0.522587
vt 0.506854 0.376617
vt 0.507081 0.425228
vt 0.509869 0.554414
vt 0.506854 0.563432
vt 0.499768 0.567167
vt 0.493146 0.563432
vt 0.490131 0.554414
vt 0.504152 0.515623
vt 0.502973 0.518419
vt 0.507081 0.522587
vt 0.510000 0.515660
vt 0.499975 0.519628
vt 0.499965 0.525456
vt 0.497031 0.518429
vt 0.495848 0.515623
vt 0.490000 0.515660
vt 0.492919 0.522587
vt 0.497094 0.512558
vt 0.500000 0.511331
vt 0.500000 0.505468
vt 0.492929 0.508453
vt 0.502906 0.512558
vt 0.507071 0.508453
vt 0.523236 0.476375
vt 0.523131 0.473309
vt 0.621382 0.434061
vt 0.621485 0.437126
vt 0.497031 0.523335
vt 0.499975 0.523378
vt 0.499975 0.621630
vt 0.497031 0.621586
vt 0.497094 0.523131
vt 0.497094 0.621382
vt 0.523236 0.476374
vt 0.523335 0.479180
vt 0.621586 0.439931
vt 0.502973 0.523335
vt 0.502973 0.621586
vt 0.014428 0.275653
vt 0.846683 0.140935
vt 0.992969 0.140935
vt 0.700397 0.140935
vt 0.775158 0.434235
vt 0.771202 0.442496
vt 0.765493 0.443033
vt 0.760323 0.434771
vt 0.760158 0.423758
vt 0.764295 0.414612
vt 0.771029 0.414688
vt 0.775158 0.422071
vt 0.563650 0.339982
vt 0.547017 0.336781
vt 0.563650 0.381482
vt 0.547017 0.378357
vt 0.506429 0.336781
vt 0.522642 0.328815
vt 0.523489 0.378357
vt 0.539664 0.370527
vt 0.547017 0.320676
vt 0.563650 0.317502
vt 0.547017 0.362082
vt 0.563650 0.358899
vt 0.522643 0.328816
vt 0.506430 0.336782
vt 0.539664 0.370524
vt 0.523489 0.378356
vt 0.539333 0.320676
vt 0.556955 0.362082
vt 0.583238 0.336782
vt 0.583238 0.378356
vt 0.583238 0.320677
vt 0.583238 0.362078
vt 0.539334 0.320677
vt 0.556955 0.362078
vt 0.503650 0.339982
vt 0.487017 0.336781
vt 0.503650 0.381482
vt 0.487017 0.378357
vt 0.487017 0.320676
vt 0.503650 0.317502
vt 0.487017 0.362082
vt 0.503650 0.358899
vt 0.523238 0.336782
vt 0.523238 0.378356
vt 0.523238 0.320677
vt 0.523238 0.362078
vt 0.584770 0.444848
vt 0.579432 0.454470
vt 0.583238 0.457323
vt 0.590128 0.444903
vt 0.550885 0.454581
vt 0.545486 0.444848
vt 0.540128 0.444903
vt 0.547017 0.457323
vt 0.563800 0.458576
vt 0.563650 0.462468
vt 0.550961 0.434109
vt 0.563800 0.430137
vt 0.563650 0.426245
vt 0.547017 0.431390
vt 0.579352 0.434222
vt 0.583238 0.431390
vt 0.524770 0.444848
vt 0.519432 0.454470
vt 0.523238 0.457323
vt 0.530128 0.444903
vt 0.490885 0.454581
vt 0.485486 0.444848
vt 0.480128 0.444903
vt 0.487017 0.457323
vt 0.503800 0.458576
vt 0.503650 0.462468
vt 0.490961 0.434109
vt 0.503800 0.430137
vt 0.503650 0.426245
vt 0.487017 0.431390
vt 0.519352 0.434222
vt 0.523238 0.431390
vt 0.491179 0.429407
vt 0.483329 0.481859
vt 0.497094 0.476168
vt 0.495930 0.474559
vt 0.481393 0.480496
vt 0.483329 0.545332
vt 0.481393 0.546695
vt 0.587593 0.424163
vt 0.592628 0.495597
vt 0.594910 0.494952
vt 0.516951 0.583475
vt 0.510839 0.428960
vt 0.586926 0.545332
vt 0.588863 0.546695
vt 0.579077 0.423716
vt 0.491179 0.423716
vt 0.596392 0.424163
vt 0.497094 0.476480
vt 0.483329 0.482171
vt 0.477628 0.495909
vt 0.477628 0.531906
vt 0.483329 0.545644
vt 0.497094 0.551334
vt 0.573162 0.551334
vt 0.586926 0.545644
vt 0.592628 0.531906
vt 0.592628 0.495909
vt 0.586926 0.482171
vt 0.573162 0.476480
vt 0.580460 0.416690
vt 0.566722 0.417548
vt 0.567034 0.422538
vt 0.580772 0.421680
vt 0.586926 0.420656
vt 0.573162 0.421012
vt 0.573162 0.426002
vt 0.586926 0.425646
vt 0.530725 0.419798
vt 0.531037 0.424788
vt 0.516987 0.420656
vt 0.517299 0.425646
vt 0.483329 0.416690
vt 0.497094 0.416334
vt 0.497094 0.421324
vt 0.483329 0.421680
vt 0.573162 0.416334
vt 0.586926 0.416690
vt 0.586926 0.421680
vt 0.573162 0.421324
vt 0.592628 0.531594
vt 0.594910 0.532239
vt 0.533521 0.729093
vt 0.574598 0.729493
vt 0.590149 0.729093
vt 0.473864 0.424163
vt 0.492657 0.470197
vt 0.476189 0.476983
vt 0.476189 0.423280
vt 0.492657 0.423704
vt 0.473864 0.428960
vt 0.469360 0.493404
vt 0.528532 0.422254
vt 0.512111 0.423280
vt 0.476189 0.550496
vt 0.492657 0.557283
vt 0.492657 0.418262
vt 0.476189 0.418686
vt 0.469360 0.534076
vt 0.585624 0.418686
vt 0.569204 0.419713
vt 0.594067 0.476983
vt 0.577599 0.470197
vt 0.577599 0.423704
vt 0.594067 0.423280
vt 0.600896 0.493404
vt 0.577599 0.557283
vt 0.594067 0.550496
vt 0.594067 0.418686
vt 0.577599 0.418262
vt 0.600896 0.534076
vt 0.499817 0.510101
vt 0.493806 0.512586
vt 0.484662 0.503307
vt 0.497265 0.498096
vt 0.497265 0.740541
vt 0.484662 0.740215
vt 0.491317 0.518585
vt 0.479441 0.515885
vt 0.538435 0.740215
vt 0.551013 0.739429
vt 0.493806 0.555146
vt 0.499817 0.557631
vt 0.497265 0.569046
vt 0.484662 0.563836
vt 0.484662 0.736433
vt 0.497265 0.736107
vt 0.491317 0.549147
vt 0.479441 0.551257
vt 0.586385 0.737219
vt 0.598964 0.736433
vt 0.576449 0.512586
vt 0.570439 0.510101
vt 0.572991 0.498096
vt 0.585594 0.503307
vt 0.585594 0.740215
vt 0.572991 0.740541
vt 0.578939 0.518585
vt 0.590815 0.515885
vt 0.538435 0.740215
vt 0.570439 0.557631
vt 0.576449 0.555146
vt 0.585594 0.563836
vt 0.572991 0.569046
vt 0.572991 0.736107
vt 0.585594 0.736433
vt 0.578939 0.549147
vt 0.590815 0.551257
vt 0.501463 0.518360
vt 0.500140 0.518907
vt 0.499592 0.520228
vt 0.500140 0.548824
vt 0.501463 0.549371
vt 0.499592 0.547504
vt 0.570116 0.518907
vt 0.568793 0.518360
vt 0.570664 0.520227
vt 0.568793 0.549371
vt 0.570116 0.548825
vt 0.570664 0.547504
vt 0.533665 0.498810
vt 0.534988 0.499357
vt 0.535536 0.500677
vt 0.535536 0.527953
vt 0.534988 0.529274
vt 0.533665 0.529821
vt 0.466335 0.529821
vt 0.465012 0.529274
vt 0.464464 0.527953
vt 0.464464 0.500677
vt 0.465012 0.499357
vt 0.466335 0.498810
vt 0.534988 0.269985
vt 0.533665 0.269951
vt 0.533665 0.728111
vt 0.534988 0.728145
vt 0.500643 0.269985
vt 0.529274 0.728145
vt 0.499323 0.270068
vt 0.465012 0.271855
vt 0.466335 0.271889
vt 0.466335 0.730049
vt 0.465012 0.730015
vt 0.533665 0.271889
vt 0.534988 0.271855
vt 0.534988 0.730015
vt 0.533665 0.730049
vt 0.466335 0.269951
vt 0.466335 0.728111
vt 0.470726 0.271855
vt 0.499357 0.730015
vt 0.470726 0.271855
vt 0.499357 0.730015
vt 0.465012 0.269985
vt 0.465012 0.728145
vt 0.500193 0.435702
vt 0.502973 0.439921
vt 0.504152 0.437126
vt 0.499982 0.435787
vt 0.499975 0.441129
vt 0.499807 0.435702
vt 0.495848 0.437126
vt 0.497031 0.439931
vt 0.500000 0.624975
vt 0.624977 0.435442
vt 0.624986 0.435702
vt 0.500087 0.624977
vt 0.523335 0.479170
vt 0.621586 0.439921
vt 0.989530 0.063001
vt 0.996238 0.063001
vt 0.996238 0.052957
vt 0.995397 0.052957
vt 0.991248 0.055899
vt 0.850715 0.051081
vt 0.860967 0.051081
vt 0.860967 0.020949
vt 0.850715 0.020949
vt 0.860967 0.051081
vt 0.842071 0.051081
vt 0.842071 0.020949
vt 0.996238 0.054816
vt 0.989530 0.054816
vt 0.989530 0.035849
vt 0.991492 0.027995
vt 0.996238 0.024684
vt 0.715371 0.054816
vt 0.715371 0.035856
vt 0.713957 0.040189
vt 0.990944 0.040189
vt 0.990944 0.025123
vt 0.713957 0.025123
vt 0.842071 0.053059
vt 0.850715 0.053059
vt 0.849185 0.060161
vt 0.845491 0.063103
vt 0.842071 0.063103
vt 0.994309 0.014734
vt 0.706755 0.014734
vt 0.707596 0.013512
vt 0.993468 0.013512
vt 0.708662 0.052839
vt 0.715371 0.052839
vt 0.713652 0.059941
vt 0.709504 0.062883
vt 0.708662 0.062883
vt 0.995371 0.020314
vt 0.705693 0.020314
vt 0.704152 0.045563
vt 0.996912 0.045563
vt 0.994574 0.058348
vt 0.706491 0.058348
vt 0.708398 0.055255
vt 0.996503 0.055255
vt 0.868804 0.020949
vt 0.868804 0.046669
vt 0.998781 0.050843
vt 0.998781 0.025123
vt 0.868804 0.046669
vt 0.706120 0.025123
vt 0.706120 0.050843
vt 0.704072 0.028838
vt 0.996993 0.028838
vt 0.704152 0.045563
vt 0.996912 0.045563
vt 0.994574 0.054603
vt 0.706491 0.054603
vt 0.989015 0.058348
vt 0.712050 0.058348
vt 0.994301 0.014722
vt 0.987601 0.004988
vt 0.713463 0.004988
vt 0.715371 0.024684
vt 0.989530 0.024684
vt 0.708662 0.054816
vt 0.708662 0.024684
vt 0.713406 0.027992
vt 0.715371 0.053059
vt 0.989530 0.053059
vt 0.989530 0.063103
vt 0.715371 0.063103
vt 0.996524 0.028838
vt 0.704540 0.028838
vt 0.706447 0.063103
vt 0.998453 0.063103
vt 0.998922 0.053059
vt 0.705979 0.053059
vt 0.850715 0.063103
vt 0.842071 0.053059
vt 0.845491 0.053059
vt 0.849185 0.056000
vt 0.782891 0.446533
vt 0.786024 0.447496
vt 0.785916 0.441761
vt 0.782838 0.441631
vt 0.782011 0.438218
vt 0.781927 0.424776
vt 0.782378 0.420794
vt 0.779183 0.421477
vt 0.779684 0.424558
vt 0.779756 0.438356
vt 0.780633 0.443216
vt 0.785687 0.425576
vt 0.783181 0.427284
vt 0.783280 0.416974
vt 0.785687 0.416974
vt 0.803950 0.419125
vt 0.796653 0.419125
vt 0.796653 0.425576
vt 0.803950 0.425576
vt 0.796768 0.419125
vt 0.803877 0.419125
vt 0.803877 0.425576
vt 0.796768 0.425576
vt 0.795024 0.416974
vt 0.795024 0.427727
vt 0.805682 0.419125
vt 0.805682 0.425576
vt 0.782838 0.419125
vt 0.785916 0.419125
vt 0.785916 0.425576
vt 0.782838 0.425576
vt 0.779670 0.416974
vt 0.779661 0.429687
vt 0.773403 0.433868
vt 0.773403 0.416974
vt 0.786024 0.419125
vt 0.782891 0.419125
vt 0.782891 0.425576
vt 0.786024 0.425576
vt 0.776763 0.416974
vt 0.792180 0.416974
vt 0.792180 0.425752
vt 0.776763 0.425576
vt 0.794437 0.416974
vt 0.794437 0.426541
vt 0.780633 0.419125
vt 0.780633 0.425576
vt 0.784333 0.416974
vt 0.782378 0.416974
vt 0.782378 0.427727
vt 0.784247 0.426541
vt 0.806519 0.419125
vt 0.806519 0.425576
vt 0.794662 0.416974
vt 0.794662 0.427727
vt 0.732342 0.372583
vt 0.735130 0.372583
vt 0.735130 0.377856
vt 0.732342 0.377856
vt 0.779183 0.427727
vt 0.779191 0.429996
vt 0.783377 0.418358
vt 0.779166 0.419322
vt 0.774478 0.420302
vt 0.774474 0.383169
vt 0.779498 0.383397
vt 0.782540 0.384921
vt 0.784241 0.387915
vt 0.784174 0.415529
vt 0.782249 0.418657
vt 0.779148 0.419320
vt 0.773403 0.433847
vt 0.774478 0.435352
vt 0.779166 0.432220
vt 0.794420 0.414824
vt 0.774769 0.414824
vt 0.773604 0.416974
vt 0.795346 0.416974
vt 0.774540 0.383174
vt 0.779517 0.383400
vt 0.779670 0.381256
vt 0.773403 0.380971
vt 0.782738 0.384923
vt 0.783280 0.382963
vt 0.784547 0.387916
vt 0.785687 0.386945
vt 0.784476 0.415528
vt 0.785612 0.416100
vt 0.783629 0.418356
vt 0.784333 0.420367
vt 0.774540 0.420335
vt 0.793374 0.429321
vt 0.791878 0.428773
vt 0.783181 0.382963
vt 0.779498 0.431898
vt 0.774474 0.435348
vt 0.779183 0.416974
vt 0.783377 0.429321
vt 0.777276 0.428727
vt 0.779661 0.381256
vt 0.773403 0.422087
vt 0.779148 0.414824
vt 0.774540 0.414824
vt 0.753597 0.416323
vt 0.754249 0.413744
vt 0.751667 0.413172
vt 0.751785 0.416504
vt 0.995378 0.052957
vt 0.991243 0.055899
vt 0.852450 0.053937
vt 0.715371 0.032595
vt 0.852450 0.032364
vt 0.852450 0.040189
vt 0.852450 0.025123
vt 0.995373 0.020328
vt 0.850532 0.020327
vt 0.850532 0.014734
vt 0.715371 0.052839
vt 0.713658 0.059941
vt 0.709523 0.062883
vt 0.850532 0.013499
vt 0.993449 0.013484
vt 0.705691 0.020328
vt 0.850532 0.045563
vt 0.850532 0.058348
vt 0.852450 0.055255
vt 0.850532 0.028838
vt 0.850715 0.053061
vt 0.849187 0.060161
vt 0.845499 0.063103
vt 0.707616 0.013483
vt 0.989530 0.032595
vt 0.991490 0.027001
vt 0.850532 0.030815
vt 0.850532 0.022254
vt 0.850532 0.058348
vt 0.850532 0.022254
vt 0.994292 0.014710
vt 0.850532 0.004988
vt 0.852450 0.024684
vt 0.706773 0.014709
vt 0.708680 0.024684
vt 0.713411 0.027001
vt 0.715371 0.032595
vt 0.852450 0.053938
vt 0.852532 0.063103
vt 0.850613 0.004988
vt 0.996596 0.028838
vt 0.850609 0.028838
vt 0.852526 0.063103
vt 0.998525 0.063103
vt 0.998922 0.053061
vt 0.852450 0.053061
vt 0.715371 0.053059
vt 0.852365 0.063103
vt 0.850447 0.004988
vt 0.850453 0.028838
vt 0.704476 0.028838
vt 0.706382 0.063103
vt 0.852371 0.063103
vt 0.705979 0.053061
vt 0.845499 0.053059
vt 0.849187 0.056000
vt 0.425084 0.518419
vt 0.424987 0.515623
vt 0.499975 0.425126
vt 0.502973 0.425084
vt 0.425084 0.518429
vt 0.424880 0.512558
vt 0.500000 0.424838
vt 0.497094 0.424880
vt 0.497031 0.425084
vt 0.502906 0.424880
vt 0.750435 0.413172
vt 0.753017 0.413744
vt 0.752858 0.416323
vt 0.751046 0.416504
vt 0.751046 0.416976
vt 0.752858 0.417895
vt 0.753597 0.412680
vt 0.751785 0.411761
vt 0.195078 0.504882
vt 0.192072 0.508897
vt 1.092324 -0.121356
vt -0.092324 -0.121356
s 1
usemtl van_3
f 5/1/1 6/2/2 46/3/3 43/4/4
f 55/15/10 233/16/11 47/17/12 50/18/13 53/19/14
f 194/20/15 38/21/16 39/22/17 220/23/18
f 3/24/19 194/20/15 1/25/20
f 4/26/21 5/1/1 43/4/4 62/27/22 41/28/23
f 234/31/25 235/32/26 80/33/27 23/34/28 14/35/29
f 7/44/34 49/45/35 46/3/3 6/2/2
f 56/46/36 266/47/37 57/48/38 55/15/10
f 233/16/11 232/49/39 44/50/40 47/17/12
f 197/51/41 208/52/42 212/53/42 206/54/41
f 36/63/46 72/64/47 281/65/48 262/66/49
f 197/51/41 206/54/41 203/70/51 199/71/51
f 246/78/55 115/79/56 114/80/57 239/81/58
f 215/82/59 199/71/51 203/70/51 217/83/60
f 8/91/63 252/92/64 255/93/65 258/94/66
f 67/99/68 16/100/69 15/101/70 66/102/71
f 12/103/72 6/2/2 5/1/1 11/104/73
f 11/104/73 5/1/1 4/26/21 10/105/74
f 10/105/74 4/26/21 3/108/19 9/109/75
f 215/82/59 217/83/60 15/110/70 16/111/69
f 1/25/20 137/20/76 9/24/75
f 65/117/77 64/118/78 237/119/79 238/120/80
f 30/121/81 259/122/82 256/123/83 13/124/84
f 73/125/85 37/126/86 281/127/48
f 250/128/87 214/129/88 69/130/89 76/131/90 72/64/47
f 137/20/76 136/23/91 19/22/92 18/21/93
f 21/132/94 58/133/95 24/134/96 11/104/73 10/105/74
f 225/135/97 154/136/98 157/137/99
f 232/49/39 231/138/100 61/139/101 44/50/40
f 27/140/102 30/121/81 13/124/84 12/103/72
f 131/141/103 234/31/25 14/35/29 59/142/104 20/143/105
f 3/108/19 4/26/21 41/28/23 38/144/16
f 7/44/34 253/145/106 52/146/107 49/45/35
f 24/134/96 27/140/102 12/103/72 11/104/73
f 212/147/42 208/148/42 357/149/108 364/150/108
f 235/32/26 236/151/109 26/152/110 80/33/27
f 59/142/104 14/35/29 60/153/111
f 215/154/59 68/155/112 69/130/89 216/156/113
f 86/157/114 356/158/115 209/159/116 89/160/117
f 18/161/93 21/132/94 10/105/74 9/109/75
f 67/99/68 77/162/118 68/163/112 16/100/69
f 136/23/91 20/143/105 22/164/119 19/22/92
f 66/102/71 15/101/70 71/165/120 79/166/121
f 19/167/92 22/168/119 21/132/94 18/161/93
f 14/35/29 23/34/28 25/169/122 60/153/111
f 60/170/111 25/171/122 24/134/96 58/133/95
f 80/33/27 26/152/110 28/172/123 25/169/122
f 25/171/122 28/173/123 27/140/102 24/134/96
f 26/152/110 29/174/124 31/175/125 28/172/123
f 28/173/123 31/176/125 30/121/81 27/140/102
f 29/174/124 32/177/126 33/178/127 31/175/125
f 31/176/125 33/179/127 259/122/82 30/121/81
f 32/177/126 34/15/128 35/180/129 33/178/127
f 264/181/130 265/182/131 266/183/37 56/184/36
f 240/185/132 173/186/133 172/187/134 241/188/135
f 65/189/77 73/190/85 77/162/118 67/99/68
f 38/144/16 41/28/23 42/191/136 39/192/17
f 62/27/22 43/4/4 45/193/137 63/194/138
f 63/195/138 45/196/137 44/50/40 61/139/101
f 43/4/4 46/3/3 48/197/139 45/193/137
f 45/196/137 48/198/139 47/17/12 44/50/40
f 46/3/3 49/45/35 51/199/140 48/197/139
f 48/198/139 51/200/140 50/18/13 47/17/12
f 49/45/35 52/146/107 54/201/141 51/199/140
f 51/200/140 54/202/141 53/19/14 50/18/13
f 54/202/141 56/46/36 55/15/10 53/19/14
f 119/203/142 251/204/143 122/205/144 124/206/145 121/207/146
f 64/212/78 66/102/71 79/166/121 74/213/147
f 20/143/105 59/142/104 60/153/111 22/164/119
f 22/168/119 60/170/111 58/133/95 21/132/94
f 41/28/23 62/27/22 63/194/138 42/191/136
f 42/214/136 63/195/138 61/139/101 40/215/148
f 66/102/71 64/212/78 65/189/77 67/99/68
f 8/91/63 17/216/149 37/217/86 238/120/80
f 238/120/80 237/119/79 252/92/64 8/91/63
f 238/120/80 37/217/86 73/218/85 65/117/77
f 216/156/113 69/130/89 214/129/88
f 217/154/60 219/156/150 70/219/151 71/220/120
f 77/221/118 73/222/85 72/64/47 76/131/90
f 79/223/121 71/220/120 70/219/151 78/224/152
f 68/155/112 77/221/118 76/131/90 69/130/89
f 74/225/147 79/223/121 78/224/152 75/226/153
f 219/156/150 218/129/154 70/219/151
f 23/34/28 80/33/27 25/169/122
f 81/227/155 85/228/156 83/229/157
f 83/229/157 85/228/156 84/230/158 82/231/159
f 81/227/155 86/157/160 88/232/161 85/228/156
f 85/228/156 88/232/161 87/233/162 84/230/158
f 86/157/160 89/160/163 91/234/164 88/232/161
f 88/232/161 91/234/164 90/235/165 87/233/162
f 89/160/163 92/236/166 94/237/167 91/234/164
f 91/234/164 94/237/167 93/238/168 90/235/165
f 92/236/166 95/239/169 97/240/170 94/237/167
f 94/237/167 97/240/170 96/241/171 93/238/168
f 95/239/169 98/137/172 100/242/173 97/240/170
f 97/240/170 100/242/173 99/243/174 96/241/171
f 98/137/172 101/244/175 103/245/176 100/242/173
f 100/242/173 103/245/176 102/246/177 99/243/174
f 101/244/175 104/247/178 106/248/179 103/245/176
f 103/245/176 106/248/179 105/249/180 102/246/177
f 104/247/178 107/250/181 109/251/182 106/248/179
f 106/248/179 109/251/182 108/252/183 105/249/180
f 107/250/181 110/253/184 112/254/185 109/251/182
f 109/251/182 112/254/185 111/255/186 108/252/183
f 250/128/87 72/64/47 36/256/46 230/257/187
f 223/258/188 245/259/189 244/260/190 222/261/191
f 113/262/192 116/263/193 118/264/194 115/265/56
f 115/266/56 118/267/194 117/268/195 114/269/57
f 116/270/193 119/271/142 121/272/146 118/273/194
f 118/274/194 121/275/146 120/276/196 117/277/195
f 121/278/146 124/206/145 123/279/197 120/280/196
f 177/281/198 180/279/199 182/282/200 179/283/201
f 122/205/144 125/284/202 127/285/203 124/206/145
f 124/206/145 127/285/203 126/286/204 123/279/197
f 125/284/202 128/287/205 130/288/206 127/285/203
f 127/285/203 130/288/206 129/289/207 126/286/204
f 128/287/205 131/141/208 133/290/209 130/288/206
f 130/288/206 133/290/209 132/291/210 129/289/207
f 131/141/208 135/292/211 133/290/209
f 133/290/209 135/292/211 134/293/212 132/291/210
f 131/141/208 136/23/91 138/294/213 135/292/211
f 135/292/211 138/294/213 137/20/76 134/293/212
f 140/231/214 142/230/215 143/228/216 141/229/217
f 141/229/217 143/228/216 139/227/218
f 142/230/215 144/233/219 146/295/220 143/228/216
f 143/228/216 146/295/220 145/157/221 139/227/218
f 144/233/219 147/296/222 149/234/223 146/295/220
f 146/295/220 149/234/223 148/297/224 145/157/221
f 147/296/222 150/238/225 152/237/226 149/234/223
f 149/234/223 152/237/226 151/236/227 148/297/224
f 150/238/225 153/241/228 155/240/229 152/237/226
f 152/237/226 155/240/229 154/136/230 151/236/227
f 153/241/228 156/298/231 158/242/232 155/240/229
f 155/240/229 158/242/232 157/137/233 154/136/230
f 156/298/231 159/299/234 161/245/235 158/242/232
f 158/242/232 161/245/235 160/244/236 157/137/233
f 159/299/234 162/249/237 164/248/238 161/245/235
f 161/245/235 164/248/238 163/247/239 160/244/236
f 162/249/237 165/252/240 167/251/241 164/248/238
f 164/248/238 167/251/241 166/300/242 163/247/239
f 165/252/240 168/255/243 170/254/244 167/251/241
f 167/251/241 170/254/244 169/253/245 166/300/242
f 242/301/246 171/302/247 173/303/133 240/185/132
f 244/260/190 243/304/248 221/305/249 222/306/191
f 171/307/247 174/308/250 176/309/251 173/310/133
f 173/311/133 176/312/251 175/313/252 172/314/134
f 174/315/250 177/316/198 179/317/201 176/318/251
f 176/319/251 179/320/201 178/321/253 175/322/252
f 179/323/201 182/282/200 181/205/254 178/324/253
f 222/325/191 232/49/39 233/16/11 223/326/188
f 180/279/199 183/327/255 185/285/256 182/282/200
f 182/282/200 185/285/256 184/284/257 181/205/254
f 183/327/255 186/289/258 188/288/259 185/285/256
f 185/285/256 188/288/259 187/287/260 184/284/257
f 186/289/258 189/291/261 191/290/262 188/288/259
f 188/288/259 191/290/262 190/141/263 187/287/260
f 189/291/261 192/293/264 193/328/265 191/290/262
f 191/290/262 193/328/265 190/141/263
f 192/293/264 194/20/15 195/294/266 193/328/265
f 193/328/265 195/294/266 220/23/18 190/141/263
f 200/329/267 196/330/268 198/331/269 201/332/270
f 201/332/270 198/331/269 197/333/271 199/334/272
f 205/335/273 202/336/274 204/337/275 207/338/276
f 207/338/276 204/337/275 203/334/277 206/339/278
f 83/229/279 359/340/280 355/341/281 81/227/282
f 148/297/283 211/342/284 361/343/285 145/157/286
f 366/344/287 141/229/288 139/227/289 362/345/290
f 145/157/286 361/346/285 362/347/290 139/227/289
f 210/348/291 360/349/292 357/350/293 208/351/294
f 208/351/294 197/333/271 198/331/269 210/348/291
f 210/348/291 198/331/269 196/330/268 209/159/116
f 365/352/295 213/353/296 212/351/297 364/354/298
f 206/339/278 212/351/297 213/353/296 207/338/276
f 207/338/276 213/353/296 211/342/284 205/335/273
f 199/334/272 215/154/59 216/156/113 201/332/270
f 201/332/270 216/156/113 214/129/88 200/329/267
f 202/336/274 218/129/154 219/156/150 204/337/275
f 204/337/275 219/156/150 217/154/60 203/334/277
f 136/23/91 137/20/76 138/294/213
f 194/20/15 220/23/18 195/294/266
f 75/226/153 245/259/189 223/355/188 57/356/38
f 250/128/87 230/357/187 229/358/299 249/359/300
f 221/360/249 243/304/248 241/188/301 172/361/302
f 255/362/65 252/92/64 263/363/303 265/364/131
f 221/365/249 172/366/302 175/367/304
f 221/368/249 231/138/100 232/49/39 222/369/191
f 221/370/249 178/371/305 181/205/306 231/138/100
f 223/372/188 233/16/11 55/15/10 57/373/38
f 254/374/307 255/375/65 265/376/131 264/181/130
f 218/129/154 202/336/274 224/377/308
f 217/83/60 71/378/120 15/110/70
f 68/379/112 215/82/59 16/111/69
f 3/24/19 38/21/16 194/20/15
f 137/20/76 18/21/93 9/24/75
f 205/335/273 211/342/284 225/135/97
f 243/304/248 225/135/97 169/253/309 241/188/301
f 245/259/189 218/129/154 224/377/308 244/260/190
f 196/330/268 200/329/267 226/380/310 227/381/311
f 200/329/267 214/129/88 226/380/310
f 209/159/116 227/381/311 95/239/312
f 249/359/300 229/382/299 228/383/313 248/384/314
f 248/384/314 228/385/313 113/386/315 247/387/316
f 247/387/317 113/388/192 115/389/56 246/78/55
f 364/150/108 357/149/108 358/390/318 363/391/318
f 236/151/109 230/392/187 36/393/46 34/15/128
f 40/215/148 190/141/319 220/23/18
f 229/394/299 230/395/187 236/151/109 235/32/26
f 228/396/313 229/397/299 235/32/26 234/31/25
f 113/398/315 228/399/313 116/400/320
f 26/152/110 236/151/109 34/15/128 32/177/126 29/174/124
f 9/24/75 3/24/19 1/25/20
f 263/401/303 280/402/321 279/403/322
f 37/126/86 17/404/149 281/127/48
f 265/405/131 263/363/303 279/406/322 266/407/37
f 168/255/243 242/301/246 240/185/132 170/254/244
f 170/254/244 240/185/132 241/188/135 169/253/245
f 224/377/308 225/135/97 243/304/248 244/260/190
f 70/219/151 218/129/154 245/259/189 75/226/153 78/224/152
f 214/129/88 250/128/87 249/359/300 226/380/310
f 227/381/311 226/380/310 249/359/300 248/384/314
f 110/253/323 227/381/311 248/384/314 247/387/316
f 110/253/184 247/387/317 246/78/55 112/254/185
f 112/254/185 246/78/55 239/81/58 111/255/186
f 82/231/324 358/408/325 359/409/280 83/229/279
f 89/160/117 209/159/116 92/236/326
f 92/236/326 209/159/116 95/239/312
f 95/239/312 227/381/311 98/137/327
f 98/137/327 227/381/311 101/244/328
f 101/244/328 227/381/311 104/247/329
f 104/247/329 227/381/311 107/250/330
f 107/250/330 227/381/311 110/253/323
f 209/159/116 356/410/115 360/411/292 210/348/291
f 154/136/98 211/342/284 151/236/331
f 151/236/331 211/342/284 148/297/283
f 211/342/284 154/136/98 225/135/97
f 361/346/285 211/342/284 213/353/296 365/412/295
f 363/413/332 140/231/333 141/229/288 366/414/287
f 157/137/99 160/244/334 225/135/97
f 160/244/334 163/247/335 225/135/97
f 163/247/335 166/300/336 225/135/97
f 166/300/336 169/253/309 225/135/97
f 202/336/274 205/335/273 225/135/97 224/377/308
f 209/159/116 196/330/268 227/381/311
f 231/138/100 181/205/306 184/284/337
f 190/141/319 231/138/100 187/287/338
f 178/415/305 221/416/249 175/417/304
f 187/287/338 231/138/100 184/284/337
f 116/418/320 228/419/313 119/420/339
f 119/421/339 228/422/313 251/204/340
f 251/204/340 234/31/25 122/205/341
f 122/205/341 234/31/25 125/284/342
f 125/284/342 234/31/25 128/287/343
f 128/287/343 234/31/25 131/141/103
f 234/31/25 251/204/340 228/423/313
f 136/23/91 131/141/103 20/143/105
f 61/139/101 231/138/100 190/141/319 40/215/148
f 258/424/66 255/425/65 254/374/307 257/426/344
f 253/428/106 254/374/307 264/181/130 52/429/107
f 257/426/344 254/374/307 253/428/106 256/430/83
f 261/431/345 17/216/149 8/91/63 258/432/66
f 256/123/83 253/145/106 7/44/34 13/124/84
f 262/433/49 281/434/48 17/216/149 261/435/345
f 260/436/346 261/437/345 258/438/66 257/426/344
f 259/439/82 260/436/346 257/426/344 256/430/83
f 262/440/49 261/441/345 260/436/346 35/442/129
f 33/443/127 35/442/129 260/436/346 259/439/82
f 34/15/128 36/444/46 262/445/49 35/180/129
f 52/429/107 264/181/130 56/184/36 54/446/141
f 266/447/37 279/448/322 75/226/153 57/449/38
f 39/22/17 42/214/136 40/215/148 220/23/18
f 252/92/64 237/119/79 280/476/321 263/363/303
f 237/119/79 64/118/78 74/477/147 280/476/321
f 72/478/47 73/479/85 281/480/48
f 308/575/420 307/576/420 305/577/420 304/578/420 306/579/420 303/580/420 302/581/420 309/582/420
f 81/227/282 355/341/281 356/682/115 86/157/114
f 2/683/461 140/684/461 363/391/318 358/390/318 82/685/461
f 355/341/281 359/340/280 360/411/292 356/410/115
f 359/409/280 358/408/325 357/350/293 360/349/292
f 366/344/287 362/345/290 361/346/285 365/412/295
f 363/413/332 366/414/287 365/352/295 364/354/298
f 321/686/420 320/687/420 322/688/420 319/689/420 318/690/420 325/691/420 324/692/420 323/693/420
s 0
f 578/940/576 580/941/576 585/942/576 610/943/576 611/944/576
f 576/945/577 587/946/577 592/947/577 581/948/577
f 590/949/578 579/945/578 583/948/578 596/947/578
f 577/950/579 576/945/579 581/948/579 582/951/579
f 580/952/576 578/953/576 600/954/576 602/955/576 601/956/576
f 578/953/580 605/957/580 598/958/580 600/954/580
f 579/945/581 580/950/581 601/951/581 583/948/581
f 586/959/582 589/960/582 595/961/582 593/962/582
f 580/963/583 579/964/583 609/965/583 608/966/583 585/967/583
f 585/968/584 584/969/584 606/970/584 610/971/584
f 577/972/585 605/973/585 607/974/585 606/975/585 584/976/585
f 608/977/584 603/978/584 584/969/584 585/968/584
f 587/979/586 590/980/586 591/981/586 588/982/586
f 588/983/587 591/984/587 589/960/587 586/959/587
f 590/949/588 596/947/588 597/985/588 591/986/588
f 591/987/589 597/988/589 595/961/589 589/960/589
f 592/947/590 587/946/590 588/989/590 594/985/590
f 594/990/591 588/991/591 586/959/591 593/962/591
f 590/980/584 587/979/584 576/992/584 579/993/584
f 592/994/592 596/995/592 583/993/592 581/992/592
f 581/992/593 583/993/593 601/968/593 582/969/593
f 597/996/594 596/995/594 592/994/594 594/997/594
f 595/998/595 597/996/595 594/997/595 593/999/595
f 582/969/596 601/1000/596 602/1001/596 599/1002/596
f 599/1003/597 602/1004/597 600/954/597 598/958/597
f 605/957/585 577/1005/585 582/1006/585 599/1007/585 598/958/585
f 605/1008/598 578/1009/598 611/1010/598 607/1011/598
f 607/1002/599 611/1001/599 610/971/599 606/970/599
f 603/978/586 608/977/586 609/1012/586 604/1013/586
f 604/1014/587 609/1015/587 579/1016/587 576/1017/587
f 576/1018/579 577/967/579 584/1019/579 603/1020/579 604/1021/579
s 1
f 614/1022/600 612/1023/600 613/1024/600 625/1025/600 624/1026/600 623/1027/600 640/1028/600 618/1029/600 617/1030/600 616/1031/600 615/1032/600
f 628/1022/601 629/1032/601 630/1031/601 631/1030/601 632/1029/601 635/1028/601 636/1027/601 637/1026/601 638/1025/601 627/1024/601 626/1023/601
f 633/1033/602 657/1034/603 620/1035/604 621/1036/605
f 616/1037/606 617/1038/607 631/1039/607 630/1040/606
f 623/1041/608 624/1042/609 637/1043/609 636/1044/608
f 617/1038/607 618/1045/610 632/1046/610 631/1039/607
f 624/1042/609 625/1047/611 638/1048/611 637/1043/609
f 625/1049/612 613/1050/612 627/1051/612 638/1052/612
f 619/1053/613 659/1054/614 661/1055/615 645/1056/615
f 619/1053/613 620/1035/604 657/1034/603 659/1054/614
f 612/1057/616 614/1058/617 628/1059/617 626/1060/616
f 621/1061/605 622/1062/618 654/1063/619 633/1064/602
f 622/1062/618 651/1065/620 634/1066/621 654/1063/619
f 614/1058/617 615/1067/622 629/1068/622 628/1059/617
f 651/1069/620 640/1070/623 635/1071/623 634/1072/621
f 615/1073/624 616/1037/606 630/1040/606 629/1074/624
f 640/1075/625 623/1041/608 636/1044/608 635/1076/625
f 613/1077/626 612/1078/626 626/1079/626 627/1080/626
f 635/1071/627 632/1081/628 665/1082/629
f 652/1083/630 664/1084/631 662/1085/632 660/1086/633 658/1087/634 656/1088/635 655/1089/636 653/1090/637
f 618/1029/638 640/1028/639 641/1091/640 639/1092/641
f 665/1082/642 663/1093/643 662/1094/632 664/1095/631
f 642/1096/644 644/1097/645 645/1098/646 643/1099/647
f 644/1100/645 646/1101/648 619/1102/649 645/1103/646
f 646/1101/648 647/1104/650 620/1105/651 619/1102/649
f 647/1104/650 648/1106/652 621/1107/653 620/1105/651
f 648/1106/652 649/1108/654 622/1109/655 621/1107/653
f 649/1108/654 650/1110/656 651/1111/657 622/1109/655
f 650/1110/656 641/1091/640 640/1028/639 651/1111/657
f 641/1091/640 650/1110/656 649/1108/654 648/1106/652 647/1104/650 646/1101/648 644/1100/645 642/1112/644 639/1092/641
f 654/1063/658 634/1066/659 652/1113/630 653/1114/637
f 657/1115/660 633/1107/661 655/1089/636 656/1088/635
f 661/1055/662 659/1054/663 658/1116/634 660/1117/633
f 663/1093/664 665/1082/629 632/1081/628 618/1118/664 643/1056/664
f 664/1095/631 652/1119/630 635/1071/665 665/1082/642
f 634/1072/659 635/1071/665 652/1119/630
f 633/1064/661 654/1063/658 653/1114/637 655/1120/636
f 659/1121/663 657/1115/660 656/1088/635 658/1087/634
f 663/1122/643 661/1103/662 660/1086/633 662/1085/632
f 639/1123/641 642/1124/644 643/1056/647 618/1118/638
f 675/1033/666 670/1036/667 669/1035/668 697/1034/669
f 666/1038/670 673/1039/670 674/1046/670 667/1045/670
f 668/1053/671 685/1056/672 701/1055/672 699/1054/673
f 668/1053/671 699/1054/673 697/1034/669 669/1035/668
f 670/1061/667 675/1064/666 694/1063/674 671/1062/675
f 671/1062/675 694/1063/674 676/1066/676 691/1065/677
f 691/1069/677 676/1072/676 677/1071/678 680/1070/678
f 666/1125/679 667/1126/679 680/1127/679 672/1128/679
f 680/1075/680 677/1076/680 678/1044/680 672/1041/680
f 677/1071/681 705/1082/682 674/1081/683
f 692/1083/684 693/1090/685 695/1089/686 696/1088/687 698/1087/688 700/1086/689 702/1085/690 704/1084/691
f 667/1029/692 679/1092/693 681/1091/694 680/1028/695
f 705/1082/696 704/1095/691 702/1094/690 703/1093/697
f 682/1096/698 683/1099/699 685/1098/700 684/1097/701
f 684/1100/701 685/1103/700 668/1102/702 686/1101/703
f 686/1101/703 668/1102/702 669/1105/704 687/1104/705
f 687/1104/705 669/1105/704 670/1107/706 688/1106/707
f 688/1106/707 670/1107/706 671/1109/708 689/1108/709
f 689/1108/709 671/1109/708 691/1111/710 690/1110/711
f 690/1110/711 691/1111/710 680/1028/695 681/1091/694
f 681/1091/694 679/1092/693 682/1112/698 684/1100/701 686/1101/703 687/1104/705 688/1106/707 689/1108/709 690/1110/711
f 694/1063/712 693/1114/685 692/1113/684 676/1066/713
f 697/1115/714 696/1088/687 695/1089/686 675/1107/715
f 701/1055/716 700/1117/689 698/1116/688 699/1054/717
f 703/1093/718 683/1056/718 667/1118/718 674/1081/683 705/1082/682
f 704/1095/691 705/1082/696 677/1071/719 692/1119/684
f 676/1072/713 692/1119/684 677/1071/719
f 675/1064/715 695/1120/686 693/1114/685 694/1063/712
f 699/1121/717 698/1087/688 696/1088/687 697/1115/714
f 703/1122/697 702/1085/690 700/1086/689 701/1103/716
f 679/1123/693 667/1118/692 683/1056/699 682/1124/698
s 0
f 709/940/720 711/941/720 715/942/720 749/1129/720 750/1130/720
f 707/945/721 717/946/721 722/947/721 712/948/721
f 720/949/722 710/945/722 713/948/722 726/947/722
f 708/950/723 707/945/723 712/948/723 734/951/723
f 710/945/724 711/950/724 738/951/724 713/948/724
f 752/1131/725 706/957/725 735/1132/725 740/1133/725
f 731/1134/726 719/960/726 725/961/726 732/1135/726
f 747/1136/727 755/1137/727 728/1138/727 715/968/727
f 708/972/728 706/1139/728 746/1140/728 745/1141/728 714/976/728
f 715/968/729 728/1138/729 751/1142/729 749/1143/729
f 755/1137/730 743/1144/730 714/969/730 728/1138/730
f 729/1145/731 720/980/731 721/981/731 730/1146/731
f 730/1147/732 721/984/732 719/960/732 731/1134/732
f 720/949/733 726/947/733 727/985/733 721/986/733
f 721/987/734 727/988/734 725/961/734 719/960/734
f 722/947/735 717/946/735 718/989/735 724/985/735
f 724/990/736 718/991/736 716/959/736 723/962/736
f 729/1145/737 717/979/737 707/992/737 754/1148/737
f 720/980/738 729/1145/738 754/1148/738 710/993/738
f 718/983/739 730/1147/739 731/1134/739 716/959/739
f 717/979/740 729/1145/740 730/1146/740 718/982/740
f 711/963/741 710/1149/741 748/1150/741 747/1151/741 715/967/741
f 728/1138/742 714/969/742 745/1152/742 751/1142/742
f 716/959/726 731/1134/726 732/1135/726 723/962/726
f 709/953/725 752/1131/725 740/1133/725 737/1153/725
f 711/952/720 709/953/720 737/1153/720 739/1154/720 738/956/720
f 733/1155/743 713/993/743 738/968/743 741/1156/743
f 733/1155/744 741/1156/744 734/969/744 712/992/744
f 725/998/745 727/996/745 726/995/745 713/993/745 733/1155/745 732/1157/745
f 732/1157/746 733/1155/746 712/992/746 722/994/746 724/997/746 723/999/746
f 741/1158/747 738/1159/747 739/1001/747 742/1160/747
f 742/1161/748 739/1004/748 737/1153/748 740/1133/748
f 734/1162/749 741/1156/749 742/1160/749 736/1002/749
f 736/1003/750 742/1161/750 740/1133/750 735/1132/750
f 706/957/728 708/1005/728 734/1163/728 736/1164/728 735/1165/728
f 752/1166/751 709/1009/751 750/1010/751 753/1167/751
f 753/1168/752 750/1001/752 749/1143/752 751/1142/752
f 755/1137/753 747/1136/753 748/1169/753 756/1170/753
f 756/1171/754 748/1172/754 710/1173/754 754/1174/754
f 706/1175/755 752/1131/755 753/1176/755 746/1011/755
f 746/1002/756 753/1177/756 751/1142/756 745/1152/756
f 743/1144/757 755/1137/757 756/1178/757 744/1179/757
f 744/1180/758 756/1181/758 754/1174/758 707/1182/758
f 707/1018/759 708/967/759 714/1019/759 743/1183/759 744/1184/759
s 1
f 677/1195/768 674/1196/768 673/1197/768 678/1198/768
f 678/1199/769 673/1200/769 666/1201/769 672/1202/769
f 280/402/321 74/1203/147 75/1204/153 279/403/322
f 13/124/84 7/44/34 6/2/2 12/103/72
usemtl metal_2_1
f 93/5/5 150/6/5 147/7/6 90/8/6
f 132/9/7 134/10/8 192/11/8 189/12/7
f 93/5/5 96/13/9 153/14/9 150/6/5
f 99/29/24 156/30/24 153/14/9 96/13/9
f 99/29/24 102/36/30 159/37/30 156/30/24
f 84/38/31 87/39/32 144/40/32 142/41/31
f 102/36/30 105/42/33 162/43/33 159/37/30
f 111/55/43 168/56/43 165/57/44 108/58/44
f 239/59/45 242/60/45 168/61/43 111/62/43
f 142/67/31 140/68/50 2/69/50
f 126/72/52 183/73/52 180/74/53 123/75/53
f 129/76/54 186/77/54 183/73/52 126/72/52
f 87/39/32 90/84/6 147/85/6 144/40/32
f 84/86/31 142/67/31 2/69/50
f 120/87/61 177/88/61 174/89/62 117/90/62
f 114/95/67 117/96/62 174/97/62 171/98/67
f 105/106/33 108/58/44 165/57/44 162/107/33
f 134/112/8 137/113/76 1/114/20 194/115/15 192/116/8
f 180/208/53 177/209/61 120/210/61 123/211/53
f 82/427/50 84/86/31 2/69/50
f 132/9/7 189/12/7 186/77/54 129/76/54
s 0
f 267/450/347 268/451/347 270/452/347 269/453/347
f 269/454/348 270/455/348 274/456/348 273/457/348
f 273/453/349 274/452/349 272/451/349 271/450/349
f 268/451/347 267/450/347 275/458/347 276/459/347
f 269/460/350 273/461/350 271/462/350 267/463/350
f 274/464/351 270/465/351 268/466/351 272/467/351
f 277/468/352 278/469/352 276/470/352 275/471/352
f 267/463/353 271/462/353 277/472/353 275/473/353
f 272/467/354 268/466/354 276/474/354 278/475/354
f 271/450/349 272/451/349 278/459/349 277/458/349
s 1
f 508/481/355 520/482/356 464/483/357 461/484/358
f 469/485/359 541/486/360 535/482/361 470/483/362
f 523/486/363 463/485/364 464/483/357 520/482/356
f 285/487/365 283/488/366 478/489/366 486/490/365
f 282/491/367 284/492/368 447/493/368 448/494/367
f 517/495/369 462/496/370 463/497/364 523/498/363
f 519/499/371 507/500/372 557/501/372 560/502/371
f 291/503/365 286/504/365 481/505/365 501/506/373
f 465/507/374 489/508/375 493/509/376 466/510/377
f 289/511/366 290/512/366 492/513/366 490/514/366
f 496/515/378 504/516/379 470/483/362 467/484/380
f 468/517/381 538/518/382 541/519/360 469/520/359
f 459/521/383 511/522/384 514/523/385 460/524/386
f 295/525/387 300/526/387 299/527/387 301/528/387 297/529/387 298/530/387 294/531/387 296/532/387
f 371/533/388 437/534/389 438/535/390 392/536/391
f 298/537/392 384/538/393 367/539/394 294/540/395
f 433/541/396 383/542/397 380/543/398 435/544/399
f 434/545/400 368/546/401 383/547/397 433/548/396
f 379/549/402 297/550/403 301/551/404 395/552/405
f 395/553/405 301/537/404 299/540/406 388/554/407
f 297/550/403 379/549/402 384/555/393 298/556/392
f 387/557/408 431/545/409 432/548/410 396/558/411
f 444/559/412 408/560/413 400/546/401 442/545/400
f 392/561/391 438/559/390 431/545/409 387/557/408
f 437/534/389 371/533/388 376/562/413 436/563/412
f 396/564/411 432/565/410 435/544/399 380/543/398
f 372/566/414 295/567/415 296/568/416 375/569/417
f 375/570/417 296/571/416 294/540/395 367/539/394
f 295/567/415 372/566/414 391/572/418 300/573/419
f 300/571/419 391/574/418 388/554/407 299/540/406
f 311/583/387 316/584/387 315/585/387 317/586/387 313/587/387 314/588/387 310/589/387 312/590/387
f 403/591/388 445/592/389 446/593/390 424/594/391
f 314/537/392 416/538/393 399/539/394 310/540/395
f 441/595/396 415/596/397 412/597/398 443/598/399
f 442/545/400 400/546/401 415/547/397 441/548/396
f 411/599/402 313/600/403 317/601/404 427/602/405
f 427/553/405 317/537/404 315/540/406 420/554/407
f 313/600/403 411/599/402 416/603/393 314/604/392
f 419/557/408 439/545/409 440/548/410 428/558/411
f 424/561/391 446/559/390 439/545/409 419/557/408
f 445/592/389 403/591/388 408/605/413 444/606/412
f 428/607/411 440/608/410 443/598/399 412/597/398
f 404/609/414 311/610/421 312/611/416 407/612/417
f 407/570/417 312/571/416 310/540/395 399/539/394
f 311/610/421 404/609/414 423/613/418 316/614/422
f 316/571/422 423/574/418 420/554/407 315/540/406
f 335/615/423 347/616/424 343/617/425 328/618/426
f 329/619/427 331/620/427 330/621/427 336/622/427 335/623/427 328/624/427 327/625/427
f 759/626/428 764/627/429 574/628/430 575/629/431
f 339/617/432 351/616/433 329/615/434 327/618/435
f 353/630/436 330/631/436 331/632/437 352/633/438
f 352/634/438 331/635/437 329/615/434 351/616/433
f 347/616/424 335/615/423 336/635/439 354/634/440
f 354/636/440 336/637/439 330/631/436 353/630/436
f 344/638/441 349/639/442 350/640/443 340/641/444
f 340/642/444 350/643/443 351/616/433 339/617/432
f 349/639/442 344/638/441 345/644/445 348/645/446
f 348/643/446 345/642/445 343/617/425 347/616/424
f 327/625/447 328/624/447 343/646/447 345/647/447 344/648/447 340/649/447 339/650/447
f 337/651/448 346/652/448 348/653/448 347/654/448
f 346/652/448 341/655/448 349/656/448 348/653/448
f 342/657/448 333/658/448 351/659/448 350/660/448
f 334/661/448 332/662/448 353/663/448 352/664/448
f 333/658/448 334/661/448 352/664/448 351/659/448
f 338/665/448 337/651/448 347/654/448 354/666/448
f 332/662/448 338/665/448 354/666/448 353/663/448
f 341/655/448 342/657/448 350/660/448 349/656/448
f 758/667/449 759/668/428 575/669/431 567/670/450
f 761/671/451 760/672/452 569/673/453 570/674/454
f 764/627/429 763/675/455 573/676/456 574/628/430
f 763/668/455 762/677/457 572/670/458 573/669/456
f 762/677/457 761/678/451 570/679/454 572/670/458
f 760/672/452 757/680/459 568/681/460 569/673/453
f 376/562/413 371/533/388 373/694/462 378/695/463
f 378/695/463 373/694/462 374/696/464 377/697/465
f 377/697/465 374/696/464 372/566/414 375/569/417
f 368/546/401 376/560/413 378/698/463 370/699/466
f 370/699/466 378/698/463 377/700/465 369/701/467
f 369/701/467 377/700/465 375/570/417 367/539/394
f 380/543/398 383/542/397 385/702/468 382/703/469
f 382/703/469 385/702/468 386/704/470 381/705/471
f 381/705/471 386/704/470 384/555/393 379/549/402
f 392/561/391 387/557/408 389/706/472 394/707/473
f 394/707/473 389/706/472 390/708/474 393/709/475
f 393/709/475 390/708/474 388/554/407 391/574/418
f 383/547/397 368/546/401 370/699/466 385/710/468
f 385/710/468 370/699/466 369/701/467 386/711/470
f 386/711/470 369/701/467 367/539/394 384/538/393
f 371/533/388 392/536/391 394/712/473 373/694/462
f 373/694/462 394/712/473 393/713/475 374/696/464
f 374/696/464 393/713/475 391/572/418 372/566/414
f 396/564/411 380/543/398 382/703/469 398/714/476
f 398/714/476 382/703/469 381/705/471 397/715/477
f 397/715/477 381/705/471 379/549/402 395/552/405
f 387/557/408 396/558/411 398/716/476 389/706/472
f 389/706/472 398/716/476 397/717/477 390/708/474
f 390/708/474 397/717/477 395/553/405 388/554/407
f 408/605/413 403/591/388 405/718/462 410/719/463
f 410/719/463 405/718/462 406/720/464 409/721/465
f 409/721/465 406/720/464 404/609/414 407/612/417
f 400/546/401 408/560/413 410/698/463 402/699/466
f 402/699/466 410/698/463 409/700/465 401/701/467
f 401/701/467 409/700/465 407/570/417 399/539/394
f 412/597/398 415/596/397 417/722/468 414/723/469
f 414/723/469 417/722/468 418/724/470 413/725/471
f 413/725/471 418/724/470 416/603/393 411/599/402
f 424/561/391 419/557/408 421/706/472 426/707/473
f 426/707/473 421/706/472 422/708/474 425/709/475
f 425/709/475 422/708/474 420/554/407 423/574/418
f 415/547/397 400/546/401 402/699/466 417/710/468
f 417/710/468 402/699/466 401/701/467 418/711/470
f 418/711/470 401/701/467 399/539/394 416/538/393
f 403/591/388 424/594/391 426/726/473 405/718/462
f 405/718/462 426/726/473 425/727/475 406/720/464
f 406/720/464 425/727/475 423/613/418 404/609/414
f 428/607/411 412/597/398 414/723/469 430/728/476
f 430/728/476 414/723/469 413/725/471 429/729/477
f 429/729/477 413/725/471 411/599/402 427/602/405
f 419/557/408 428/558/411 430/716/476 421/706/472
f 421/706/472 430/716/476 429/717/477 422/708/474
f 422/708/474 429/717/477 427/553/405 420/554/407
f 436/559/412 376/560/413 368/546/401 434/545/400
f 302/730/420 303/731/420 432/732/410 431/733/409
f 304/734/420 305/735/420 434/736/400 433/737/396
f 306/738/420 304/734/420 433/737/396 435/739/399
f 307/740/420 308/741/420 437/742/389 436/743/412
f 303/731/420 306/738/420 435/739/399 432/732/410
f 305/735/420 307/740/420 436/743/412 434/736/400
f 308/741/420 309/744/420 438/745/390 437/742/389
f 309/744/420 302/730/420 431/733/409 438/745/390
f 318/746/420 319/747/420 440/748/410 439/749/409
f 320/750/420 321/751/420 442/752/400 441/753/396
f 322/754/420 320/750/420 441/753/396 443/755/399
f 323/756/420 324/757/420 445/758/389 444/759/412
f 319/747/420 322/754/420 443/755/399 440/748/410
f 321/751/420 323/756/420 444/759/412 442/752/400
f 324/757/420 325/760/420 446/761/390 445/758/389
f 325/760/420 318/746/420 439/749/409 446/761/390
f 475/762/478 489/508/375 465/507/374 459/521/383
f 284/763/366 282/764/366 474/765/366 472/766/366
f 287/767/365 285/487/365 486/490/365 483/768/365
f 463/485/364 484/769/479 487/516/480 464/483/357
f 290/512/366 288/770/366 495/771/366 492/513/366
f 466/772/377 493/773/376 496/515/378 467/484/380
f 293/774/373 291/503/365 501/506/373 499/775/365
f 461/484/358 464/483/357 487/516/480 477/515/481
f 502/776/482 480/777/483 462/496/370 468/517/381
f 286/504/365 287/767/365 483/768/365 481/505/365
f 502/776/482 468/517/381 469/520/359 498/778/484
f 448/779/366 447/780/366 449/781/366 452/782/366 451/783/366 450/784/366 457/785/366 456/786/366 458/787/366 455/788/366 454/789/366 453/790/366
f 293/791/485 292/792/372 458/793/372 456/794/486
f 290/795/487 289/796/488 453/797/488 454/798/487
f 292/792/372 288/799/489 455/800/371 458/793/372
f 284/801/368 283/799/490 449/800/490 447/802/368
f 289/796/488 282/491/367 448/494/367 453/797/488
f 288/799/489 290/801/487 454/802/487 455/800/371
f 287/803/491 286/804/492 450/805/492 451/806/491
f 283/799/490 285/792/493 452/793/493 449/800/490
f 291/807/494 293/808/485 456/809/486 457/810/494
f 285/792/493 287/791/491 451/794/491 452/793/493
f 286/804/492 291/807/494 457/810/494 450/805/492
f 282/764/366 289/511/366 490/514/366 474/765/366
f 292/811/366 293/774/373 499/775/365 505/812/366
f 498/769/484 469/485/359 470/483/362 504/516/379
f 467/484/380 470/483/362 535/482/361 529/481/495
f 532/813/496 466/772/377 467/484/380 529/481/495
f 526/814/497 465/507/374 466/510/377 532/815/496
f 468/517/381 462/496/370 517/495/369 538/518/382
f 283/488/366 284/763/366 472/766/366 478/489/366
f 471/773/498 460/772/386 461/484/358 477/515/481
f 459/521/383 465/507/374 526/814/497 511/522/384
f 462/496/370 480/777/483 484/816/479 463/497/364
f 288/770/366 292/811/366 505/812/366 495/771/366
f 472/766/499 474/765/500 476/817/501 473/818/502
f 473/819/502 476/820/501 475/762/503 471/821/504
f 478/489/505 472/766/499 473/818/502 479/822/506
f 479/823/506 473/824/502 471/773/504 477/515/507
f 481/505/508 483/768/509 485/825/510 482/826/511
f 482/827/511 485/828/510 484/816/512 480/777/513
f 483/768/509 486/490/514 488/829/515 485/825/510
f 485/830/510 488/831/515 487/516/516 484/769/512
f 490/514/517 492/513/518 494/832/519 491/833/520
f 491/834/520 494/835/519 493/509/521 489/508/522
f 492/513/518 495/771/523 497/836/524 494/832/519
f 494/824/519 497/823/524 496/515/525 493/773/521
f 499/775/526 501/506/527 503/837/528 500/838/529
f 500/839/529 503/840/528 502/776/530 498/778/531
f 505/812/532 499/775/526 500/838/529 506/841/533
f 506/831/533 500/830/529 498/769/531 504/516/534
f 474/765/500 490/514/517 491/833/520 476/817/501
f 476/820/501 491/834/520 489/508/522 475/762/503
f 486/490/514 478/489/505 479/822/506 488/829/515
f 488/831/515 479/823/506 477/515/507 487/516/516
f 501/506/527 481/505/508 482/826/511 503/837/528
f 503/840/528 482/827/511 480/777/513 502/776/530
f 504/516/534 496/515/525 497/823/524 506/831/533
f 506/841/533 497/836/524 495/771/523 505/812/532
f 475/762/478 459/521/383 460/524/386 471/821/498
f 543/842/535 544/843/536 515/844/537 512/845/538
f 512/846/538 515/847/537 514/523/539 511/522/540
f 544/843/536 545/848/541 509/849/542 515/844/537
f 515/850/537 509/851/542 508/481/543 514/813/539
f 546/852/544 547/853/545 518/854/546 524/855/547
f 524/856/547 518/857/546 517/495/548 523/498/549
f 548/858/550 546/852/544 524/855/547 521/859/551
f 521/860/551 524/861/547 523/486/549 520/482/552
f 549/862/553 550/863/554 527/864/555 533/865/556
f 533/866/556 527/867/555 526/814/557 532/815/558
f 551/868/559 549/862/553 533/865/556 530/869/560
f 530/851/560 533/870/556 532/813/558 529/481/561
f 552/871/562 553/872/563 542/873/564 539/874/565
f 539/875/565 542/876/564 541/519/566 538/518/567
f 553/872/563 554/877/568 536/878/569 542/873/564
f 542/861/564 536/860/569 535/482/570 541/486/566
f 550/863/554 543/842/535 512/845/538 527/864/555
f 527/867/555 512/846/538 511/522/540 526/814/557
f 545/848/541 548/858/550 521/859/551 509/849/542
f 509/851/542 521/860/551 520/482/552 508/481/543
f 529/481/561 535/482/570 536/860/569 530/851/560
f 530/869/560 536/878/569 554/877/568 551/868/559
f 538/518/567 517/495/548 518/857/546 539/875/565
f 539/874/565 518/854/546 547/853/545 552/871/562
f 460/772/386 514/813/385 508/481/355 461/484/358
f 510/879/387 513/880/571 544/843/571 543/842/387
f 513/880/571 507/881/571 545/848/571 544/843/571
f 522/882/387 516/883/387 547/853/387 546/852/387
f 519/884/387 522/882/387 546/852/387 548/858/387
f 531/885/571 525/886/387 550/863/387 549/862/571
f 528/887/571 531/885/571 549/862/571 551/868/571
f 537/888/387 540/889/387 553/872/387 552/871/387
f 540/889/387 534/890/387 554/877/387 553/872/387
f 525/886/387 510/879/387 543/842/387 550/863/387
f 507/881/571 519/884/387 548/858/387 545/848/571
f 534/890/387 528/887/571 551/868/571 554/877/387
f 516/883/387 537/888/387 552/871/387 547/853/387
f 562/891/387 561/892/387 563/893/387 566/894/387 565/895/387 564/896/387 559/897/387 558/898/387 560/899/387 557/900/387 556/901/387 555/902/387
f 540/903/368 537/904/367 564/905/367 565/906/572
f 522/907/487 519/499/371 560/502/371 558/908/487
f 528/500/493 534/909/490 566/502/490 563/501/573
f 513/910/486 510/911/494 555/912/494 556/913/485
f 534/909/490 540/907/368 565/908/572 566/502/490
f 525/914/492 531/915/491 561/916/491 562/917/492
f 537/904/367 516/918/574 559/919/574 564/905/367
f 507/500/372 513/920/486 556/921/485 557/501/372
f 510/911/494 525/914/492 562/917/492 555/912/494
f 531/922/491 528/500/493 563/501/573 561/923/491
f 516/918/574 522/924/487 558/925/487 559/919/574
f 571/926/575 568/927/460 567/928/450
f 571/929/575 569/930/453 568/927/460
f 571/931/575 572/932/458 570/933/454
f 571/934/575 574/628/430 573/676/456
f 571/935/575 573/669/456 572/670/458
f 571/936/575 567/670/450 575/669/431
f 571/937/575 575/629/431 574/628/430
f 571/931/575 570/933/454 569/930/453
f 757/938/459 758/667/449 567/670/450 568/939/460
f 346/1185/760 337/1186/761 758/667/449 757/938/459
f 341/1187/762 346/1188/760 757/680/459 760/672/452
f 333/1186/763 342/1189/764 761/678/451 762/677/457
f 334/1190/765 333/1186/763 762/677/457 763/668/455
f 332/1191/766 334/1192/765 763/675/455 764/627/429
f 342/1193/764 341/1187/762 760/672/452 761/671/451
f 337/1186/761 338/1190/767 759/668/428 758/667/449
f 338/1194/767 332/1191/766 764/627/429 759/626/428
f 171/1205/67 242/60/45 239/59/45 114/1206/67
o van_3_wheel_rl
v 0.182534 0.000000 0.312883
v 0.182534 -0.061671 0.306809
v 0.182534 -0.120973 0.288820
v 0.182534 -0.175625 0.259608
v 0.182534 -0.223528 0.220294
v 0.182534 -0.262842 0.172391
v 0.182534 -0.292054 0.117739
v 0.182534 -0.310043 0.058437
v 0.182534 0.316117 -0.003234
v 0.182534 0.310043 0.058437
v 0.182534 0.292054 0.117739
v 0.182534 0.262842 0.172391
v 0.182534 0.223528 0.220294
v 0.182534 0.175625 0.259608
v 0.182534 0.120973 0.288820
v 0.182534 0.061671 0.306809
v 0.182534 -0.316117 -0.003234
v 0.182534 -0.310043 -0.064905
v 0.182534 -0.292054 -0.124207
v 0.182534 -0.262842 -0.178859
v 0.182534 -0.223528 -0.226762
v 0.182534 -0.175625 -0.266075
v 0.182534 -0.120973 -0.295288
v 0.182534 -0.061671 -0.313277
v 0.182534 0.000000 -0.319351
v 0.182534 0.061671 -0.313277
v 0.182534 0.120973 -0.295288
v 0.182534 0.175625 -0.266076
v 0.182534 0.223528 -0.226762
v 0.182534 0.262842 -0.178859
v 0.182534 0.292054 -0.124207
v 0.182534 0.310043 -0.064905
v 0.192534 0.000000 0.312883
v 0.192534 0.061671 0.306809
v 0.192534 -0.316117 -0.003234
v 0.192534 -0.310043 0.058437
v 0.192534 0.000000 -0.319351
v 0.192534 -0.061671 -0.313277
v 0.192534 0.316117 -0.003234
v 0.192534 0.310043 -0.064905
v 0.192534 -0.310043 -0.064905
v 0.192534 -0.292054 -0.124207
v 0.192534 -0.262842 -0.178859
v 0.192534 -0.223528 -0.226762
v 0.192534 -0.175625 -0.266075
v 0.192534 -0.120973 -0.295288
v 0.192534 0.292054 -0.124207
v 0.192534 0.262842 -0.178859
v 0.192534 0.223528 -0.226762
v 0.192534 0.175625 -0.266076
v 0.192534 0.120973 -0.295288
v 0.192534 0.061671 -0.313277
v 0.192534 -0.292054 0.117739
v 0.192534 -0.262842 0.172391
v 0.192534 -0.223528 0.220294
v 0.192534 -0.175625 0.259608
v 0.192534 -0.120973 0.288820
v 0.192534 -0.061671 0.306809
v 0.192534 0.310043 0.058437
v 0.192534 0.292054 0.117739
v 0.192534 0.262842 0.172391
v 0.192534 0.223528 0.220294
v 0.192534 0.175625 0.259608
v 0.192534 0.120973 0.288820
v 0.201646 0.000000 0.177223
v 0.201646 0.035205 0.173756
v 0.201646 -0.180457 -0.003234
v 0.201646 -0.176989 0.031971
v 0.201646 -0.000000 -0.183691
v 0.201646 -0.035205 -0.180223
v 0.201646 0.180457 -0.003234
v 0.201646 0.176989 -0.038439
v 0.201646 -0.176989 -0.038439
v 0.201646 -0.166720 -0.072292
v 0.201646 -0.150044 -0.103490
v 0.201646 -0.127602 -0.130836
v 0.201646 -0.100256 -0.153278
v 0.201646 -0.069058 -0.169954
v 0.201646 0.166720 -0.072292
v 0.201646 0.150044 -0.103490
v 0.201646 0.127602 -0.130836
v 0.201646 0.100256 -0.153278
v 0.201646 0.069058 -0.169954
v 0.201646 0.035205 -0.180223
v 0.201646 -0.166720 0.065824
v 0.201646 -0.150044 0.097022
v 0.201646 -0.127602 0.124368
v 0.201646 -0.100256 0.146810
v 0.201646 -0.069058 0.163486
v 0.201646 -0.035205 0.173756
v 0.201646 0.176989 0.031971
v 0.201646 0.166720 0.065824
v 0.201646 0.150044 0.097023
v 0.201646 0.127602 0.124368
v 0.201646 0.100256 0.146810
v 0.201646 0.069058 0.163486
v -0.171554 -0.443839 0.085051
v -0.186389 -0.437782 0.083846
v -0.171554 -0.418087 0.169943
v -0.186389 -0.412382 0.167580
v -0.171554 -0.376268 0.248180
v -0.186389 -0.371134 0.244750
v -0.171554 -0.319990 0.316756
v -0.186389 -0.315624 0.312390
v -0.171554 -0.251414 0.373034
v -0.186389 -0.247984 0.367900
v -0.171554 -0.173177 0.414853
v -0.186389 -0.170814 0.409148
v -0.171554 -0.088285 0.440605
v -0.186389 -0.087080 0.434548
v -0.171554 -0.000000 0.449300
v -0.186389 -0.000000 0.443125
v -0.171554 0.088285 0.440605
v -0.186389 0.087080 0.434549
v -0.171554 0.173177 0.414853
v -0.186389 0.170814 0.409148
v -0.171554 0.251414 0.373034
v -0.186389 0.247984 0.367900
v -0.171554 0.319990 0.316756
v -0.186389 0.315624 0.312390
v -0.171554 0.376268 0.248180
v -0.186389 0.371134 0.244750
v -0.171554 0.418087 0.169943
v -0.186389 0.412382 0.167580
v -0.171554 0.443839 0.085051
v -0.186389 0.437782 0.083846
v -0.171554 -0.000000 -0.455768
v -0.186389 0.000000 -0.449593
v -0.171554 -0.452534 -0.003234
v -0.186389 -0.446359 -0.003234
v -0.171554 -0.088285 -0.447073
v -0.186389 -0.087080 -0.441016
v -0.171554 -0.173177 -0.421321
v -0.186389 -0.170814 -0.415616
v -0.171554 -0.251414 -0.379502
v -0.186389 -0.247984 -0.374368
v -0.171554 -0.319990 -0.323224
v -0.186389 -0.315624 -0.318857
v -0.171554 -0.376268 -0.254648
v -0.186389 -0.371134 -0.251218
v -0.171554 -0.418087 -0.176411
v -0.186389 -0.412382 -0.174048
v -0.171554 -0.443839 -0.091519
v -0.186389 -0.437782 -0.090314
v -0.171554 0.452534 -0.003234
v -0.186389 0.446359 -0.003234
v -0.171554 0.443839 -0.091519
v -0.186389 0.437782 -0.090314
v -0.171554 0.418087 -0.176411
v -0.186389 0.412382 -0.174048
v -0.171554 0.376268 -0.254648
v -0.186389 0.371134 -0.251218
v -0.171554 0.319990 -0.323224
v -0.186389 0.315624 -0.318857
v -0.171554 0.251414 -0.379502
v -0.186389 0.247984 -0.374368
v -0.171554 0.173177 -0.421321
v -0.186389 0.170814 -0.415616
v -0.171554 0.088285 -0.447073
v -0.186389 0.087080 -0.441016
v 0.161553 -0.000000 0.449300
v 0.182534 0.000000 0.428218
v 0.176389 -0.000000 0.443125
v 0.182534 0.084172 0.419928
v 0.161553 0.088285 0.440605
v 0.176389 0.087080 0.434549
v 0.161553 -0.452534 -0.003234
v 0.182534 -0.431452 -0.003234
v 0.176389 -0.446359 -0.003234
v 0.182534 -0.423162 0.080938
v 0.161553 -0.443839 0.085051
v 0.176389 -0.437783 0.083846
v 0.161553 -0.000000 -0.455768
v 0.182534 0.000000 -0.434686
v 0.176389 0.000000 -0.449593
v 0.182534 -0.084172 -0.426396
v 0.161553 -0.088285 -0.447073
v 0.176389 -0.087080 -0.441016
v 0.161553 0.452534 -0.003234
v 0.182534 0.431452 -0.003234
v 0.176389 0.446359 -0.003234
v 0.182534 0.423162 -0.087406
v 0.161553 0.443839 -0.091519
v 0.176389 0.437782 -0.090314
v 0.161553 -0.443839 -0.091519
v 0.182534 -0.423162 -0.087406
v 0.176389 -0.437783 -0.090314
v 0.161553 -0.418087 -0.176411
v 0.182534 -0.398610 -0.168343
v 0.176389 -0.412382 -0.174048
v 0.161553 -0.376268 -0.254648
v 0.182534 -0.358739 -0.242936
v 0.176389 -0.371134 -0.251218
v 0.161553 -0.319990 -0.323224
v 0.182534 -0.305083 -0.308316
v 0.176389 -0.315624 -0.318857
v 0.161553 -0.251414 -0.379502
v 0.182534 -0.239702 -0.361973
v 0.176389 -0.247984 -0.374368
v 0.161553 -0.173177 -0.421321
v 0.182534 -0.165110 -0.401844
v 0.176389 -0.170814 -0.415616
v 0.182534 0.398610 -0.168344
v 0.161553 0.418087 -0.176411
v 0.176389 0.412382 -0.174048
v 0.182534 0.358739 -0.242936
v 0.161553 0.376268 -0.254648
v 0.176389 0.371134 -0.251218
v 0.182534 0.305083 -0.308317
v 0.161553 0.319990 -0.323224
v 0.176389 0.315624 -0.318857
v 0.182534 0.239702 -0.361973
v 0.161553 0.251414 -0.379502
v 0.176389 0.247984 -0.374368
v 0.182534 0.165109 -0.401844
v 0.161553 0.173177 -0.421321
v 0.176389 0.170814 -0.415616
v 0.182534 0.084172 -0.426396
v 0.161553 0.088285 -0.447073
v 0.176389 0.087080 -0.441016
v 0.182534 -0.398610 0.161875
v 0.161553 -0.418087 0.169943
v 0.176389 -0.412382 0.167580
v 0.182534 -0.358739 0.236468
v 0.161553 -0.376268 0.248180
v 0.176389 -0.371134 0.244750
v 0.182534 -0.305082 0.301849
v 0.161553 -0.319990 0.316756
v 0.176389 -0.315624 0.312390
v 0.182534 -0.239702 0.355505
v 0.161553 -0.251414 0.373034
v 0.176389 -0.247984 0.367900
v 0.182534 -0.165110 0.395376
v 0.161553 -0.173177 0.414853
v 0.176389 -0.170814 0.409148
v 0.182534 -0.084172 0.419928
v 0.161553 -0.088285 0.440605
v 0.176389 -0.087080 0.434548
v 0.161553 0.443839 0.085051
v 0.182534 0.423162 0.080938
v 0.176389 0.437783 0.083846
v 0.161553 0.418087 0.169943
v 0.182534 0.398610 0.161876
v 0.176389 0.412382 0.167580
v 0.161553 0.376268 0.248180
v 0.182534 0.358739 0.236468
v 0.176389 0.371134 0.244750
v 0.161553 0.319990 0.316756
v 0.182534 0.305083 0.301849
v 0.176389 0.315624 0.312390
v 0.161553 0.251414 0.373034
v 0.182534 0.239702 0.355505
v 0.176389 0.247984 0.367900
v 0.161553 0.173177 0.414853
v 0.182534 0.165110 0.395376
v 0.176389 0.170814 0.409148
v 0.161347 0.000000 0.244886
v 0.159873 0.000000 0.257677
v 0.161347 0.048406 0.240118
v 0.159873 0.050901 0.252664
v 0.161347 -0.248120 -0.003234
v 0.159873 -0.260911 -0.003234
v 0.161347 -0.243352 0.045172
v 0.159873 -0.255898 0.047667
v 0.161347 -0.000000 -0.251354
v 0.159873 -0.000000 -0.264145
v 0.161347 -0.048406 -0.246586
v 0.159873 -0.050901 -0.259132
v 0.161347 0.248120 -0.003234
v 0.159873 0.260911 -0.003234
v 0.161347 0.243352 -0.051640
v 0.159873 0.255898 -0.054135
v 0.161347 -0.243352 -0.051640
v 0.159873 -0.255898 -0.054135
v 0.161347 -0.229233 -0.098185
v 0.159873 -0.241051 -0.103080
v 0.161347 -0.206304 -0.141082
v 0.159873 -0.216940 -0.148189
v 0.161347 -0.175447 -0.178681
v 0.159873 -0.184492 -0.187726
v 0.161347 -0.137848 -0.209538
v 0.159873 -0.144955 -0.220174
v 0.161347 -0.094951 -0.232467
v 0.159873 -0.099846 -0.244285
v 0.161347 0.229233 -0.098185
v 0.159873 0.241051 -0.103080
v 0.161347 0.206304 -0.141082
v 0.159873 0.216940 -0.148189
v 0.161347 0.175447 -0.178681
v 0.159873 0.184492 -0.187726
v 0.161347 0.137848 -0.209538
v 0.159873 0.144955 -0.220174
v 0.161347 0.094951 -0.232467
v 0.159873 0.099846 -0.244285
v 0.161347 0.048406 -0.246586
v 0.159873 0.050901 -0.259132
v 0.161347 -0.229233 0.091717
v 0.159873 -0.241051 0.096613
v 0.161347 -0.206304 0.134614
v 0.159873 -0.216940 0.141721
v 0.161347 -0.175447 0.172213
v 0.159873 -0.184492 0.181258
v 0.161347 -0.137848 0.203070
v 0.159873 -0.144955 0.213706
v 0.161347 -0.094951 0.225999
v 0.159873 -0.099846 0.237817
v 0.161347 -0.048406 0.240118
v 0.159873 -0.050901 0.252664
v 0.161347 0.243352 0.045172
v 0.159873 0.255898 0.047667
v 0.161347 0.229233 0.091717
v 0.159873 0.241051 0.096613
v 0.161347 0.206304 0.134614
v 0.159873 0.216940 0.141721
v 0.161347 0.175447 0.172213
v 0.159873 0.184492 0.181258
v 0.161347 0.137848 0.203070
v 0.159873 0.144955 0.213706
v 0.161347 0.094951 0.225999
v 0.159873 0.099846 0.237817
v -0.192534 -0.423162 0.080938
v -0.192534 -0.431452 -0.003234
v -0.192534 0.000000 -0.434686
v -0.192534 0.084172 -0.426396
v -0.192534 0.431452 -0.003234
v -0.192534 0.423162 0.080938
v -0.192534 0.000000 0.428218
v -0.192534 -0.084172 0.419928
v -0.192534 -0.423162 -0.087406
v -0.192534 -0.398610 -0.168343
v -0.192534 -0.358739 -0.242936
v -0.192534 -0.305083 -0.308316
v -0.192534 -0.239702 -0.361973
v -0.192534 -0.165109 -0.401844
v -0.192534 -0.084172 -0.426396
v -0.192534 0.423162 -0.087406
v -0.192534 0.398610 -0.168343
v -0.192534 0.358739 -0.242936
v -0.192534 0.305083 -0.308317
v -0.192534 0.239702 -0.361973
v -0.192534 0.165109 -0.401844
v -0.192534 -0.398610 0.161875
v -0.192534 -0.358739 0.236468
v -0.192534 -0.305082 0.301849
v -0.192534 -0.239702 0.355505
v -0.192534 -0.165109 0.395376
v -0.192534 0.398610 0.161875
v -0.192534 0.358739 0.236468
v -0.192534 0.305083 0.301849
v -0.192534 0.239702 0.355505
v -0.192534 0.165109 0.395376
v -0.192534 0.084172 0.419928
v 0.127466 -0.289366 0.054325
v 0.127466 -0.295035 -0.003234
v 0.127466 -0.000000 -0.298268
v 0.127466 0.057558 -0.292600
v 0.127466 0.295035 -0.003234
v 0.127466 0.289366 0.054325
v 0.127466 0.000000 0.291801
v 0.127466 -0.057558 0.286132
v 0.127466 -0.289366 -0.060792
v 0.127466 -0.272577 -0.116139
v 0.127466 -0.245312 -0.167146
v 0.127466 -0.208621 -0.211855
v 0.127466 -0.163913 -0.248546
v 0.127466 -0.112905 -0.275811
v 0.127466 -0.057558 -0.292600
v 0.127466 0.289366 -0.060792
v 0.127466 0.272577 -0.116139
v 0.127466 0.245312 -0.167146
v 0.127466 0.208621 -0.211855
v 0.127466 0.163913 -0.248546
v 0.127466 0.112905 -0.275811
v 0.127466 -0.272577 0.109671
v 0.127466 -0.245312 0.160679
v 0.127466 -0.208621 0.205387
v 0.127466 -0.163913 0.242079
v 0.127466 -0.112905 0.269343
v 0.127466 0.272577 0.109671
v 0.127466 0.245312 0.160679
v 0.127466 0.208621 0.205387
v 0.127466 0.163913 0.242079
v 0.127466 0.112905 0.269343
v 0.127466 0.057558 0.286132
v -0.192534 -0.311665 0.058760
v -0.169908 -0.289366 0.054325
v -0.185907 -0.295897 0.055624
v -0.192534 -0.293582 0.118372
v -0.169908 -0.272577 0.109671
v -0.185907 -0.278729 0.112219
v -0.192534 -0.264217 0.173310
v -0.169908 -0.245312 0.160679
v -0.185907 -0.250849 0.164378
v -0.192534 -0.224698 0.221464
v -0.169908 -0.208621 0.205387
v -0.185907 -0.213330 0.210096
v -0.192534 -0.176544 0.260983
v -0.169908 -0.163913 0.242079
v -0.185907 -0.167612 0.247616
v -0.192534 -0.121606 0.290348
v -0.169908 -0.112905 0.269343
v -0.185907 -0.115453 0.275495
v -0.169908 -0.057558 0.286132
v -0.192534 -0.061994 0.308431
v -0.185907 -0.058858 0.292663
v -0.192534 0.000000 0.314537
v -0.169908 0.000000 0.291801
v -0.185907 0.000000 0.298460
v -0.169908 0.057558 0.286132
v -0.192534 0.061994 0.308431
v -0.185907 0.058858 0.292663
v -0.169908 0.112905 0.269343
v -0.192534 0.121606 0.290348
v -0.185907 0.115453 0.275495
v -0.169908 0.163913 0.242079
v -0.192534 0.176544 0.260983
v -0.185907 0.167612 0.247616
v -0.169908 0.208621 0.205387
v -0.192534 0.224698 0.221464
v -0.185907 0.213330 0.210096
v -0.169908 0.245312 0.160679
v -0.192534 0.264217 0.173310
v -0.185907 0.250849 0.164378
v -0.169908 0.272577 0.109671
v -0.192534 0.293582 0.118372
v -0.185907 0.278729 0.112219
v -0.169908 0.289366 0.054324
v -0.192534 0.311665 0.058760
v -0.185907 0.295897 0.055624
v -0.192534 0.000000 -0.321005
v -0.169908 -0.000000 -0.298268
v -0.185907 0.000000 -0.304928
v -0.169908 -0.295035 -0.003234
v -0.192534 -0.317771 -0.003234
v -0.185907 -0.301694 -0.003234
v -0.169908 -0.057558 -0.292600
v -0.192534 -0.061994 -0.314899
v -0.185907 -0.058858 -0.299131
v -0.169908 -0.112905 -0.275811
v -0.192534 -0.121606 -0.296816
v -0.185907 -0.115453 -0.281963
v -0.169908 -0.163913 -0.248546
v -0.192534 -0.176544 -0.267451
v -0.185907 -0.167612 -0.254083
v -0.169908 -0.208621 -0.211855
v -0.192534 -0.224698 -0.227932
v -0.185907 -0.213330 -0.216564
v -0.169908 -0.245312 -0.167146
v -0.192534 -0.264217 -0.179778
v -0.185907 -0.250849 -0.170846
v -0.169908 -0.272577 -0.116139
v -0.192534 -0.293582 -0.124840
v -0.185907 -0.278729 -0.118687
v -0.169908 -0.289366 -0.060792
v -0.192534 -0.311665 -0.065228
v -0.185907 -0.295897 -0.062092
v -0.192534 0.317771 -0.003234
v -0.169908 0.295035 -0.003234
v -0.185907 0.301694 -0.003234
v -0.192534 0.311665 -0.065228
v -0.169908 0.289366 -0.060792
v -0.185907 0.295897 -0.062092
v -0.192534 0.293582 -0.124840
v -0.169908 0.272577 -0.116139
v -0.185907 0.278729 -0.118687
v -0.192534 0.264217 -0.179778
v -0.169908 0.245312 -0.167146
v -0.185907 0.250849 -0.170846
v -0.192534 0.224698 -0.227932
v -0.169908 0.208621 -0.211855
v -0.185907 0.213330 -0.216564
v -0.192534 0.176544 -0.267451
v -0.169908 0.163913 -0.248546
v -0.185907 0.167612 -0.254083
v -0.192534 0.121606 -0.296816
v -0.169908 0.112905 -0.275811
v -0.185907 0.115453 -0.281963
v -0.169908 0.057558 -0.292600
v -0.192534 0.061994 -0.314899
v -0.185907 0.058858 -0.299131
vn -0.0000 0.9808 0.1951
vn -0.0000 0.9239 0.3827
vn -0.1936 -0.9064 0.3754
vn 0.1936 -0.9064 0.3754
vn 0.1936 -0.8157 0.5451
vn -0.1936 -0.8157 0.5451
vn 0.1936 -0.3754 -0.9064
vn -0.1936 -0.3754 -0.9064
vn -0.1936 -0.1914 -0.9622
vn 0.1936 -0.1914 -0.9622
vn -0.1936 0.9811 -0.0000
vn 0.1936 0.9811 -0.0000
vn 0.1936 0.9622 -0.1914
vn -0.1936 0.9622 -0.1914
vn 0.1936 -0.9622 -0.1914
vn -0.1936 -0.9622 -0.1914
vn -0.1936 -0.9064 -0.3754
vn 0.1936 -0.9064 -0.3754
vn -0.1936 -0.8157 -0.5451
vn 0.1936 -0.8157 -0.5451
vn -0.1936 -0.6937 -0.6937
vn 0.1936 -0.6937 -0.6937
vn -0.1936 -0.5451 -0.8157
vn 0.1936 -0.5451 -0.8157
vn 0.1936 -0.9811 -0.0000
vn -0.1936 -0.9811 -0.0000
vn 0.1936 0.9064 -0.3754
vn -0.1936 0.9064 -0.3754
vn 0.1936 0.8157 -0.5451
vn -0.1936 0.8157 -0.5451
vn 0.1936 0.6937 -0.6937
vn -0.1936 0.6937 -0.6937
vn 0.1936 0.5451 -0.8157
vn -0.1936 0.5451 -0.8157
vn 0.1936 0.3754 -0.9064
vn -0.1936 0.3754 -0.9064
vn 0.1936 0.1914 -0.9622
vn -0.1936 0.1914 -0.9622
vn 1.0000 -0.0000 -0.0000
vn 0.9786 0.0402 0.2019
vn 0.9786 -0.0000 0.2059
vn -0.1936 -0.0000 -0.9811
vn 0.1936 -0.0000 -0.9811
vn -0.1936 -0.9622 0.1914
vn 0.1936 -0.9622 0.1914
vn -0.1983 -0.8150 -0.5445
vn -0.1983 -0.9055 -0.3751
vn -0.0000 -0.9239 -0.3827
vn -0.0000 -0.8315 -0.5556
vn 0.1936 -0.6937 0.6937
vn -0.1936 -0.6937 0.6937
vn 0.1936 -0.5451 0.8157
vn -0.1936 -0.5451 0.8157
vn 0.1936 -0.3754 0.9064
vn -0.1936 -0.3754 0.9064
vn 0.1936 -0.1914 0.9622
vn -0.1936 -0.1914 0.9622
vn 0.1936 -0.0000 0.9811
vn -0.1936 -0.0000 0.9811
vn 0.1936 0.1914 0.9622
vn -0.1936 0.1914 0.9622
vn -0.1936 0.9622 0.1914
vn 0.1936 0.9622 0.1914
vn -0.1936 0.9064 0.3754
vn 0.1936 0.9064 0.3754
vn -0.1936 0.8157 0.5451
vn 0.1936 0.8157 0.5451
vn -0.1936 0.6937 0.6937
vn 0.1936 0.6937 0.6937
vn -0.1936 0.5451 0.8157
vn 0.1936 0.5451 0.8157
vn -0.1936 0.3754 0.9064
vn 0.1936 0.3754 0.9064
vn 0.9786 -0.0402 0.2019
vn 0.9786 -0.2059 -0.0000
vn 0.9786 -0.2019 -0.0402
vn 0.9786 -0.0000 -0.2059
vn 0.9786 0.0402 -0.2019
vn 0.9786 0.2059 -0.0000
vn 0.9786 0.2019 0.0402
vn 0.9786 -0.1902 0.0788
vn 0.9786 -0.2019 0.0402
vn 0.9786 -0.1902 -0.0788
vn 0.9786 -0.1712 -0.1144
vn 0.9786 -0.1456 -0.1456
vn 0.9786 -0.1144 -0.1712
vn 0.9786 -0.0788 -0.1902
vn 0.9786 0.1712 -0.1144
vn 0.9786 0.1902 -0.0788
vn 0.9786 0.2019 -0.0402
vn 0.9786 0.1456 -0.1456
vn 0.9786 0.1144 -0.1712
vn 0.9786 0.0788 -0.1902
vn 0.9786 -0.1712 0.1144
vn 0.9786 -0.0402 -0.2019
vn 0.9786 -0.1456 0.1456
vn 0.9786 -0.1144 0.1712
vn 0.9786 -0.0788 0.1902
vn 0.9786 0.1902 0.0788
vn 0.9786 0.0788 0.1902
vn 0.9786 0.1712 0.1144
vn 0.9786 0.1456 0.1456
vn 0.9786 0.1144 0.1712
vn -0.0000 0.7071 -0.7071
vn -0.0000 0.8315 -0.5556
vn -0.0000 0.1951 0.9808
vn -0.0000 -0.0000 1.0000
vn -0.0000 0.8315 0.5556
vn -0.0000 0.5556 -0.8315
vn -0.0000 -0.9808 0.1951
vn -0.0000 -1.0000 -0.0000
vn -0.0000 0.7071 0.7071
vn -0.0000 0.3827 -0.9239
vn -0.0000 -0.1951 -0.9808
vn -0.0000 -0.0000 -1.0000
vn -0.0000 0.5556 0.8315
vn -0.0000 0.1951 -0.9808
vn -0.0000 0.9808 -0.1951
vn -0.0000 1.0000 -0.0000
vn -0.0000 0.3827 0.9239
vn -0.0000 -0.9808 -0.1951
vn -0.0000 -0.9239 0.3827
vn -0.0000 -0.8315 0.5556
vn -0.0000 -0.7071 0.7071
vn -0.0000 -0.7071 -0.7071
vn -0.0000 -0.5556 0.8315
vn -0.0000 -0.5556 -0.8315
vn -0.0000 -0.3827 0.9239
vn -0.0000 -0.3827 -0.9239
vn -0.0000 -0.1951 0.9808
vn -0.0000 0.9239 -0.3827
vn 0.9598 -0.0000 0.2806
vn 0.9598 0.0548 0.2753
vn 0.9513 0.0602 0.3024
vn 0.9513 -0.0000 0.3083
vn 0.9598 -0.2806 -0.0000
vn 0.9598 -0.2753 -0.0548
vn 0.9598 -0.2593 -0.1074
vn 0.9598 -0.2333 -0.1559
vn 0.9598 -0.1984 -0.1984
vn 0.9598 -0.1559 -0.2333
vn 0.9598 -0.1074 -0.2593
vn 0.9598 -0.0547 -0.2752
vn 0.9598 -0.0000 -0.2806
vn 0.9598 0.0548 -0.2752
vn 0.9598 0.1074 -0.2593
vn 0.9598 0.1559 -0.2333
vn 0.9598 0.1984 -0.1984
vn 0.9598 0.2333 -0.1559
vn 0.9598 0.2593 -0.1074
vn 0.9598 0.2753 -0.0548
vn 0.9598 0.2806 -0.0000
vn 0.9598 0.2753 0.0548
vn 0.9598 0.2593 0.1074
vn 0.9598 0.2333 0.1559
vn 0.9598 0.1984 0.1984
vn 0.9598 0.1559 0.2333
vn 0.9598 0.1074 0.2593
vn 0.9598 -0.0548 0.2753
vn 0.9598 -0.1074 0.2593
vn 0.9598 -0.1559 0.2333
vn 0.9598 -0.1984 0.1984
vn 0.9598 -0.2333 0.1559
vn 0.9598 -0.2593 0.1074
vn 0.9598 -0.2753 0.0548
vn 0.9513 -0.0602 0.3024
vn 0.9513 -0.3083 -0.0000
vn 0.9513 -0.3024 -0.0602
vn 0.9513 -0.0000 -0.3083
vn 0.9513 0.0602 -0.3024
vn 0.9513 0.3083 -0.0000
vn 0.9513 0.3024 0.0602
vn 0.9513 -0.2849 0.1180
vn 0.9513 -0.3024 0.0602
vn 0.9513 -0.2849 -0.1180
vn 0.9513 -0.2564 -0.1713
vn 0.9513 -0.2180 -0.2180
vn 0.9513 -0.1713 -0.2564
vn 0.9513 -0.1180 -0.2849
vn 0.9513 0.2564 -0.1713
vn 0.9513 0.2849 -0.1180
vn 0.9513 0.3024 -0.0602
vn 0.9513 0.2180 -0.2180
vn 0.9513 0.1713 -0.2564
vn 0.9513 0.1180 -0.2849
vn 0.9513 -0.2564 0.1713
vn 0.9513 -0.0602 -0.3024
vn 0.9513 -0.2180 0.2180
vn 0.9513 -0.1713 0.2564
vn 0.9513 -0.1180 0.2849
vn 0.9513 0.2849 0.1180
vn 0.9513 0.1180 0.2849
vn 0.9513 0.2564 0.1713
vn 0.9513 0.2180 0.2180
vn 0.9513 0.1713 0.2564
vn 0.9245 0.0744 0.3738
vn 0.9245 -0.0000 0.3811
vn 0.3843 -0.0000 0.9232
vn 0.3843 0.1801 0.9055
vn 0.9245 -0.3738 0.0743
vn 0.9245 -0.3811 -0.0000
vn 0.3843 -0.9232 -0.0000
vn 0.3843 -0.9055 0.1801
vn -0.9786 -0.2019 0.0402
vn -0.9786 -0.2059 -0.0000
vn -0.9245 -0.3811 -0.0000
vn -0.9245 -0.3738 0.0744
vn -0.3843 -0.9055 0.1801
vn -0.3843 -0.9232 -0.0000
vn -0.9786 -0.0000 -0.2059
vn -0.9786 0.0402 -0.2019
vn -0.9245 0.0744 -0.3738
vn -0.9245 -0.0000 -0.3811
vn -0.3843 -0.0000 -0.9232
vn -0.3843 0.1801 -0.9055
vn 0.9245 -0.0743 -0.3738
vn 0.9245 -0.0000 -0.3811
vn 0.3843 -0.0000 -0.9232
vn 0.3843 -0.1801 -0.9055
vn 0.9245 0.3738 -0.0743
vn 0.9245 0.3811 -0.0000
vn 0.3843 0.9232 -0.0000
vn 0.3843 0.9055 -0.1801
vn -0.9786 0.2059 -0.0000
vn -0.9786 0.2019 0.0402
vn -0.9245 0.3738 0.0744
vn -0.9245 0.3811 -0.0000
vn -0.3843 0.9232 -0.0000
vn -0.3843 0.9055 0.1801
vn -0.9786 -0.0000 0.2059
vn -0.9786 -0.0402 0.2019
vn -0.9245 -0.0744 0.3738
vn -0.9245 -0.0000 0.3811
vn -0.3843 -0.0000 0.9232
vn -0.3843 -0.1801 0.9055
vn 0.9245 -0.3738 -0.0743
vn 0.3843 -0.9055 -0.1801
vn -0.9786 -0.2019 -0.0402
vn -0.9245 -0.3738 -0.0744
vn -0.3843 -0.9055 -0.1801
vn 0.9245 -0.3521 -0.1458
vn 0.3843 -0.8529 -0.3533
vn -0.9786 -0.1902 -0.0788
vn -0.9245 -0.3521 -0.1458
vn -0.3843 -0.8529 -0.3533
vn 0.9245 -0.3169 -0.2117
vn 0.3843 -0.7676 -0.5129
vn -0.9786 -0.1712 -0.1144
vn -0.9245 -0.3169 -0.2117
vn -0.3843 -0.7676 -0.5129
vn 0.9245 -0.2695 -0.2695
vn 0.3843 -0.6528 -0.6528
vn -0.9786 -0.1456 -0.1456
vn -0.9245 -0.2695 -0.2695
vn -0.3843 -0.6528 -0.6528
vn 0.9245 -0.2117 -0.3169
vn 0.3843 -0.5129 -0.7676
vn -0.9786 -0.1144 -0.1712
vn -0.9245 -0.2117 -0.3169
vn -0.3843 -0.5129 -0.7676
vn 0.9245 -0.1458 -0.3521
vn 0.3843 -0.3533 -0.8529
vn -0.9786 -0.0788 -0.1902
vn -0.9245 -0.1458 -0.3521
vn -0.3843 -0.3533 -0.8529
vn -0.9786 -0.0402 -0.2019
vn -0.9245 -0.0744 -0.3738
vn -0.3843 -0.1801 -0.9055
vn -0.9786 0.2019 -0.0402
vn -0.9245 0.3738 -0.0744
vn -0.3843 0.9055 -0.1801
vn -0.9786 0.1902 -0.0788
vn -0.9245 0.3521 -0.1458
vn -0.3843 0.8529 -0.3533
vn 0.9245 0.3521 -0.1458
vn 0.3843 0.8529 -0.3533
vn -0.9786 0.1712 -0.1144
vn -0.9245 0.3169 -0.2117
vn -0.3843 0.7676 -0.5129
vn 0.9245 0.3169 -0.2117
vn 0.3843 0.7676 -0.5129
vn -0.9786 0.1456 -0.1456
vn -0.9245 0.2695 -0.2695
vn -0.3843 0.6528 -0.6528
vn 0.9245 0.2695 -0.2695
vn 0.3843 0.6528 -0.6528
vn -0.9786 0.1144 -0.1712
vn -0.9245 0.2117 -0.3169
vn -0.3843 0.5129 -0.7676
vn 0.9245 0.2117 -0.3169
vn 0.3843 0.5129 -0.7676
vn -0.9786 0.0788 -0.1902
vn -0.9245 0.1458 -0.3521
vn -0.3843 0.3533 -0.8529
vn 0.9245 0.1458 -0.3521
vn 0.3843 0.3533 -0.8529
vn 0.9245 0.0744 -0.3738
vn 0.3843 0.1801 -0.9055
vn -0.9786 -0.1902 0.0788
vn -0.9245 -0.3521 0.1458
vn -0.3843 -0.8529 0.3533
vn 0.9245 -0.3521 0.1458
vn 0.3843 -0.8529 0.3533
vn -0.9786 -0.1712 0.1144
vn -0.9245 -0.3169 0.2117
vn -0.3843 -0.7676 0.5129
vn 0.9245 -0.3169 0.2117
vn 0.3843 -0.7676 0.5129
vn -0.9786 -0.1456 0.1456
vn -0.9245 -0.2695 0.2695
vn -0.3843 -0.6528 0.6528
vn 0.9245 -0.2695 0.2695
vn 0.3843 -0.6528 0.6528
vn -0.9786 -0.1144 0.1712
vn -0.9245 -0.2117 0.3169
vn -0.3843 -0.5129 0.7676
vn 0.9245 -0.2117 0.3169
vn 0.3843 -0.5129 0.7676
vn -0.9786 -0.0788 0.1902
vn -0.9245 -0.1458 0.3521
vn -0.3843 -0.3533 0.8529
vn 0.9245 -0.1458 0.3521
vn 0.3843 -0.3533 0.8529
vn 0.9245 -0.0744 0.3738
vn 0.3843 -0.1801 0.9055
vn 0.9245 0.3738 0.0744
vn 0.3843 0.9055 0.1801
vn 0.9245 0.3521 0.1458
vn 0.3843 0.8529 0.3533
vn -0.9786 0.1902 0.0788
vn -0.9245 0.3521 0.1458
vn -0.3843 0.8529 0.3533
vn 0.9245 0.3169 0.2117
vn 0.3843 0.7676 0.5129
vn -0.9786 0.1712 0.1144
vn -0.9245 0.3169 0.2117
vn -0.3843 0.7676 0.5129
vn 0.9245 0.2695 0.2695
vn 0.3843 0.6528 0.6528
vn -0.9786 0.1456 0.1456
vn -0.9245 0.2695 0.2695
vn -0.3843 0.6528 0.6528
vn 0.9245 0.2117 0.3169
vn 0.3843 0.5129 0.7676
vn -0.9786 0.1144 0.1712
vn -0.9245 0.2117 0.3169
vn -0.3843 0.5129 0.7676
vn 0.9245 0.1458 0.3521
vn 0.3843 0.3533 0.8529
vn -0.9786 0.0788 0.1902
vn -0.9245 0.1458 0.3521
vn -0.3843 0.3533 0.8529
vn -0.9786 0.0402 0.2019
vn -0.9245 0.0744 0.3738
vn -0.3843 0.1801 0.9055
vn 0.8607 0.4994 0.0993
vn 0.8607 0.4704 0.1949
vn 0.8607 -0.0000 -0.5092
vn 0.8607 -0.0993 -0.4994
vn 0.8607 0.0993 0.4994
vn 0.8607 -0.0000 0.5092
vn 0.8607 0.5092 -0.0000
vn 0.8607 0.4994 -0.0993
vn 0.8607 -0.4994 0.0993
vn 0.8607 -0.5092 -0.0000
vn 0.8607 0.4234 0.2829
vn 0.8607 0.1949 0.4704
vn 0.8607 0.3600 0.3600
vn 0.8607 0.2829 0.4234
vn 0.8607 -0.4704 0.1949
vn 0.8607 -0.2829 0.4234
vn 0.8607 -0.3600 0.3600
vn 0.8607 -0.4234 0.2829
vn 0.8607 -0.1949 0.4704
vn 0.8607 0.3600 -0.3600
vn 0.8607 0.4234 -0.2829
vn 0.8607 0.4704 -0.1949
vn 0.8607 -0.0993 0.4994
vn 0.8607 -0.4994 -0.0993
vn 0.8607 -0.4704 -0.1949
vn 0.8607 0.2829 -0.4234
vn 0.8607 -0.2829 -0.4234
vn 0.8607 -0.1949 -0.4704
vn 0.8607 0.1949 -0.4704
vn 0.8607 0.0993 -0.4994
vn 0.8607 -0.3600 -0.3600
vn 0.8607 -0.4234 -0.2829
vn 0.9934 0.0223 0.1122
vn 0.9934 -0.0000 0.1144
vn 0.9934 -0.1122 0.0223
vn 0.9934 -0.1144 -0.0000
vn 0.9934 -0.0223 -0.1122
vn 0.9934 -0.0000 -0.1144
vn 0.9934 0.1122 -0.0223
vn 0.9934 0.1144 -0.0000
vn 0.9934 -0.1122 -0.0223
vn 0.9934 -0.1057 -0.0438
vn 0.9934 -0.0951 -0.0636
vn 0.9934 -0.0809 -0.0809
vn 0.9934 -0.0636 -0.0951
vn 0.9934 -0.0438 -0.1057
vn 0.9934 0.1057 -0.0438
vn 0.9934 0.0951 -0.0636
vn 0.9934 0.0809 -0.0809
vn 0.9934 0.0636 -0.0951
vn 0.9934 0.0438 -0.1057
vn 0.9934 0.0223 -0.1122
vn 0.9934 -0.1057 0.0438
vn 0.9934 -0.0951 0.0636
vn 0.9934 -0.0809 0.0809
vn 0.9934 -0.0636 0.0951
vn 0.9934 -0.0438 0.1057
vn 0.9934 -0.0223 0.1122
vn 0.9934 0.1122 0.0223
vn 0.9934 0.1057 0.0438
vn 0.9934 0.0951 0.0636
vn 0.9934 0.0809 0.0809
vn 0.9934 0.0636 0.0951
vn 0.9934 0.0438 0.1057
vn -0.1983 0.9613 -0.1912
vn -0.1983 0.9055 -0.3751
vn -0.1983 -0.0000 0.9801
vn -0.1983 0.1912 0.9613
vn -0.1983 -0.1912 0.9613
vn -0.1983 -0.0000 -0.9801
vn -0.1983 -0.1912 -0.9613
vn -0.1983 0.3751 0.9055
vn -0.1983 -0.9801 -0.0000
vn -0.1983 -0.9613 0.1912
vn -0.1983 0.9055 0.3751
vn -0.1983 0.9613 0.1912
vn -0.1983 0.8150 0.5445
vn -0.1983 0.6931 0.6931
vn -0.1983 0.5445 0.8150
vn -0.1983 0.9801 -0.0000
vn -0.1983 -0.9055 0.3751
vn -0.1983 -0.8150 0.5445
vn -0.1983 -0.6931 0.6931
vn -0.1983 -0.5445 0.8150
vn -0.1983 -0.3751 0.9055
vn -0.1983 0.8150 -0.5445
vn -0.1983 0.6931 -0.6931
vn -0.1983 0.5445 -0.8150
vn -0.1983 0.3751 -0.9055
vn -0.1983 0.1912 -0.9613
vn -0.1983 -0.9613 -0.1912
vn -0.1983 -0.6931 -0.6931
vn -0.9832 -0.1518 -0.1014
vn -0.9832 -0.1291 -0.1291
vn -0.1983 -0.5445 -0.8150
vn -0.1983 -0.3751 -0.9055
vn -1.0000 -0.0000 -0.0000
vn -0.9832 -0.1518 0.1014
vn -0.9832 -0.1686 0.0699
vn -0.9832 -0.0000 0.1825
vn -0.9832 -0.0356 0.1790
vn -0.9832 -0.1014 -0.1518
vn -0.9832 -0.1291 0.1291
vn -0.9832 -0.1825 -0.0000
vn -0.9832 -0.1790 -0.0356
vn -0.9832 -0.0699 -0.1686
vn -0.9832 -0.1014 0.1518
vn -0.9832 -0.0000 -0.1825
vn -0.9832 0.0356 -0.1790
vn -0.9832 -0.0356 -0.1790
vn -0.9832 -0.0699 0.1686
vn -0.9832 0.1825 -0.0000
vn -0.9832 0.1790 0.0356
vn -0.9832 0.1686 0.0699
vn -0.9832 0.1686 -0.0699
vn -0.9832 0.1790 -0.0356
vn -0.9832 0.1518 0.1014
vn -0.9832 0.1518 -0.1014
vn -0.9832 0.1291 0.1291
vn -0.9832 0.1291 -0.1291
vn -0.9832 0.1014 0.1518
vn -0.9832 0.1014 -0.1518
vn -0.9832 0.0699 0.1686
vn -0.9832 0.0699 -0.1686
vn -0.9832 0.0356 0.1790
vn -0.9832 -0.1686 -0.0699
vn -0.9832 -0.1790 0.0356
vt 0.538556 0.161524
vt 0.532019 0.157772
vt 0.052045 0.068541
vt 0.081784 0.068541
vt 0.081784 0.054482
vt 0.052045 0.054482
vt 0.052045 0.086116
vt 0.081784 0.086116
vt 0.052045 0.100176
vt 0.081784 0.100176
vt 0.081784 0.114235
vt 0.052045 0.114235
vt 0.052045 0.131810
vt 0.081784 0.131810
vt 0.052045 0.144112
vt 0.081784 0.144112
vt 0.052045 0.158172
vt 0.081784 0.158172
vt 0.081784 0.042179
vt 0.052045 0.042179
vt 0.510507 0.096867
vt 0.511177 0.109728
vt 0.498708 0.114420
vt 0.497794 0.096867
vt 0.527286 0.148025
vt 0.532908 0.153710
vt 0.511177 0.084006
vt 0.498708 0.079314
vt 0.552152 0.032211
vt 0.545354 0.030944
vt 0.545354 0.006892
vt 0.554632 0.008621
vt 0.579530 0.109728
vt 0.580200 0.096867
vt 0.592914 0.096867
vt 0.592000 0.114420
vt 0.545354 0.162790
vt 0.545354 0.186842
vt 0.536075 0.185113
vt 0.538556 0.032211
vt 0.532019 0.035962
vt 0.527153 0.013741
vt 0.536075 0.008621
vt 0.564713 0.042054
vt 0.558689 0.035962
vt 0.563554 0.013741
vt 0.571777 0.022056
vt 0.569994 0.050253
vt 0.571777 0.022056
vt 0.578984 0.033245
vt 0.574327 0.060242
vt 0.584898 0.046880
vt 0.577547 0.071640
vt 0.589293 0.062435
vt 0.558689 0.157772
vt 0.564713 0.151680
vt 0.571777 0.171679
vt 0.563554 0.179993
vt 0.552152 0.161524
vt 0.554632 0.185113
vt 0.569994 0.143482
vt 0.578984 0.160489
vt 0.571777 0.171679
vt 0.574327 0.133492
vt 0.584898 0.146855
vt 0.577547 0.122095
vt 0.589294 0.131299
vt 0.592000 0.114420
vt 0.525994 0.042054
vt 0.518931 0.022056
vt 0.579530 0.084006
vt 0.592000 0.079314
vt 0.520714 0.050253
vt 0.511724 0.033245
vt 0.516380 0.060242
vt 0.505809 0.046880
vt 0.513160 0.071640
vt 0.501414 0.062435
vt 0.498708 0.079314
vt 0.527153 0.179993
vt 0.513160 0.122095
vt 0.501414 0.131299
vt 0.554632 0.185113
vt 0.525994 0.151680
vt 0.518931 0.171679
vt 0.520714 0.143482
vt 0.511724 0.160489
vt 0.516380 0.133492
vt 0.505809 0.146855
vt 0.525461 0.096867
vt 0.525844 0.104209
vt 0.518528 0.106962
vt 0.518003 0.096867
vt 0.545354 0.059235
vt 0.549235 0.059958
vt 0.552966 0.062099
vt 0.556405 0.065577
vt 0.559420 0.070257
vt 0.561894 0.075960
vt 0.563732 0.082466
vt 0.564864 0.089525
vt 0.565246 0.096867
vt 0.564863 0.104209
vt 0.563732 0.111269
vt 0.561894 0.117775
vt 0.559420 0.123477
vt 0.556405 0.128157
vt 0.552966 0.131635
vt 0.549234 0.133777
vt 0.545354 0.134500
vt 0.541473 0.133777
vt 0.537741 0.131635
vt 0.534302 0.128157
vt 0.531288 0.123477
vt 0.528814 0.117775
vt 0.526976 0.111269
vt 0.525844 0.089525
vt 0.526976 0.082466
vt 0.528814 0.075960
vt 0.531288 0.070257
vt 0.534302 0.065577
vt 0.537741 0.062099
vt 0.541473 0.059958
vt 0.518528 0.086773
vt 0.545354 0.045124
vt 0.550690 0.046119
vt 0.572704 0.096867
vt 0.572179 0.106962
vt 0.545354 0.148610
vt 0.540018 0.147616
vt 0.534887 0.049063
vt 0.540018 0.046119
vt 0.555820 0.049063
vt 0.560549 0.053845
vt 0.560549 0.053845
vt 0.564694 0.060279
vt 0.568095 0.068120
vt 0.568095 0.068120
vt 0.570622 0.077066
vt 0.560549 0.139890
vt 0.555820 0.144671
vt 0.550690 0.147616
vt 0.564694 0.133455
vt 0.568095 0.125614
vt 0.570623 0.116668
vt 0.572179 0.106962
vt 0.530159 0.053845
vt 0.534887 0.049063
vt 0.572179 0.086773
vt 0.526014 0.060279
vt 0.522612 0.068120
vt 0.526014 0.060279
vt 0.520085 0.077066
vt 0.518528 0.086773
vt 0.520085 0.077066
vt 0.534887 0.144671
vt 0.520085 0.116668
vt 0.518528 0.106962
vt 0.530159 0.139890
vt 0.530159 0.139890
vt 0.526014 0.133455
vt 0.522613 0.125614
vt 0.522613 0.125614
vt 0.540018 0.046119
vt 0.496422 0.115153
vt 0.495476 0.096993
vt 0.083643 0.100176
vt 0.083643 0.114235
vt 0.535688 0.004297
vt 0.545287 0.002508
vt 0.083643 0.086116
vt 0.536075 0.008621
vt 0.545354 0.006892
vt 0.050186 0.086116
vt 0.050186 0.100176
vt 0.592914 0.096867
vt 0.594286 0.115153
vt 0.595231 0.096993
vt 0.050186 0.114235
vt 0.594286 0.078582
vt 0.595231 0.096742
vt 0.555019 0.189438
vt 0.545420 0.191226
vt 0.545354 0.186842
vt 0.536075 0.185113
vt 0.535688 0.189438
vt 0.545287 0.191226
vt 0.497794 0.096867
vt 0.498708 0.079314
vt 0.496422 0.078582
vt 0.495476 0.096742
vt 0.545420 0.002508
vt 0.555019 0.004297
vt 0.554632 0.008621
vt 0.555019 0.004297
vt 0.555150 0.004346
vt 0.564380 0.009643
vt 0.083643 0.131810
vt 0.083643 0.115993
vt 0.563554 0.013741
vt 0.564380 0.009643
vt 0.555149 0.004346
vt 0.050186 0.115993
vt 0.050186 0.131810
vt 0.564502 0.009739
vt 0.573009 0.018341
vt 0.083643 0.144112
vt 0.571777 0.022056
vt 0.573009 0.018341
vt 0.564502 0.009739
vt 0.050186 0.144112
vt 0.573119 0.018480
vt 0.580576 0.030056
vt 0.083643 0.158172
vt 0.578984 0.033245
vt 0.580576 0.030056
vt 0.050186 0.158172
vt 0.580670 0.030234
vt 0.586788 0.044340
vt 0.083643 0.054482
vt 0.083643 0.042179
vt 0.584898 0.046880
vt 0.586788 0.044340
vt 0.580669 0.030234
vt 0.050186 0.042179
vt 0.050186 0.054482
vt 0.586862 0.044549
vt 0.591409 0.060642
vt 0.083643 0.068541
vt 0.589293 0.062435
vt 0.591409 0.060642
vt 0.050186 0.068541
vt 0.591460 0.060874
vt 0.594260 0.078335
vt 0.592000 0.079314
vt 0.594260 0.078335
vt 0.594286 0.078582
vt 0.554632 0.185113
vt 0.563554 0.179993
vt 0.555149 0.189389
vt 0.564380 0.184092
vt 0.564380 0.184092
vt 0.571777 0.171679
vt 0.564502 0.183996
vt 0.573009 0.175394
vt 0.564502 0.183996
vt 0.578984 0.160489
vt 0.573119 0.175254
vt 0.580576 0.163678
vt 0.580576 0.163678
vt 0.573119 0.175254
vt 0.580670 0.163500
vt 0.586788 0.149395
vt 0.586788 0.149395
vt 0.580670 0.163500
vt 0.589294 0.131299
vt 0.586862 0.149186
vt 0.591409 0.133093
vt 0.591409 0.133093
vt 0.591460 0.132861
vt 0.594260 0.115399
vt 0.594260 0.115399
vt 0.591460 0.132861
vt 0.594286 0.115153
vt 0.527154 0.013741
vt 0.535558 0.004346
vt 0.526328 0.009643
vt 0.518931 0.022056
vt 0.526205 0.009739
vt 0.517699 0.018341
vt 0.511724 0.033245
vt 0.517588 0.018480
vt 0.510132 0.030056
vt 0.510132 0.030056
vt 0.505809 0.046880
vt 0.510038 0.030234
vt 0.503919 0.044340
vt 0.503919 0.044340
vt 0.510038 0.030234
vt 0.501414 0.062435
vt 0.503845 0.044549
vt 0.499298 0.060642
vt 0.499298 0.060642
vt 0.499248 0.060874
vt 0.496448 0.078335
vt 0.496448 0.078335
vt 0.496422 0.078582
vt 0.535688 0.189438
vt 0.535558 0.189389
vt 0.526328 0.184092
vt 0.527153 0.179993
vt 0.526328 0.184092
vt 0.535558 0.189389
vt 0.526205 0.183996
vt 0.517699 0.175394
vt 0.518931 0.171679
vt 0.526205 0.183996
vt 0.517588 0.175254
vt 0.510132 0.163678
vt 0.511724 0.160489
vt 0.510132 0.163678
vt 0.517588 0.175254
vt 0.510038 0.163500
vt 0.503919 0.149395
vt 0.505809 0.146855
vt 0.503919 0.149395
vt 0.510038 0.163500
vt 0.503845 0.149186
vt 0.499299 0.133093
vt 0.501414 0.131299
vt 0.499299 0.133093
vt 0.499248 0.132861
vt 0.496448 0.115399
vt 0.498708 0.114420
vt 0.496448 0.115399
vt 0.499248 0.132861
vt 0.496422 0.115153
vt 0.551077 0.042429
vt 0.556581 0.045587
vt 0.516015 0.096867
vt 0.516578 0.107696
vt 0.574129 0.086039
vt 0.574693 0.096867
vt 0.545354 0.041362
vt 0.539630 0.042429
vt 0.551078 0.151305
vt 0.545354 0.152372
vt 0.561654 0.050717
vt 0.572460 0.075626
vt 0.566100 0.057619
vt 0.569749 0.066030
vt 0.556581 0.148147
vt 0.569749 0.127704
vt 0.566100 0.136115
vt 0.561654 0.143018
vt 0.572460 0.118108
vt 0.524608 0.057619
vt 0.529054 0.050717
vt 0.534126 0.045588
vt 0.574129 0.107696
vt 0.539630 0.151305
vt 0.534126 0.148147
vt 0.520959 0.066030
vt 0.520959 0.127704
vt 0.518248 0.118108
vt 0.518248 0.075626
vt 0.516578 0.086039
vt 0.524608 0.136115
vt 0.529054 0.143018
vt 0.539009 0.036523
vt 0.532908 0.040024
vt 0.577876 0.096867
vt 0.577251 0.084864
vt 0.577251 0.084864
vt 0.577251 0.108870
vt 0.512832 0.096867
vt 0.513456 0.108871
vt 0.575401 0.073322
vt 0.545354 0.158394
vt 0.551699 0.157212
vt 0.557800 0.040024
vt 0.551699 0.036523
vt 0.563422 0.045710
vt 0.557800 0.040024
vt 0.568351 0.053361
vt 0.572395 0.062685
vt 0.545354 0.035341
vt 0.551699 0.157212
vt 0.557800 0.153710
vt 0.557800 0.153710
vt 0.563422 0.148025
vt 0.563422 0.148025
vt 0.568351 0.140373
vt 0.568351 0.140373
vt 0.572395 0.131050
vt 0.575401 0.120412
vt 0.575401 0.120412
vt 0.577251 0.108870
vt 0.527286 0.045710
vt 0.527286 0.045710
vt 0.522357 0.053361
vt 0.518313 0.062685
vt 0.515307 0.073322
vt 0.513456 0.084864
vt 0.539009 0.157212
vt 0.522357 0.140373
vt 0.525893 0.151967
vt 0.520585 0.143726
vt 0.518313 0.131050
vt 0.515307 0.120412
vt 0.515307 0.120412
vt 0.564815 0.151967
vt 0.558759 0.158091
vt 0.580383 0.096867
vt 0.579709 0.109795
vt 0.516229 0.133684
vt 0.570123 0.143726
vt 0.545354 0.163135
vt 0.538520 0.161862
vt 0.512992 0.122227
vt 0.574479 0.133684
vt 0.570123 0.143726
vt 0.510325 0.096867
vt 0.510998 0.083939
vt 0.512992 0.122227
vt 0.510998 0.109796
vt 0.577716 0.122227
vt 0.545354 0.030599
vt 0.552188 0.031873
vt 0.510998 0.109796
vt 0.558759 0.035644
vt 0.531949 0.035644
vt 0.538520 0.031873
vt 0.558759 0.035644
vt 0.564815 0.041767
vt 0.525893 0.041767
vt 0.531949 0.035644
vt 0.570123 0.050009
vt 0.520585 0.050009
vt 0.574479 0.060051
vt 0.516229 0.060051
vt 0.577716 0.071508
vt 0.512992 0.071508
vt 0.516229 0.060051
vt 0.577716 0.071508
vt 0.579709 0.083939
vt 0.510998 0.083939
vt 0.531949 0.158091
vt 0.552188 0.161862
vt 0.525893 0.151967
s 1
usemtl van_3
f 774/1207/770 775/1208/771 824/1208/771 823/1207/770
f 863/1209/772 986/1210/773 989/1211/774 865/1212/775
f 964/1210/776 897/1209/777 895/1213/778 941/1214/779
f 909/1215/780 943/1216/781 947/1217/782 911/1218/783
f 949/1217/784 907/1218/785 905/1219/786 952/1220/787
f 952/1220/787 905/1219/786 903/1221/788 955/1222/789
f 955/1222/789 903/1221/788 901/1223/790 958/1224/791
f 958/1225/791 901/1226/790 899/1212/792 961/1211/793
f 961/1211/793 899/1212/792 897/1209/777 964/1210/776
f 931/1216/794 893/1215/795 907/1218/785 949/1217/784
f 911/1218/783 947/1217/782 968/1220/796 913/1219/797
f 913/1219/797 968/1220/796 971/1222/798 915/1221/799
f 915/1221/799 971/1222/798 974/1224/800 917/1223/801
f 917/1223/801 974/1224/800 977/1222/802 919/1221/803
f 919/1221/803 977/1222/802 980/1220/804 921/1219/805
f 921/1219/805 980/1220/804 983/1217/806 923/1218/807
f 765/1227/808 780/1228/808 928/1229/809 926/1230/810
f 941/1214/779 895/1213/778 891/1215/811 937/1216/812
f 861/1213/813 935/1214/814 986/1210/773 863/1209/772
f 1185/1231/815 1188/1232/816 1143/1232/817 1144/1231/818
f 865/1212/775 989/1211/774 992/1225/819 867/1226/820
f 867/1226/820 992/1225/819 995/1211/821 869/1212/822
f 869/1212/822 995/1211/821 998/1210/823 871/1209/824
f 871/1209/824 998/1210/823 1001/1214/825 873/1213/826
f 873/1213/826 1001/1214/825 925/1216/827 875/1215/828
f 929/1217/829 877/1218/830 875/1215/828 925/1216/827
f 923/1218/807 983/1217/806 937/1216/812 891/1215/811
f 943/1216/781 909/1215/780 889/1213/831 1003/1214/832
f 1003/1214/832 889/1213/831 887/1209/833 1006/1210/834
f 1006/1210/834 887/1209/833 885/1212/835 1009/1211/836
f 1009/1211/836 885/1212/835 883/1226/837 1012/1225/838
f 1012/1224/838 883/1223/837 881/1221/839 1015/1222/840
f 1015/1222/840 881/1221/839 879/1219/841 1018/1220/842
f 1018/1220/842 879/1219/841 877/1218/830 929/1217/829
f 766/1233/808 765/1227/808 926/1230/810 1000/1234/843
f 782/1235/808 781/1236/808 932/1237/844 950/1238/845
f 790/1239/808 789/1240/808 938/1241/846 982/1242/847
f 774/1207/808 773/1243/808 944/1244/848 1004/1245/849
f 772/1246/808 771/1247/808 985/1248/850 934/1249/851
f 784/1250/808 783/1251/808 953/1252/852 956/1253/853
f 785/1254/808 784/1250/808 956/1255/853 959/1256/854
f 786/1257/808 785/1254/808 959/1256/854 962/1258/855
f 787/1259/808 786/1257/808 962/1258/855 965/1260/856
f 795/1261/808 794/1262/808 970/1263/857 967/1264/858
f 773/1243/808 796/1265/808 946/1266/859 944/1244/848
f 783/1251/808 782/1235/808 950/1238/845 953/1252/852
f 794/1262/808 793/1267/808 973/1268/860 970/1269/857
f 793/1267/808 792/1270/808 976/1271/861 973/1268/860
f 792/1270/808 791/1272/808 979/1273/862 976/1271/861
f 791/1272/808 790/1239/808 982/1274/847 979/1273/862
f 771/1247/808 770/1275/808 988/1276/863 985/1248/850
f 788/1277/808 787/1259/808 965/1260/856 940/1278/864
f 789/1240/808 788/1277/808 940/1278/864 938/1241/846
f 770/1275/808 769/1279/808 991/1280/865 988/1276/863
f 769/1279/808 768/1281/808 994/1282/866 991/1280/865
f 768/1281/808 767/1283/808 997/1284/867 994/1282/866
f 767/1283/808 766/1233/808 1000/1285/843 997/1284/867
f 775/1208/808 774/1207/808 1004/1245/849 1007/1286/868
f 780/1228/808 779/1287/808 1019/1288/869 928/1229/809
f 796/1265/808 795/1261/808 967/1264/858 946/1289/859
f 776/1290/808 775/1208/808 1007/1286/868 1010/1291/870
f 777/1292/808 776/1290/808 1010/1291/870 1013/1293/871
f 778/1294/808 777/1292/808 1013/1293/871 1016/1295/872
f 779/1287/808 778/1294/808 1016/1295/872 1019/1288/869
f 781/1236/808 772/1246/808 934/1249/851 932/1237/844
f 793/1267/873 794/1262/874 812/1262/874 813/1267/873
f 780/1228/875 765/1227/876 797/1227/876 798/1228/875
f 775/1208/771 776/1290/877 825/1290/877 824/1208/771
f 792/1270/878 793/1267/873 813/1267/873 814/1270/878
f 772/1246/879 781/1236/880 799/1236/880 800/1246/879
f 776/1290/877 777/1292/881 826/1292/881 825/1290/877
f 791/1272/882 792/1270/878 814/1270/878 815/1272/882
f 788/1277/883 789/1240/884 801/1240/884 802/1277/883
f 777/1292/881 778/1294/885 827/1294/885 826/1292/881
f 790/1239/886 791/1272/882 815/1272/882 816/1239/886
f 796/1265/887 773/1243/888 803/1243/888 804/1265/887
f 778/1294/885 779/1287/889 828/1287/889 827/1294/885
f 789/1240/884 790/1239/886 816/1239/886 801/1240/884
f 781/1236/880 782/1235/890 805/1235/890 799/1236/880
f 779/1287/889 780/1228/875 798/1228/875 828/1287/889
f 771/1247/891 772/1246/879 800/1246/879 817/1247/891
f 782/1235/890 783/1251/817 806/1251/817 805/1235/890
f 770/1275/892 771/1247/891 817/1247/891 818/1275/892
f 783/1251/817 784/1250/818 807/1250/818 806/1251/817
f 769/1279/893 770/1275/892 818/1275/892 819/1279/893
f 784/1250/818 785/1254/894 808/1254/894 807/1250/818
f 768/1281/895 769/1279/893 819/1279/893 820/1281/895
f 785/1254/894 786/1257/896 809/1257/896 808/1254/894
f 767/1283/897 768/1281/895 820/1281/895 821/1283/897
f 786/1257/896 787/1259/898 810/1259/898 809/1257/896
f 766/1233/899 767/1283/897 821/1283/897 822/1233/899
f 787/1259/898 788/1277/883 802/1277/883 810/1259/898
f 765/1227/876 766/1233/899 822/1233/899 797/1227/876
f 795/1261/900 796/1265/887 804/1265/887 811/1261/900
f 773/1243/888 774/1207/770 823/1207/770 803/1243/888
f 794/1262/874 795/1261/900 811/1261/900 812/1262/874
f 829/1296/901 830/1297/902 1023/1298/903 1021/1299/904
f 831/1300/905 837/1301/906 838/1302/907 839/1303/908 840/1304/909 841/1305/910 842/1306/911 834/1307/912 833/1308/913 848/1309/914 847/1310/915 846/1311/916 845/1312/917 844/1313/918 843/1314/919 836/1315/920 835/1316/921 855/1317/922 856/1318/923 857/1319/924 858/1320/925 859/1321/926 860/1322/927 830/1297/902 829/1296/901 854/1323/928 853/1324/929 852/1325/930 851/1326/931 850/1327/932 849/1328/933 832/1329/934
f 854/1323/928 829/1296/901 1021/1299/904 1071/1330/935
f 837/1301/906 831/1300/905 1025/1331/936 1037/1332/937
f 848/1309/914 833/1308/913 1029/1333/938 1059/1334/939
f 855/1317/922 835/1316/921 1033/1335/940 1073/1336/941
f 832/1329/934 849/1328/933 1061/1337/942 1027/1338/943
f 839/1303/908 838/1302/907 1039/1339/944 1041/1340/945
f 840/1304/909 839/1303/908 1041/1341/945 1043/1342/946
f 841/1305/910 840/1304/909 1043/1342/946 1045/1343/947
f 842/1306/911 841/1305/910 1045/1344/947 1047/1345/948
f 843/1314/919 844/1313/918 1051/1346/949 1049/1347/950
f 835/1316/921 836/1315/920 1035/1348/951 1033/1335/940
f 838/1302/907 837/1301/906 1037/1332/937 1039/1339/944
f 844/1313/918 845/1312/917 1053/1349/952 1051/1346/949
f 845/1312/917 846/1311/916 1055/1350/953 1053/1349/952
f 846/1311/916 847/1310/915 1057/1351/954 1055/1350/953
f 847/1310/915 848/1309/914 1059/1352/939 1057/1351/954
f 849/1328/933 850/1327/932 1063/1353/955 1061/1354/942
f 834/1307/912 842/1306/911 1047/1345/948 1031/1355/956
f 833/1308/913 834/1307/912 1031/1355/956 1029/1333/938
f 850/1327/932 851/1326/931 1065/1356/957 1063/1353/955
f 851/1326/931 852/1325/930 1067/1357/958 1065/1358/957
f 852/1325/930 853/1324/929 1069/1359/959 1067/1357/958
f 853/1324/929 854/1323/928 1071/1360/935 1069/1361/959
f 856/1318/923 855/1317/922 1073/1336/941 1075/1362/960
f 830/1297/902 860/1322/927 1083/1363/961 1023/1364/903
f 836/1315/920 843/1314/919 1049/1347/950 1035/1348/951
f 857/1319/924 856/1318/923 1075/1362/960 1077/1365/962
f 858/1320/925 857/1319/924 1077/1366/962 1079/1367/963
f 859/1321/926 858/1320/925 1079/1367/963 1081/1368/964
f 860/1322/927 859/1321/926 1081/1369/964 1083/1363/961
f 831/1300/905 832/1329/934 1027/1370/943 1025/1331/936
f 926/1230/810 928/1229/809 930/1371/965 927/1372/966
f 927/1373/967 930/1374/968 929/1217/829 925/1216/827
f 932/1237/844 934/1249/851 936/1375/969 933/1376/970
f 933/1373/971 936/1377/972 935/1214/814 931/1216/794
f 1085/1378/973 1086/1379/974 894/1376/975 862/1375/976
f 862/1380/977 894/1381/978 893/1215/795 861/1213/813
f 1087/1382/979 1088/1274/980 924/1383/981 892/1384/982
f 892/1381/983 924/1385/984 923/1218/807 891/1215/811
f 938/1241/846 940/1278/864 942/1386/985 939/1387/986
f 939/1373/987 942/1377/988 941/1214/779 937/1216/812
f 944/1244/848 946/1266/859 948/1388/989 945/1389/990
f 945/1373/991 948/1374/992 947/1217/782 943/1216/781
f 1089/1390/993 1090/1391/994 890/1392/995 910/1393/996
f 910/1381/997 890/1380/998 889/1213/831 909/1215/780
f 1091/1394/999 1092/1395/1000 874/1396/1001 876/1397/1002
f 876/1381/1003 874/1380/1004 873/1213/826 875/1215/828
f 950/1238/845 932/1237/844 933/1398/970 951/1399/1005
f 951/1374/1006 933/1373/971 931/1216/794 949/1217/784
f 1086/1379/974 1093/1400/1007 908/1401/1008 894/1398/975
f 894/1381/978 908/1385/1009 907/1218/785 893/1215/795
f 953/1252/852 950/1238/845 951/1402/1005 954/1403/1010
f 954/1404/1011 951/1405/1006 949/1217/784 952/1220/787
f 1093/1400/1007 1094/1406/1012 906/1407/1013 908/1408/1008
f 908/1409/1009 906/1410/1014 905/1219/786 907/1218/785
f 956/1253/853 953/1252/852 954/1411/1010 957/1412/1015
f 957/1413/1016 954/1404/1011 952/1220/787 955/1222/789
f 1094/1406/1012 1095/1414/1017 904/1415/1018 906/1416/1013
f 906/1410/1014 904/1417/1019 903/1221/788 905/1219/786
f 959/1256/854 956/1255/853 957/1418/1015 960/1419/1020
f 960/1420/1021 957/1413/1016 955/1222/789 958/1224/791
f 1095/1414/1017 1096/1421/1022 902/1422/1023 904/1418/1018
f 904/1417/1019 902/1423/1024 901/1223/790 903/1221/788
f 962/1258/855 959/1256/854 960/1424/1020 963/1425/1025
f 963/1426/1026 960/1427/1021 958/1225/791 961/1211/793
f 1096/1421/1022 1097/1428/1027 900/1429/1028 902/1430/1023
f 902/1431/1024 900/1432/1029 899/1212/792 901/1226/790
f 965/1260/856 962/1258/855 963/1433/1025 966/1434/1030
f 966/1435/1031 963/1426/1026 961/1211/793 964/1210/776
f 1097/1428/1027 1098/1436/1032 898/1437/1033 900/1433/1028
f 900/1432/1029 898/1438/1034 897/1209/777 899/1212/792
f 940/1278/864 965/1260/856 966/1439/1030 942/1440/985
f 942/1377/988 966/1435/1031 964/1210/776 941/1214/779
f 1098/1436/1032 1099/1441/1035 896/1442/1036 898/1439/1033
f 898/1438/1034 896/1380/1037 895/1213/778 897/1209/777
f 1099/1441/1035 1087/1382/979 892/1387/982 896/1443/1036
f 896/1380/1037 892/1381/983 891/1215/811 895/1213/778
f 1100/1444/1038 1089/1390/993 910/1389/996 912/1388/1039
f 912/1385/1040 910/1381/997 909/1215/780 911/1218/783
f 1101/1445/1041 1100/1444/1038 912/1446/1039 914/1447/1042
f 914/1410/1043 912/1409/1040 911/1218/783 913/1219/797
f 946/1289/859 967/1264/858 969/1448/1044 948/1446/989
f 948/1405/992 969/1404/1045 968/1220/796 947/1217/782
f 1102/1449/1046 1101/1445/1041 914/1450/1042 916/1451/1047
f 916/1417/1048 914/1410/1043 913/1219/797 915/1221/799
f 967/1264/858 970/1263/857 972/1451/1049 969/1452/1044
f 969/1404/1045 972/1413/1050 971/1222/798 968/1220/796
f 1103/1453/1051 1102/1449/1046 916/1454/1047 918/1455/1052
f 918/1423/1053 916/1417/1048 915/1221/799 917/1223/801
f 970/1269/857 973/1268/860 975/1456/1054 972/1457/1049
f 972/1413/1050 975/1420/1055 974/1224/800 971/1222/798
f 1104/1271/1056 1103/1453/1051 918/1458/1052 920/1459/1057
f 920/1417/1058 918/1423/1053 917/1223/801 919/1221/803
f 973/1268/860 976/1271/861 978/1460/1059 975/1461/1054
f 975/1420/1055 978/1413/1060 977/1222/802 974/1224/800
f 1105/1462/1061 1104/1271/1056 920/1463/1057 922/1464/1062
f 922/1410/1063 920/1417/1058 919/1221/803 921/1219/805
f 976/1271/861 979/1273/862 981/1465/1064 978/1463/1059
f 978/1413/1060 981/1404/1065 980/1220/804 977/1222/802
f 1088/1274/980 1105/1462/1061 922/1466/1062 924/1467/981
f 924/1409/984 922/1410/1063 921/1219/805 923/1218/807
f 979/1273/862 982/1274/847 984/1468/1066 981/1469/1064
f 981/1404/1065 984/1405/1067 983/1217/806 980/1220/804
f 982/1242/847 938/1241/846 939/1384/986 984/1470/1066
f 984/1374/1067 939/1373/987 937/1216/812 983/1217/806
f 1106/1471/1068 1085/1378/973 862/1472/976 864/1473/1069
f 864/1438/1070 862/1380/977 861/1213/813 863/1209/772
f 934/1249/851 985/1248/850 987/1473/1071 936/1472/969
f 936/1377/972 987/1435/1072 986/1210/773 935/1214/814
f 1107/1474/1073 1106/1471/1068 864/1475/1069 866/1476/1074
f 866/1432/1075 864/1438/1070 863/1209/772 865/1212/775
f 985/1248/850 988/1276/863 990/1476/1076 987/1475/1071
f 987/1435/1072 990/1426/1077 989/1211/774 986/1210/773
f 1108/1477/1078 1107/1474/1073 866/1478/1074 868/1479/1079
f 868/1431/1080 866/1432/1075 865/1212/775 867/1226/820
f 988/1276/863 991/1280/865 993/1480/1081 990/1478/1076
f 990/1426/1077 993/1427/1082 992/1225/819 989/1211/774
f 1109/1481/1083 1108/1477/1078 868/1482/1079 870/1483/1084
f 870/1432/1085 868/1431/1080 867/1226/820 869/1212/822
f 991/1280/865 994/1282/866 996/1484/1086 993/1485/1081
f 993/1427/1082 996/1426/1087 995/1211/821 992/1225/819
f 1110/1486/1088 1109/1481/1083 870/1487/1084 872/1488/1089
f 872/1438/1090 870/1432/1085 869/1212/822 871/1209/824
f 994/1282/866 997/1284/867 999/1489/1091 996/1487/1086
f 996/1426/1087 999/1435/1092 998/1210/823 995/1211/821
f 1092/1395/1000 1110/1486/1088 872/1490/1089 874/1491/1001
f 874/1380/1004 872/1438/1090 871/1209/824 873/1213/826
f 997/1284/867 1000/1285/843 1002/1492/1093 999/1490/1091
f 999/1435/1092 1002/1377/1094 1001/1214/825 998/1210/823
f 1000/1234/843 926/1230/810 927/1397/966 1002/1493/1093
f 1002/1377/1094 927/1373/967 925/1216/827 1001/1214/825
f 1004/1245/849 944/1244/848 945/1393/990 1005/1494/1095
f 1005/1377/1096 945/1373/991 943/1216/781 1003/1214/832
f 1007/1286/868 1004/1245/849 1005/1495/1095 1008/1496/1097
f 1008/1435/1098 1005/1377/1096 1003/1214/832 1006/1210/834
f 1090/1391/994 1111/1497/1099 888/1498/1100 890/1499/995
f 890/1380/998 888/1438/1101 887/1209/833 889/1213/831
f 1010/1291/870 1007/1286/868 1008/1500/1097 1011/1501/1102
f 1011/1426/1103 1008/1435/1098 1006/1210/834 1009/1211/836
f 1111/1497/1099 1112/1502/1104 886/1501/1105 888/1503/1100
f 888/1438/1101 886/1432/1106 885/1212/835 887/1209/833
f 1013/1293/871 1010/1291/870 1011/1504/1102 1014/1505/1107
f 1014/1427/1108 1011/1426/1103 1009/1211/836 1012/1225/838
f 1112/1502/1104 1113/1506/1109 884/1507/1110 886/1508/1105
f 886/1432/1106 884/1431/1111 883/1226/837 885/1212/835
f 1016/1295/872 1013/1293/871 1014/1509/1107 1017/1510/1112
f 1017/1413/1113 1014/1420/1108 1012/1224/838 1015/1222/840
f 1113/1506/1109 1114/1511/1114 882/1512/1115 884/1513/1110
f 884/1423/1111 882/1417/1116 881/1221/839 883/1223/837
f 1019/1288/869 1016/1295/872 1017/1514/1112 1020/1515/1117
f 1020/1404/1118 1017/1413/1113 1015/1222/840 1018/1220/842
f 1114/1511/1114 1115/1516/1119 880/1517/1120 882/1514/1115
f 882/1417/1116 880/1410/1121 879/1219/841 881/1221/839
f 928/1229/809 1019/1288/869 1020/1518/1117 930/1519/965
f 930/1405/968 1020/1404/1118 1018/1220/842 929/1217/829
f 1115/1516/1119 1116/1520/1122 878/1521/1123 880/1522/1120
f 880/1410/1121 878/1409/1124 877/1218/830 879/1219/841
f 1116/1520/1122 1091/1394/999 876/1372/1002 878/1523/1123
f 878/1385/1124 876/1381/1003 875/1215/828 877/1218/830
f 1038/1524/1125 805/1235/1125 806/1251/1126 1040/1525/1126
f 1022/1526/1127 1024/1527/1128 798/1228/1128 797/1227/1127
f 1032/1528/1129 802/1277/1129 801/1240/1130 1030/1529/1130
f 1026/1530/1131 1028/1531/1132 800/1246/1132 799/1236/1131
f 1036/1532/1133 804/1265/1133 803/1243/1134 1034/1533/1134
f 1026/1530/1131 799/1236/1131 805/1235/1125 1038/1524/1125
f 1040/1525/1126 806/1251/1126 807/1250/1135 1042/1534/1135
f 1048/1535/1136 810/1259/1136 802/1277/1129 1032/1528/1129
f 1042/1534/1135 807/1250/1135 808/1254/1137 1044/1536/1137
f 1044/1536/1137 808/1254/1137 809/1257/1138 1046/1537/1138
f 1046/1537/1138 809/1257/1138 810/1259/1136 1048/1535/1136
f 1050/1538/1139 811/1261/1139 804/1265/1133 1036/1532/1133
f 1056/1539/1140 814/1270/1140 813/1267/1141 1054/1540/1141
f 1052/1541/1142 812/1262/1142 811/1261/1139 1050/1538/1139
f 1054/1540/1141 813/1267/1141 812/1262/1142 1052/1541/1142
f 1058/1542/1143 815/1272/1143 814/1270/1140 1056/1539/1140
f 1066/1543/1144 819/1279/1144 818/1275/1145 1064/1544/1145
f 1062/1545/1146 817/1247/1146 800/1246/1132 1028/1531/1132
f 1030/1529/1130 801/1240/1130 816/1239/1147 1060/1546/1147
f 1058/1542/1143 1060/1546/1147 816/1239/1147 815/1272/1143
f 1074/1547/1148 823/1207/1148 824/1208/1149 1076/1548/1149
f 1064/1544/1145 818/1275/1145 817/1247/1146 1062/1545/1146
f 1068/1549/1150 820/1281/1150 819/1279/1144 1066/1543/1144
f 1082/1550/1151 827/1294/1151 828/1287/1152 1084/1551/1152
f 1070/1552/1153 821/1283/1153 820/1281/1150 1068/1549/1150
f 1072/1553/1154 822/1233/1154 821/1283/1153 1070/1552/1153
f 1022/1526/1127 797/1227/1127 822/1233/1154 1072/1553/1154
f 1034/1533/1134 803/1243/1134 823/1207/1148 1074/1547/1148
f 1080/1554/1155 826/1292/1155 827/1294/1151 1082/1550/1151
f 1076/1548/1149 824/1208/1149 825/1290/1156 1078/1555/1156
f 1078/1555/1156 825/1290/1156 826/1292/1155 1080/1554/1155
f 1084/1551/1152 828/1287/1152 798/1228/1128 1024/1527/1128
f 1021/1299/904 1023/1298/903 1024/1527/1157 1022/1526/1158
f 1025/1331/936 1027/1370/943 1028/1531/1159 1026/1530/1160
f 1029/1333/938 1031/1355/956 1032/1528/1161 1030/1529/1162
f 1033/1335/940 1035/1348/951 1036/1532/1163 1034/1533/1164
f 1037/1332/937 1025/1331/936 1026/1530/1160 1038/1524/1165
f 1039/1339/944 1037/1332/937 1038/1524/1165 1040/1525/1166
f 1041/1340/945 1039/1339/944 1040/1525/1166 1042/1534/1167
f 1043/1342/946 1041/1341/945 1042/1534/1167 1044/1536/1168
f 1045/1343/947 1043/1342/946 1044/1536/1168 1046/1537/1169
f 1047/1345/948 1045/1344/947 1046/1537/1169 1048/1535/1170
f 1031/1355/956 1047/1345/948 1048/1535/1170 1032/1528/1161
f 1035/1348/951 1049/1347/950 1050/1538/1171 1036/1532/1163
f 1049/1347/950 1051/1346/949 1052/1541/1172 1050/1538/1171
f 1051/1346/949 1053/1349/952 1054/1540/1173 1052/1541/1172
f 1053/1349/952 1055/1350/953 1056/1539/1174 1054/1540/1173
f 1055/1350/953 1057/1351/954 1058/1542/1175 1056/1539/1174
f 1057/1351/954 1059/1352/939 1060/1546/1176 1058/1542/1175
f 1059/1334/939 1029/1333/938 1030/1529/1162 1060/1546/1176
f 1027/1338/943 1061/1337/942 1062/1545/1177 1028/1531/1159
f 1061/1354/942 1063/1353/955 1064/1544/1178 1062/1545/1177
f 1063/1353/955 1065/1356/957 1066/1543/1179 1064/1544/1178
f 1065/1358/957 1067/1357/958 1068/1549/1180 1066/1543/1179
f 1067/1357/958 1069/1359/959 1070/1552/1181 1068/1549/1180
f 1069/1361/959 1071/1360/935 1072/1553/1182 1070/1552/1181
f 1071/1330/935 1021/1299/904 1022/1526/1158 1072/1553/1182
f 1073/1336/941 1033/1335/940 1034/1533/1164 1074/1547/1183
f 1075/1362/960 1073/1336/941 1074/1547/1183 1076/1548/1184
f 1077/1365/962 1075/1362/960 1076/1548/1184 1078/1555/1185
f 1079/1367/963 1077/1366/962 1078/1555/1185 1080/1554/1186
f 1081/1368/964 1079/1367/963 1080/1554/1186 1082/1550/1187
f 1083/1363/961 1081/1369/964 1082/1550/1187 1084/1551/1188
f 1023/1364/903 1083/1363/961 1084/1551/1188 1024/1527/1157
f 893/1215/795 931/1216/794 935/1214/814 861/1213/813
f 1150/1556/1189 1153/1557/1190 1138/1557/900 1117/1556/887
f 1195/1558/1191 1200/1559/1192 1131/1560/875 1119/1558/876
f 1242/1561/1193 1195/1558/1191 1119/1558/876 1120/1561/899
f 1171/1562/1194 1173/1563/1195 1148/1563/883 1123/1562/884
f 1200/1560/1192 1203/1564/1196 1130/1564/889 1131/1560/875
f 1222/1565/1197 1225/1566/1198 1132/1566/879 1121/1565/880
f 1215/1567/1199 1218/1568/1200 1125/1568/770 1126/1567/771
f 1212/1569/1201 1215/1570/1199 1126/1567/771 1127/1569/877
f 1209/1571/1202 1212/1569/1201 1127/1569/877 1128/1571/881
f 1206/1572/1203 1209/1571/1202 1128/1571/881 1129/1572/885
f 1203/1564/1196 1206/1572/1203 1129/1572/885 1130/1564/889
f 1218/1568/1200 1197/1573/1204 1118/1573/888 1125/1568/770
f 1225/1574/1198 1228/1575/1205 1133/1575/891 1132/1566/879
f 1228/1576/1205 1231/1577/1206 1134/1578/892 1133/1575/891
f 1231/1578/1206 1234/1579/1207 1135/1580/893 1134/1578/892
f 1234/1580/1207 1237/1581/1208 1136/1581/895 1135/1580/893
f 1237/1581/1208 1240/1582/1209 1137/1583/897 1136/1581/895
f 1240/1583/1209 1242/1584/1193 1120/1561/899 1137/1583/897
f 1153/1557/1190 1156/1585/1210 1139/1586/874 1138/1557/900
f 1156/1586/1210 1159/1587/1211 1140/1587/873 1139/1586/874
f 1159/1587/1211 1162/1588/1212 1141/1588/878 1140/1587/873
f 1162/1588/1212 1165/1589/1213 1142/1589/882 1141/1588/878
f 1165/1589/1213 1167/1590/1214 1124/1590/886 1142/1589/882
f 1167/1590/1214 1171/1562/1194 1123/1562/884 1124/1590/886
f 1191/1591/1215 1222/1565/1197 1121/1565/880 1122/1591/890
f 1188/1232/816 1191/1591/1215 1122/1591/890 1143/1232/817
f 1182/1592/1216 1185/1231/815 1144/1231/818 1145/1592/894
f 1186/1593/1217 1183/1594/1218 1113/1506/1109 1112/1502/1104
f 1179/1595/1219 1182/1592/1216 1145/1592/894 1146/1595/896
f 1176/1596/1220 1179/1595/1219 1146/1595/896 1147/1596/898
f 1173/1563/1195 1176/1597/1220 1147/1596/898 1148/1563/883
f 1118/1573/1221 1117/1556/1221 1138/1557/1221 1139/1586/1221 1140/1587/1221 1141/1588/1221 1142/1589/1221 1124/1590/1221 1123/1562/1221 1148/1563/1221 1147/1596/1221 1146/1595/1221 1145/1592/1221 1144/1231/1221 1143/1232/1221 1122/1591/1221 1121/1565/1221 1132/1566/1221 1133/1575/1221 1134/1578/1221 1135/1580/1221 1136/1581/1221 1137/1583/1221 1120/1561/1221 1119/1558/1221 1131/1560/1221 1130/1564/1221 1129/1572/1221 1128/1571/1221 1127/1569/1221 1126/1567/1221 1125/1568/1221
f 1230/1598/1222 1227/1599/1223 1101/1445/1041 1102/1449/1046
f 1194/1600/1224 1243/1601/1225 1088/1274/980 1087/1382/979
f 1183/1594/1218 1180/1602/1226 1114/1511/1114 1113/1506/1109
f 1233/1603/1227 1230/1598/1222 1102/1449/1046 1103/1453/1051
f 1221/1604/1228 1192/1605/1229 1090/1391/994 1089/1390/993
f 1180/1602/1226 1177/1606/1230 1115/1516/1119 1114/1511/1114
f 1236/1607/1231 1233/1608/1227 1103/1453/1051 1104/1271/1056
f 1170/1609/1232 1168/1610/1233 1092/1395/1000 1091/1394/999
f 1177/1611/1230 1174/1612/1234 1116/1520/1122 1115/1516/1119
f 1239/1613/1235 1236/1607/1231 1104/1271/1056 1105/1462/1061
f 1198/1614/1236 1219/1615/1237 1093/1400/1007 1086/1379/974
f 1174/1616/1234 1170/1609/1232 1091/1394/999 1116/1520/1122
f 1243/1601/1225 1239/1613/1235 1105/1462/1061 1088/1274/980
f 1219/1615/1237 1216/1617/1238 1094/1406/1012 1093/1400/1007
f 1152/1618/1239 1149/1619/1240 1085/1378/973 1106/1471/1068
f 1216/1620/1238 1213/1621/1241 1095/1414/1017 1094/1406/1012
f 1155/1622/1242 1152/1623/1239 1106/1471/1068 1107/1474/1073
f 1213/1621/1241 1210/1624/1243 1096/1421/1022 1095/1414/1017
f 1158/1625/1244 1155/1622/1242 1107/1474/1073 1108/1477/1078
f 1210/1624/1243 1207/1626/1245 1097/1428/1027 1096/1421/1022
f 1161/1627/1246 1158/1625/1244 1108/1477/1078 1109/1481/1083
f 1207/1626/1245 1204/1628/1247 1098/1436/1032 1097/1428/1027
f 1164/1629/1248 1161/1630/1246 1109/1481/1083 1110/1486/1088
f 1204/1631/1247 1201/1632/1249 1099/1441/1035 1098/1436/1032
f 1168/1633/1233 1164/1629/1248 1110/1486/1088 1092/1395/1000
f 1201/1632/1249 1194/1600/1224 1087/1382/979 1099/1441/1035
f 1192/1605/1229 1189/1634/1250 1111/1497/1099 1090/1391/994
f 1224/1635/1251 1221/1604/1228 1089/1390/993 1100/1444/1038
f 1189/1634/1250 1186/1636/1217 1112/1502/1104 1111/1497/1099
f 1227/1599/1223 1224/1635/1251 1100/1444/1038 1101/1445/1041
f 1149/1619/1240 1198/1614/1236 1086/1379/974 1085/1378/973
f 1150/1556/1189 1197/1573/1204 1199/1573/997 1151/1556/1040
f 1151/1556/1039 1199/1573/996 1198/1614/1236 1149/1619/1240
f 1195/1558/1191 1242/1561/1193 1244/1561/1004 1196/1558/1003
f 1196/1558/1002 1244/1561/1001 1243/1601/1225 1194/1600/1224
f 1222/1565/1197 1191/1591/1215 1193/1591/1009 1223/1565/978
f 1223/1565/975 1193/1591/1008 1192/1605/1229 1221/1604/1228
f 1171/1562/1194 1167/1590/1214 1169/1590/984 1172/1562/983
f 1172/1562/982 1169/1590/981 1168/1610/1233 1170/1609/1232
f 1197/1573/1204 1218/1568/1200 1220/1568/998 1199/1573/997
f 1199/1573/996 1220/1568/995 1219/1615/1237 1198/1614/1236
f 1218/1568/1200 1215/1567/1199 1217/1567/1101 1220/1568/998
f 1220/1568/995 1217/1567/1100 1216/1617/1238 1219/1615/1237
f 1215/1570/1199 1212/1569/1201 1214/1569/1106 1217/1567/1101
f 1217/1567/1100 1214/1569/1105 1213/1621/1241 1216/1620/1238
f 1212/1569/1201 1209/1571/1202 1211/1571/1111 1214/1569/1106
f 1214/1569/1105 1211/1571/1110 1210/1624/1243 1213/1621/1241
f 1209/1571/1202 1206/1572/1203 1208/1572/1116 1211/1571/1111
f 1211/1571/1110 1208/1572/1115 1207/1626/1245 1210/1624/1243
f 1206/1572/1203 1203/1564/1196 1205/1564/1121 1208/1572/1116
f 1208/1572/1115 1205/1564/1120 1204/1628/1247 1207/1626/1245
f 1203/1564/1196 1200/1560/1192 1202/1560/1124 1205/1564/1121
f 1205/1564/1120 1202/1560/1123 1201/1632/1249 1204/1631/1247
f 1200/1559/1192 1195/1558/1191 1196/1558/1003 1202/1560/1124
f 1202/1560/1123 1196/1558/1002 1194/1600/1224 1201/1632/1249
f 1225/1566/1198 1222/1565/1197 1223/1565/978 1226/1566/977
f 1226/1566/976 1223/1565/975 1221/1604/1228 1224/1635/1251
f 1228/1575/1205 1225/1574/1198 1226/1566/977 1229/1575/1070
f 1229/1575/1069 1226/1566/976 1224/1635/1251 1227/1599/1223
f 1231/1577/1206 1228/1576/1205 1229/1575/1070 1232/1578/1075
f 1232/1578/1074 1229/1575/1069 1227/1599/1223 1230/1598/1222
f 1234/1579/1207 1231/1578/1206 1232/1578/1075 1235/1580/1080
f 1235/1580/1079 1232/1578/1074 1230/1598/1222 1233/1603/1227
f 1237/1581/1208 1234/1580/1207 1235/1580/1080 1238/1581/1085
f 1238/1581/1084 1235/1580/1079 1233/1608/1227 1236/1607/1231
f 1240/1582/1209 1237/1581/1208 1238/1581/1085 1241/1583/1090
f 1241/1583/1089 1238/1581/1084 1236/1607/1231 1239/1613/1235
f 1242/1584/1193 1240/1583/1209 1241/1583/1090 1244/1561/1004
f 1244/1561/1001 1241/1583/1089 1239/1613/1235 1243/1601/1225
f 1153/1557/1190 1150/1556/1189 1151/1556/1040 1154/1557/1043
f 1154/1557/1042 1151/1556/1039 1149/1619/1240 1152/1618/1239
f 1156/1585/1210 1153/1557/1190 1154/1557/1043 1157/1586/1048
f 1157/1586/1047 1154/1557/1042 1152/1623/1239 1155/1622/1242
f 1159/1587/1211 1156/1586/1210 1157/1586/1048 1160/1587/1053
f 1160/1587/1052 1157/1586/1047 1155/1622/1242 1158/1625/1244
f 1162/1588/1212 1159/1587/1211 1160/1587/1053 1163/1588/1058
f 1163/1588/1057 1160/1587/1052 1158/1625/1244 1161/1627/1246
f 1165/1589/1213 1162/1588/1212 1163/1588/1058 1166/1589/1063
f 1166/1589/1062 1163/1588/1057 1161/1630/1246 1164/1629/1248
f 1167/1590/1214 1165/1589/1213 1166/1589/1063 1169/1590/984
f 1169/1590/981 1166/1589/1062 1164/1629/1248 1168/1633/1233
f 1191/1591/1215 1188/1232/816 1190/1232/1014 1193/1591/1009
f 1193/1591/1008 1190/1232/1013 1189/1634/1250 1192/1605/1229
f 1188/1232/816 1185/1231/815 1187/1231/1019 1190/1232/1014
f 1190/1232/1013 1187/1231/1018 1186/1636/1217 1189/1634/1250
f 1185/1231/815 1182/1592/1216 1184/1592/1024 1187/1231/1019
f 1187/1231/1018 1184/1592/1023 1183/1594/1218 1186/1593/1217
f 1182/1592/1216 1179/1595/1219 1181/1595/1029 1184/1592/1024
f 1184/1592/1023 1181/1595/1028 1180/1602/1226 1183/1594/1218
f 1179/1595/1219 1176/1596/1220 1178/1596/1034 1181/1595/1029
f 1181/1595/1028 1178/1596/1033 1177/1606/1230 1180/1602/1226
f 1176/1597/1220 1173/1563/1195 1175/1563/1037 1178/1596/1034
f 1178/1596/1033 1175/1563/1036 1174/1612/1234 1177/1611/1230
f 1173/1563/1195 1171/1562/1194 1172/1562/983 1175/1563/1037
f 1175/1563/1036 1172/1562/982 1170/1609/1232 1174/1616/1234
f 1197/1573/1204 1150/1556/1189 1117/1556/887 1118/1573/888
o van_3_wheel_fr
v -0.192534 0.000000 -0.319351
v -0.192535 -0.061671 -0.313277
v -0.192535 -0.120973 -0.295288
v -0.192535 -0.175625 -0.266076
v -0.192535 -0.223528 -0.226763
v -0.192535 -0.262842 -0.178860
v -0.192535 -0.292054 -0.124207
v -0.192535 -0.310043 -0.064906
v -0.192535 0.316117 -0.003235
v -0.192535 0.310043 -0.064906
v -0.192535 0.292054 -0.124207
v -0.192535 0.262842 -0.178859
v -0.192535 0.223528 -0.226762
v -0.192535 0.175625 -0.266076
v -0.192535 0.120973 -0.295288
v -0.192535 0.061671 -0.313277
v -0.192535 -0.316117 -0.003234
v -0.192535 -0.310043 0.058438
v -0.192535 -0.292054 0.117739
v -0.192535 -0.262842 0.172391
v -0.192535 -0.223528 0.220294
v -0.192535 -0.175625 0.259607
v -0.192535 -0.120973 0.288820
v -0.192535 -0.061671 0.306809
v -0.192535 0.000000 0.312883
v -0.192535 0.061671 0.306809
v -0.192535 0.120973 0.288820
v -0.192535 0.175625 0.259608
v -0.192535 0.223528 0.220294
v -0.192535 0.262842 0.172391
v -0.192535 0.292054 0.117739
v -0.192535 0.310043 0.058437
v -0.202535 0.000000 -0.319351
v -0.202535 0.061671 -0.313277
v -0.202535 -0.316117 -0.003234
v -0.202535 -0.310043 -0.064906
v -0.202535 0.000000 0.312883
v -0.202535 -0.061671 0.306809
v -0.202535 0.316117 -0.003235
v -0.202535 0.310043 0.058437
v -0.202535 -0.310043 0.058438
v -0.202535 -0.292054 0.117739
v -0.202535 -0.262842 0.172391
v -0.202535 -0.223528 0.220294
v -0.202535 -0.175625 0.259607
v -0.202535 -0.120973 0.288820
v -0.202535 0.292054 0.117739
v -0.202535 0.262842 0.172391
v -0.202535 0.223528 0.220294
v -0.202535 0.175625 0.259608
v -0.202535 0.120973 0.288820
v -0.202535 0.061671 0.306809
v -0.202535 -0.292054 -0.124207
v -0.202535 -0.262842 -0.178860
v -0.202535 -0.223528 -0.226763
v -0.202535 -0.175625 -0.266076
v -0.202535 -0.120973 -0.295288
v -0.202535 -0.061671 -0.313277
v -0.202535 0.310043 -0.064906
v -0.202535 0.292054 -0.124207
v -0.202535 0.262842 -0.178859
v -0.202535 0.223528 -0.226762
v -0.202535 0.175625 -0.266076
v -0.202535 0.120973 -0.295288
v -0.211647 0.000000 -0.183691
v -0.211647 0.035205 -0.180224
v -0.211647 -0.180457 -0.003234
v -0.211647 -0.176989 -0.038440
v -0.211647 -0.000000 0.177222
v -0.211647 -0.035205 0.173755
v -0.211647 0.180457 -0.003234
v -0.211647 0.176989 0.031971
v -0.211647 -0.176989 0.031971
v -0.211647 -0.166720 0.065824
v -0.211647 -0.150044 0.097022
v -0.211647 -0.127602 0.124368
v -0.211647 -0.100256 0.146810
v -0.211647 -0.069058 0.163486
v -0.211647 0.166720 0.065824
v -0.211647 0.150044 0.097022
v -0.211647 0.127602 0.124368
v -0.211647 0.100256 0.146810
v -0.211647 0.069058 0.163486
v -0.211647 0.035205 0.173755
v -0.211647 -0.166720 -0.072292
v -0.211647 -0.150044 -0.103491
v -0.211647 -0.127602 -0.130836
v -0.211647 -0.100256 -0.153279
v -0.211647 -0.069058 -0.169955
v -0.211647 -0.035205 -0.180224
v -0.211647 0.176989 -0.038439
v -0.211647 0.166720 -0.072292
v -0.211647 0.150044 -0.103491
v -0.211647 0.127602 -0.130836
v -0.211647 0.100256 -0.153279
v -0.211647 0.069058 -0.169955
v 0.161553 -0.443839 -0.091519
v 0.176388 -0.437782 -0.090315
v 0.161553 -0.418087 -0.176412
v 0.176388 -0.412382 -0.174048
v 0.161553 -0.376268 -0.254649
v 0.176389 -0.371134 -0.251218
v 0.161553 -0.319990 -0.323224
v 0.176389 -0.315624 -0.318858
v 0.161553 -0.251414 -0.379502
v 0.176389 -0.247984 -0.374368
v 0.161553 -0.173177 -0.421321
v 0.176389 -0.170814 -0.415616
v 0.161553 -0.088285 -0.447073
v 0.176389 -0.087080 -0.441017
v 0.161553 0.000000 -0.455768
v 0.176389 0.000000 -0.449593
v 0.161553 0.088285 -0.447073
v 0.176389 0.087080 -0.441017
v 0.161553 0.173177 -0.421321
v 0.176389 0.170814 -0.415616
v 0.161553 0.251415 -0.379502
v 0.176389 0.247984 -0.374368
v 0.161553 0.319990 -0.323224
v 0.176389 0.315624 -0.318858
v 0.161553 0.376268 -0.254649
v 0.176389 0.371134 -0.251218
v 0.161553 0.418087 -0.176411
v 0.176388 0.412382 -0.174049
v 0.161553 0.443839 -0.091519
v 0.176388 0.437783 -0.090315
v 0.161553 0.000000 0.449300
v 0.176388 0.000000 0.443125
v 0.161553 -0.452534 -0.003234
v 0.176388 -0.446359 -0.003234
v 0.161553 -0.088285 0.440604
v 0.176388 -0.087080 0.434549
v 0.161553 -0.173177 0.414853
v 0.176388 -0.170814 0.409148
v 0.161553 -0.251414 0.373034
v 0.176388 -0.247984 0.367900
v 0.161553 -0.319990 0.316755
v 0.176388 -0.315624 0.312390
v 0.161553 -0.376268 0.248181
v 0.176388 -0.371134 0.244750
v 0.161553 -0.418087 0.169943
v 0.176388 -0.412382 0.167580
v 0.161553 -0.443839 0.085051
v 0.176388 -0.437782 0.083846
v 0.161553 0.452534 -0.003234
v 0.176388 0.446359 -0.003234
v 0.161553 0.443839 0.085051
v 0.176388 0.437783 0.083846
v 0.161553 0.418087 0.169943
v 0.176388 0.412382 0.167580
v 0.161553 0.376268 0.248180
v 0.176388 0.371134 0.244750
v 0.161553 0.319990 0.316756
v 0.176388 0.315624 0.312390
v 0.161553 0.251415 0.373034
v 0.176388 0.247984 0.367900
v 0.161553 0.173177 0.414852
v 0.176388 0.170814 0.409148
v 0.161553 0.088285 0.440604
v 0.176388 0.087080 0.434549
v -0.171554 0.000000 -0.455768
v -0.192534 0.000000 -0.434686
v -0.186389 0.000000 -0.449593
v -0.192534 0.084172 -0.426396
v -0.171554 0.088285 -0.447073
v -0.186389 0.087080 -0.441017
v -0.171554 -0.452534 -0.003234
v -0.192535 -0.431452 -0.003234
v -0.186389 -0.446359 -0.003234
v -0.192535 -0.423162 -0.087406
v -0.171554 -0.443839 -0.091519
v -0.186389 -0.437782 -0.090315
v -0.171554 0.000000 0.449300
v -0.192535 0.000000 0.428218
v -0.186390 0.000000 0.443125
v -0.192535 -0.084172 0.419928
v -0.171554 -0.088285 0.440604
v -0.186390 -0.087080 0.434549
v -0.171554 0.452534 -0.003234
v -0.192535 0.431452 -0.003235
v -0.186389 0.446359 -0.003234
v -0.192535 0.423162 0.080938
v -0.171554 0.443839 0.085051
v -0.186389 0.437783 0.083846
v -0.171554 -0.443839 0.085051
v -0.192535 -0.423162 0.080938
v -0.186389 -0.437782 0.083846
v -0.171554 -0.418087 0.169943
v -0.192535 -0.398610 0.161875
v -0.186389 -0.412382 0.167580
v -0.171554 -0.376268 0.248181
v -0.192535 -0.358739 0.236467
v -0.186389 -0.371134 0.244750
v -0.171554 -0.319990 0.316755
v -0.192535 -0.305082 0.301849
v -0.186390 -0.315624 0.312390
v -0.171554 -0.251414 0.373034
v -0.192535 -0.239702 0.355505
v -0.186390 -0.247984 0.367900
v -0.171554 -0.173177 0.414852
v -0.192535 -0.165109 0.395375
v -0.186390 -0.170814 0.409148
v -0.192535 0.398610 0.161875
v -0.171554 0.418087 0.169943
v -0.186389 0.412382 0.167580
v -0.192535 0.358739 0.236468
v -0.171554 0.376268 0.248180
v -0.186389 0.371134 0.244750
v -0.192535 0.305083 0.301848
v -0.171554 0.319990 0.316756
v -0.186390 0.315624 0.312390
v -0.192535 0.239702 0.355505
v -0.171554 0.251415 0.373034
v -0.186390 0.247984 0.367900
v -0.192535 0.165110 0.395376
v -0.171554 0.173177 0.414852
v -0.186390 0.170814 0.409148
v -0.192535 0.084172 0.419927
v -0.171554 0.088285 0.440604
v -0.186390 0.087080 0.434549
v -0.192535 -0.398610 -0.168343
v -0.171554 -0.418087 -0.176412
v -0.186389 -0.412382 -0.174048
v -0.192535 -0.358739 -0.242936
v -0.171554 -0.376268 -0.254649
v -0.186389 -0.371134 -0.251218
v -0.192535 -0.305083 -0.308317
v -0.171554 -0.319990 -0.323224
v -0.186389 -0.315624 -0.318858
v -0.192534 -0.239702 -0.361973
v -0.171554 -0.251414 -0.379503
v -0.186389 -0.247984 -0.374368
v -0.192534 -0.165109 -0.401844
v -0.171554 -0.173177 -0.421321
v -0.186389 -0.170814 -0.415616
v -0.192534 -0.084172 -0.426396
v -0.171554 -0.088285 -0.447073
v -0.186389 -0.087080 -0.441017
v -0.171554 0.443839 -0.091519
v -0.192535 0.423162 -0.087406
v -0.186389 0.437783 -0.090315
v -0.171554 0.418087 -0.176411
v -0.192535 0.398610 -0.168344
v -0.186389 0.412382 -0.174049
v -0.171554 0.376268 -0.254649
v -0.192535 0.358739 -0.242936
v -0.186389 0.371134 -0.251218
v -0.171554 0.319990 -0.323224
v -0.192535 0.305083 -0.308317
v -0.186389 0.315624 -0.318858
v -0.171554 0.251415 -0.379502
v -0.192534 0.239702 -0.361973
v -0.186389 0.247984 -0.374368
v -0.171554 0.173177 -0.421321
v -0.192534 0.165110 -0.401844
v -0.186389 0.170814 -0.415616
v -0.171348 0.000000 -0.251354
v -0.169874 0.000000 -0.264146
v -0.171348 0.048406 -0.246587
v -0.169874 0.050901 -0.259132
v -0.171348 -0.248120 -0.003234
v -0.169874 -0.260911 -0.003234
v -0.171348 -0.243352 -0.051640
v -0.169874 -0.255898 -0.054135
v -0.171348 0.000000 0.244886
v -0.169874 0.000000 0.257677
v -0.171348 -0.048406 0.240118
v -0.169874 -0.050901 0.252664
v -0.171348 0.248120 -0.003234
v -0.169874 0.260911 -0.003234
v -0.171348 0.243352 0.045172
v -0.169874 0.255898 0.047667
v -0.171348 -0.243352 0.045172
v -0.169874 -0.255898 0.047667
v -0.171348 -0.229233 0.091717
v -0.169874 -0.241051 0.096612
v -0.171348 -0.206304 0.134614
v -0.169874 -0.216940 0.141720
v -0.171348 -0.175447 0.172213
v -0.169874 -0.184492 0.181258
v -0.171348 -0.137848 0.203070
v -0.169874 -0.144955 0.213705
v -0.171348 -0.094951 0.225999
v -0.169874 -0.099846 0.237817
v -0.171348 0.229233 0.091717
v -0.169874 0.241051 0.096612
v -0.171348 0.206304 0.134614
v -0.169874 0.216940 0.141721
v -0.171348 0.175447 0.172213
v -0.169874 0.184492 0.181258
v -0.171348 0.137848 0.203070
v -0.169874 0.144955 0.213705
v -0.171348 0.094951 0.225998
v -0.169874 0.099847 0.237817
v -0.171348 0.048406 0.240118
v -0.169874 0.050901 0.252664
v -0.171348 -0.229233 -0.098185
v -0.169874 -0.241051 -0.103081
v -0.171348 -0.206304 -0.141082
v -0.169874 -0.216940 -0.148189
v -0.171348 -0.175447 -0.178681
v -0.169874 -0.184492 -0.187726
v -0.171348 -0.137848 -0.209538
v -0.169874 -0.144955 -0.220174
v -0.171348 -0.094951 -0.232467
v -0.169874 -0.099846 -0.244285
v -0.171348 -0.048406 -0.246587
v -0.169874 -0.050901 -0.259132
v -0.171348 0.243352 -0.051640
v -0.169874 0.255898 -0.054135
v -0.171348 0.229233 -0.098186
v -0.169874 0.241051 -0.103080
v -0.171348 0.206304 -0.141082
v -0.169874 0.216940 -0.148189
v -0.171348 0.175447 -0.178681
v -0.169874 0.184492 -0.187726
v -0.171348 0.137848 -0.209538
v -0.169874 0.144955 -0.220174
v -0.171348 0.094951 -0.232467
v -0.169874 0.099847 -0.244285
v 0.182534 -0.423162 -0.087406
v 0.182534 -0.431452 -0.003234
v 0.182533 0.000000 0.428218
v 0.182533 0.084172 0.419928
v 0.182534 0.431452 -0.003235
v 0.182534 0.423162 -0.087406
v 0.182534 0.000000 -0.434686
v 0.182534 -0.084172 -0.426396
v 0.182534 -0.423162 0.080938
v 0.182534 -0.398610 0.161875
v 0.182533 -0.358739 0.236467
v 0.182533 -0.305082 0.301849
v 0.182533 -0.239702 0.355505
v 0.182533 -0.165109 0.395375
v 0.182533 -0.084172 0.419928
v 0.182534 0.423162 0.080938
v 0.182534 0.398610 0.161875
v 0.182533 0.358739 0.236468
v 0.182533 0.305083 0.301849
v 0.182533 0.239702 0.355505
v 0.182533 0.165110 0.395376
v 0.182534 -0.398610 -0.168343
v 0.182534 -0.358739 -0.242936
v 0.182534 -0.305083 -0.308317
v 0.182534 -0.239702 -0.361973
v 0.182534 -0.165109 -0.401844
v 0.182534 0.398610 -0.168343
v 0.182534 0.358739 -0.242936
v 0.182534 0.305083 -0.308317
v 0.182534 0.239702 -0.361973
v 0.182534 0.165109 -0.401844
v 0.182534 0.084172 -0.426396
v -0.137467 -0.289366 -0.060793
v -0.137467 -0.295035 -0.003234
v -0.137467 0.000000 0.291801
v -0.137467 0.057559 0.286132
v -0.137467 0.295035 -0.003235
v -0.137467 0.289366 -0.060793
v -0.137467 0.000000 -0.298269
v -0.137467 -0.057558 -0.292600
v -0.137467 -0.289366 0.054324
v -0.137467 -0.272577 0.109671
v -0.137467 -0.245312 0.160678
v -0.137467 -0.208621 0.205387
v -0.137467 -0.163913 0.242078
v -0.137467 -0.112905 0.269343
v -0.137467 -0.057558 0.286132
v -0.137467 0.289366 0.054324
v -0.137467 0.272577 0.109671
v -0.137467 0.245312 0.160678
v -0.137467 0.208621 0.205387
v -0.137467 0.163913 0.242078
v -0.137467 0.112905 0.269343
v -0.137467 -0.272577 -0.116139
v -0.137467 -0.245312 -0.167147
v -0.137467 -0.208621 -0.211856
v -0.137467 -0.163913 -0.248546
v -0.137467 -0.112905 -0.275811
v -0.137467 0.272577 -0.116139
v -0.137467 0.245312 -0.167146
v -0.137467 0.208621 -0.211856
v -0.137467 0.163913 -0.248547
v -0.137467 0.112905 -0.275811
v -0.137467 0.057559 -0.292600
v 0.182534 -0.311665 -0.065228
v 0.159907 -0.289366 -0.060793
v 0.175906 -0.295897 -0.062092
v 0.182534 -0.293582 -0.124840
v 0.159907 -0.272577 -0.116139
v 0.175906 -0.278729 -0.118687
v 0.182534 -0.264217 -0.179778
v 0.159907 -0.245312 -0.167147
v 0.175906 -0.250849 -0.170846
v 0.182534 -0.224698 -0.227932
v 0.159907 -0.208621 -0.211855
v 0.175906 -0.213330 -0.216564
v 0.182534 -0.176544 -0.267451
v 0.159907 -0.163913 -0.248546
v 0.175906 -0.167612 -0.254083
v 0.182534 -0.121606 -0.296816
v 0.159907 -0.112905 -0.275811
v 0.175906 -0.115453 -0.281963
v 0.159907 -0.057558 -0.292600
v 0.182534 -0.061994 -0.314899
v 0.175906 -0.058858 -0.299131
v 0.182534 0.000000 -0.321005
v 0.159907 0.000000 -0.298269
v 0.175906 0.000000 -0.304929
v 0.159907 0.057559 -0.292600
v 0.182534 0.061994 -0.314899
v 0.175906 0.058858 -0.299131
v 0.159907 0.112905 -0.275811
v 0.182534 0.121606 -0.296817
v 0.175906 0.115453 -0.281963
v 0.159907 0.163913 -0.248547
v 0.182534 0.176544 -0.267451
v 0.175906 0.167612 -0.254083
v 0.159907 0.208621 -0.211856
v 0.182534 0.224698 -0.227932
v 0.175906 0.213330 -0.216564
v 0.159907 0.245312 -0.167146
v 0.182534 0.264217 -0.179778
v 0.175906 0.250850 -0.170847
v 0.159907 0.272577 -0.116139
v 0.182534 0.293582 -0.124839
v 0.175906 0.278729 -0.118687
v 0.159907 0.289366 -0.060793
v 0.182534 0.311665 -0.065228
v 0.175906 0.295897 -0.062092
v 0.182533 0.000000 0.314537
v 0.159907 0.000000 0.291801
v 0.175906 0.000000 0.298460
v 0.159907 -0.295035 -0.003234
v 0.182534 -0.317771 -0.003234
v 0.175906 -0.301694 -0.003234
v 0.159907 -0.057558 0.286132
v 0.182533 -0.061994 0.308431
v 0.175906 -0.058858 0.292663
v 0.159907 -0.112905 0.269343
v 0.182533 -0.121606 0.290348
v 0.175906 -0.115453 0.275495
v 0.159907 -0.163913 0.242078
v 0.182533 -0.176544 0.260983
v 0.175906 -0.167612 0.247615
v 0.159907 -0.208621 0.205387
v 0.182533 -0.224698 0.221464
v 0.175906 -0.213330 0.210096
v 0.159907 -0.245312 0.160678
v 0.182533 -0.264217 0.173310
v 0.175906 -0.250849 0.164378
v 0.159907 -0.272577 0.109671
v 0.182534 -0.293582 0.118371
v 0.175906 -0.278729 0.112219
v 0.159907 -0.289366 0.054324
v 0.182534 -0.311665 0.058760
v 0.175906 -0.295897 0.055623
v 0.182534 0.317771 -0.003234
v 0.159907 0.295035 -0.003234
v 0.175906 0.301694 -0.003234
v 0.182534 0.311665 0.058760
v 0.159907 0.289366 0.054324
v 0.175906 0.295897 0.055623
v 0.182534 0.293582 0.118371
v 0.159907 0.272577 0.109671
v 0.175906 0.278729 0.112219
v 0.182533 0.264217 0.173310
v 0.159907 0.245312 0.160678
v 0.175906 0.250850 0.164378
v 0.182533 0.224698 0.221464
v 0.159907 0.208621 0.205387
v 0.175906 0.213330 0.210096
v 0.182533 0.176544 0.260983
v 0.159907 0.163913 0.242078
v 0.175906 0.167612 0.247615
v 0.182533 0.121606 0.290348
v 0.159907 0.112905 0.269343
v 0.175906 0.115453 0.275495
v 0.159907 0.057559 0.286132
v 0.182533 0.061994 0.308431
v 0.175906 0.058858 0.292663
vn -0.8607 0.4994 0.0993
vn -0.8607 0.5092 -0.0000
vn -0.8607 0.0993 -0.4994
vn -0.8607 -0.0000 -0.5092
vn -0.0000 0.9808 -0.1951
vn -0.0000 0.9239 -0.3827
vn 0.1936 -0.9064 -0.3754
vn -0.1936 -0.9064 -0.3754
vn -0.1936 -0.8157 -0.5451
vn 0.1936 -0.8157 -0.5451
vn -0.1936 -0.3754 0.9064
vn 0.1936 -0.3754 0.9064
vn 0.1936 -0.1914 0.9622
vn -0.1936 -0.1914 0.9622
vn 0.1936 0.9811 -0.0000
vn -0.1936 0.9811 -0.0000
vn -0.1936 0.9622 0.1914
vn 0.1936 0.9622 0.1914
vn -0.1936 -0.9622 0.1914
vn 0.1936 -0.9622 0.1914
vn 0.1936 -0.9064 0.3754
vn -0.1936 -0.9064 0.3754
vn 0.1936 -0.8157 0.5451
vn -0.1936 -0.8157 0.5451
vn 0.1936 -0.6937 0.6937
vn -0.1936 -0.6937 0.6937
vn 0.1936 -0.5451 0.8157
vn -0.1936 -0.5451 0.8157
vn -0.1936 -0.9811 -0.0000
vn 0.1936 -0.9811 -0.0000
vn -0.1936 0.9064 0.3754
vn 0.1936 0.9064 0.3754
vn -0.1936 0.8157 0.5451
vn 0.1936 0.8157 0.5451
vn -0.1936 0.6937 0.6937
vn 0.1936 0.6937 0.6937
vn -0.1936 0.5451 0.8157
vn 0.1936 0.5451 0.8157
vn -0.1936 0.3754 0.9064
vn 0.1936 0.3754 0.9064
vn -0.1936 0.1914 0.9622
vn 0.1936 0.1914 0.9622
vn -1.0000 -0.0000 -0.0000
vn -0.9786 0.0402 -0.2019
vn -0.9786 -0.0000 -0.2059
vn 0.1936 -0.0000 0.9811
vn -0.1936 -0.0000 0.9811
vn 0.1936 -0.9622 -0.1914
vn -0.1936 -0.9622 -0.1914
vn 0.1983 -0.8150 0.5445
vn 0.1983 -0.9055 0.3751
vn -0.0000 -0.9239 0.3827
vn -0.0000 -0.8315 0.5556
vn -0.1936 -0.6937 -0.6937
vn 0.1936 -0.6937 -0.6937
vn -0.1936 -0.5451 -0.8157
vn 0.1936 -0.5451 -0.8157
vn -0.1936 -0.3754 -0.9064
vn 0.1936 -0.3754 -0.9064
vn -0.1936 -0.1914 -0.9622
vn 0.1936 -0.1914 -0.9622
vn -0.1936 -0.0000 -0.9811
vn 0.1936 -0.0000 -0.9811
vn -0.1936 0.1914 -0.9622
vn 0.1936 0.1914 -0.9622
vn 0.1936 0.9622 -0.1914
vn -0.1936 0.9622 -0.1914
vn 0.1936 0.9064 -0.3754
vn -0.1936 0.9064 -0.3754
vn 0.1936 0.8157 -0.5451
vn -0.1936 0.8157 -0.5451
vn 0.1936 0.6937 -0.6937
vn -0.1936 0.6937 -0.6937
vn 0.1936 0.5451 -0.8157
vn -0.1936 0.5451 -0.8157
vn 0.1936 0.3754 -0.9064
vn -0.1936 0.3754 -0.9064
vn -0.9786 -0.0402 -0.2019
vn -0.9786 -0.2059 -0.0000
vn -0.9786 -0.2019 0.0402
vn -0.9786 -0.0000 0.2059
vn -0.9786 0.0402 0.2019
vn -0.9786 0.2059 -0.0000
vn -0.9786 0.2019 -0.0402
vn -0.9786 -0.1902 -0.0788
vn -0.9786 -0.2019 -0.0402
vn -0.9786 -0.1902 0.0788
vn -0.9786 -0.1712 0.1144
vn -0.9786 -0.1456 0.1456
vn -0.9786 -0.1144 0.1712
vn -0.9786 -0.0788 0.1902
vn -0.9786 0.1712 0.1144
vn -0.9786 0.1902 0.0788
vn -0.9786 0.2019 0.0402
vn -0.9786 0.1456 0.1456
vn -0.9786 0.1144 0.1712
vn -0.9786 0.0788 0.1902
vn -0.9786 -0.1712 -0.1144
vn -0.9786 -0.0402 0.2019
vn -0.9786 -0.1456 -0.1456
vn -0.9786 -0.1144 -0.1712
vn -0.9786 -0.0788 -0.1902
vn -0.9786 0.1902 -0.0788
vn -0.9786 0.0788 -0.1902
vn -0.9786 0.1712 -0.1144
vn -0.9786 0.1456 -0.1456
vn -0.9786 0.1144 -0.1712
vn -0.0000 0.7071 0.7071
vn -0.0000 0.8315 0.5556
vn -0.0000 0.1951 -0.9808
vn -0.0000 -0.0000 -1.0000
vn -0.0000 0.8315 -0.5556
vn -0.0000 0.5556 0.8315
vn -0.0000 -0.9808 -0.1951
vn -0.0000 -1.0000 -0.0000
vn -0.0000 0.7071 -0.7071
vn -0.0000 0.3827 0.9239
vn -0.0000 -0.1951 0.9808
vn -0.0000 -0.0000 1.0000
vn -0.0000 0.5556 -0.8315
vn -0.0000 0.1951 0.9808
vn -0.0000 0.9808 0.1951
vn -0.0000 1.0000 -0.0000
vn -0.0000 0.3827 -0.9239
vn -0.0000 -0.9808 0.1951
vn -0.0000 -0.9239 -0.3827
vn -0.0000 -0.8315 -0.5556
vn -0.0000 -0.7071 -0.7071
vn -0.0000 -0.7071 0.7071
vn -0.0000 -0.5556 -0.8315
vn -0.0000 -0.5556 0.8315
vn -0.0000 -0.3827 -0.9239
vn -0.0000 -0.3827 0.9239
vn -0.0000 -0.1951 -0.9808
vn -0.0000 0.9239 0.3827
vn -0.9598 -0.0000 -0.2806
vn -0.9598 0.0548 -0.2753
vn -0.9513 0.0602 -0.3024
vn -0.9513 -0.0000 -0.3083
vn -0.9598 -0.2806 -0.0000
vn -0.9598 -0.2753 0.0548
vn -0.9598 -0.2593 0.1074
vn -0.9598 -0.2333 0.1559
vn -0.9598 -0.1984 0.1984
vn -0.9598 -0.1559 0.2333
vn -0.9598 -0.1074 0.2593
vn -0.9598 -0.0548 0.2752
vn -0.9598 -0.0000 0.2806
vn -0.9598 0.0548 0.2752
vn -0.9598 0.1074 0.2593
vn -0.9598 0.1559 0.2333
vn -0.9598 0.1984 0.1984
vn -0.9598 0.2333 0.1559
vn -0.9598 0.2593 0.1074
vn -0.9598 0.2753 0.0548
vn -0.9598 0.2806 -0.0000
vn -0.9598 0.2753 -0.0548
vn -0.9598 0.2593 -0.1074
vn -0.9598 0.2333 -0.1559
vn -0.9598 0.1984 -0.1984
vn -0.9598 0.1559 -0.2333
vn -0.9598 0.1074 -0.2593
vn -0.9598 -0.0548 -0.2753
vn -0.9598 -0.1074 -0.2593
vn -0.9598 -0.1559 -0.2333
vn -0.9598 -0.1984 -0.1984
vn -0.9598 -0.2333 -0.1559
vn -0.9598 -0.2593 -0.1074
vn -0.9598 -0.2753 -0.0548
vn -0.9513 -0.0602 -0.3024
vn -0.9513 -0.3083 -0.0000
vn -0.9513 -0.3024 0.0602
vn -0.9513 -0.0000 0.3083
vn -0.9513 0.0602 0.3024
vn -0.9513 0.3083 -0.0000
vn -0.9513 0.3024 -0.0602
vn -0.9513 -0.2849 -0.1180
vn -0.9513 -0.3024 -0.0602
vn -0.9513 -0.2849 0.1180
vn -0.9513 -0.2564 0.1713
vn -0.9513 -0.2180 0.2180
vn -0.9513 -0.1713 0.2564
vn -0.9513 -0.1180 0.2849
vn -0.9513 0.2564 0.1713
vn -0.9513 0.2849 0.1180
vn -0.9513 0.3024 0.0602
vn -0.9513 0.2180 0.2180
vn -0.9513 0.1713 0.2564
vn -0.9513 0.1180 0.2849
vn -0.9513 -0.2564 -0.1713
vn -0.9513 -0.0602 0.3024
vn -0.9513 -0.2180 -0.2180
vn -0.9513 -0.1713 -0.2564
vn -0.9513 -0.1180 -0.2849
vn -0.9513 0.2849 -0.1180
vn -0.9513 0.1180 -0.2849
vn -0.9513 0.2564 -0.1713
vn -0.9513 0.2180 -0.2180
vn -0.9513 0.1713 -0.2564
vn -0.9245 0.0743 -0.3738
vn -0.9245 -0.0000 -0.3811
vn -0.3843 -0.0000 -0.9232
vn -0.3843 0.1801 -0.9055
vn -0.9245 -0.3738 -0.0744
vn -0.9245 -0.3811 -0.0000
vn -0.3843 -0.9232 -0.0000
vn -0.3843 -0.9055 -0.1801
vn 0.9786 -0.2019 -0.0402
vn 0.9786 -0.2059 -0.0000
vn 0.9245 -0.3811 -0.0000
vn 0.9245 -0.3738 -0.0744
vn 0.3843 -0.9055 -0.1801
vn 0.3843 -0.9232 -0.0000
vn 0.9786 -0.0000 0.2059
vn 0.9786 0.0402 0.2019
vn 0.9245 0.0743 0.3738
vn 0.9245 -0.0000 0.3811
vn 0.3843 -0.0000 0.9232
vn 0.3843 0.1801 0.9055
vn -0.9245 -0.0744 0.3738
vn -0.9245 -0.0000 0.3811
vn -0.3843 -0.0000 0.9232
vn -0.3843 -0.1801 0.9055
vn -0.9245 0.3738 0.0744
vn -0.9245 0.3811 -0.0000
vn -0.3843 0.9232 -0.0000
vn -0.3843 0.9055 0.1801
vn 0.9786 0.2059 -0.0000
vn 0.9786 0.2019 -0.0402
vn 0.9245 0.3738 -0.0744
vn 0.9245 0.3811 -0.0000
vn 0.3843 0.9232 -0.0000
vn 0.3843 0.9055 -0.1801
vn 0.9786 -0.0000 -0.2059
vn 0.9786 -0.0402 -0.2019
vn 0.9245 -0.0743 -0.3738
vn 0.9245 -0.0000 -0.3811
vn 0.3843 -0.0000 -0.9232
vn 0.3843 -0.1801 -0.9055
vn -0.9245 -0.3738 0.0744
vn -0.3843 -0.9055 0.1801
vn 0.9786 -0.2019 0.0402
vn 0.9245 -0.3738 0.0744
vn 0.3843 -0.9055 0.1801
vn -0.9245 -0.3521 0.1458
vn -0.3843 -0.8529 0.3533
vn 0.9786 -0.1902 0.0788
vn 0.9245 -0.3521 0.1458
vn 0.3843 -0.8530 0.3533
vn -0.9245 -0.3169 0.2117
vn -0.3843 -0.7676 0.5129
vn 0.9786 -0.1712 0.1144
vn 0.9245 -0.3169 0.2117
vn 0.3843 -0.7676 0.5129
vn -0.9245 -0.2695 0.2695
vn -0.3843 -0.6528 0.6528
vn 0.9786 -0.1456 0.1456
vn 0.9245 -0.2695 0.2695
vn 0.3843 -0.6528 0.6528
vn -0.9245 -0.2117 0.3169
vn -0.3843 -0.5129 0.7676
vn 0.9786 -0.1144 0.1712
vn 0.9245 -0.2117 0.3169
vn 0.3843 -0.5129 0.7676
vn -0.9245 -0.1458 0.3521
vn -0.3842 -0.3533 0.8530
vn 0.9786 -0.0788 0.1902
vn 0.9245 -0.1458 0.3521
vn 0.3842 -0.3533 0.8530
vn 0.9786 -0.0402 0.2019
vn 0.9245 -0.0743 0.3738
vn 0.3843 -0.1801 0.9055
vn 0.9786 0.2019 0.0402
vn 0.9245 0.3738 0.0744
vn 0.3843 0.9055 0.1801
vn 0.9786 0.1902 0.0788
vn 0.9245 0.3521 0.1458
vn 0.3843 0.8529 0.3533
vn -0.9245 0.3521 0.1458
vn -0.3843 0.8529 0.3533
vn 0.9786 0.1712 0.1144
vn 0.9245 0.3169 0.2117
vn 0.3843 0.7676 0.5129
vn -0.9245 0.3169 0.2117
vn -0.3843 0.7676 0.5129
vn 0.9786 0.1456 0.1456
vn 0.9245 0.2695 0.2695
vn 0.3843 0.6528 0.6528
vn -0.9245 0.2695 0.2695
vn -0.3843 0.6528 0.6528
vn 0.9786 0.1144 0.1712
vn 0.9245 0.2117 0.3169
vn 0.3843 0.5129 0.7676
vn -0.9245 0.2117 0.3169
vn -0.3843 0.5129 0.7676
vn 0.9786 0.0788 0.1902
vn 0.9245 0.1458 0.3521
vn 0.3842 0.3533 0.8530
vn -0.9245 0.1458 0.3521
vn -0.3842 0.3533 0.8530
vn -0.9245 0.0743 0.3738
vn -0.3843 0.1801 0.9055
vn 0.9786 -0.1902 -0.0788
vn 0.9245 -0.3521 -0.1458
vn 0.3843 -0.8529 -0.3533
vn -0.9245 -0.3521 -0.1458
vn -0.3843 -0.8529 -0.3533
vn 0.9786 -0.1712 -0.1144
vn 0.9245 -0.3169 -0.2117
vn 0.3843 -0.7676 -0.5129
vn -0.9245 -0.3169 -0.2117
vn -0.3843 -0.7676 -0.5129
vn 0.9786 -0.1456 -0.1456
vn 0.9245 -0.2695 -0.2695
vn 0.3842 -0.6528 -0.6528
vn -0.9245 -0.2695 -0.2695
vn -0.3843 -0.6528 -0.6528
vn 0.9786 -0.1144 -0.1712
vn 0.9245 -0.2117 -0.3169
vn 0.3842 -0.5129 -0.7676
vn -0.9245 -0.2117 -0.3169
vn -0.3843 -0.5129 -0.7676
vn 0.9786 -0.0788 -0.1902
vn 0.9245 -0.1458 -0.3521
vn 0.3842 -0.3533 -0.8530
vn -0.9245 -0.1458 -0.3521
vn -0.3843 -0.3533 -0.8529
vn -0.9245 -0.0743 -0.3738
vn -0.3843 -0.1801 -0.9055
vn -0.9245 0.3738 -0.0744
vn -0.3843 0.9055 -0.1801
vn -0.9245 0.3521 -0.1458
vn -0.3843 0.8530 -0.3533
vn 0.9786 0.1902 -0.0788
vn 0.9245 0.3521 -0.1458
vn 0.3843 0.8529 -0.3533
vn -0.9245 0.3169 -0.2117
vn -0.3843 0.7676 -0.5129
vn 0.9786 0.1712 -0.1144
vn 0.9245 0.3169 -0.2117
vn 0.3843 0.7676 -0.5129
vn -0.9245 0.2695 -0.2695
vn -0.3843 0.6528 -0.6528
vn 0.9786 0.1456 -0.1456
vn 0.9245 0.2695 -0.2695
vn 0.3843 0.6528 -0.6528
vn -0.9245 0.2117 -0.3169
vn -0.3843 0.5129 -0.7676
vn 0.9786 0.1144 -0.1712
vn 0.9245 0.2117 -0.3169
vn 0.3843 0.5129 -0.7676
vn -0.9245 0.1458 -0.3521
vn -0.3843 0.3533 -0.8529
vn 0.9786 0.0788 -0.1902
vn 0.9245 0.1458 -0.3521
vn 0.3843 0.3533 -0.8529
vn 0.9786 0.0402 -0.2019
vn 0.9245 0.0743 -0.3738
vn 0.3843 0.1801 -0.9055
vn -0.8607 0.1949 -0.4704
vn -0.8607 -0.0000 0.5092
vn -0.8607 -0.0993 0.4994
vn -0.8607 -0.4994 -0.0993
vn -0.8607 -0.5092 -0.0000
vn -0.8607 0.4994 -0.0993
vn -0.8607 0.4704 -0.1949
vn -0.8607 0.4234 -0.2829
vn -0.8607 0.2829 -0.4234
vn -0.8607 0.3600 -0.3600
vn -0.8607 -0.1949 -0.4704
vn -0.8607 -0.2829 -0.4234
vn -0.8607 -0.4704 -0.1949
vn -0.8607 -0.4234 -0.2829
vn -0.8607 -0.3600 -0.3600
vn -0.8607 0.0993 0.4994
vn -0.8607 0.1949 0.4704
vn -0.8607 0.3600 0.3600
vn -0.8607 0.4234 0.2829
vn -0.8607 -0.0993 -0.4994
vn -0.8607 0.4704 0.1949
vn -0.8607 -0.4994 0.0993
vn -0.8607 0.2829 0.4234
vn -0.8607 -0.4234 0.2829
vn -0.8607 -0.3600 0.3600
vn -0.8607 -0.2829 0.4234
vn -0.8607 -0.4704 0.1949
vn -0.8607 -0.1949 0.4704
vn -0.9934 0.0223 -0.1122
vn -0.9934 -0.0000 -0.1144
vn -0.9934 -0.1122 -0.0223
vn -0.9934 -0.1144 -0.0000
vn -0.9934 -0.0223 0.1122
vn -0.9934 -0.0000 0.1144
vn -0.9934 0.1122 0.0223
vn -0.9934 0.1144 -0.0000
vn -0.9934 -0.1122 0.0223
vn -0.9934 -0.1057 0.0438
vn -0.9934 -0.0951 0.0636
vn -0.9934 -0.0809 0.0809
vn -0.9934 -0.0636 0.0951
vn -0.9934 -0.0438 0.1057
vn -0.9934 0.1057 0.0438
vn -0.9934 0.0951 0.0636
vn -0.9934 0.0809 0.0809
vn -0.9934 0.0636 0.0951
vn -0.9934 0.0438 0.1057
vn -0.9934 0.0223 0.1122
vn -0.9934 -0.1057 -0.0438
vn -0.9934 -0.0952 -0.0636
vn -0.9934 -0.0809 -0.0809
vn -0.9934 -0.0636 -0.0952
vn -0.9934 -0.0438 -0.1057
vn -0.9934 -0.0223 -0.1122
vn -0.9934 0.1122 -0.0223
vn -0.9934 0.1057 -0.0438
vn -0.9934 0.0952 -0.0636
vn -0.9934 0.0809 -0.0809
vn -0.9934 0.0636 -0.0952
vn -0.9934 0.0438 -0.1057
vn 0.1983 0.9613 0.1912
vn 0.1983 0.9055 0.3751
vn 0.1983 -0.0000 -0.9801
vn 0.1983 0.1912 -0.9613
vn 0.1983 -0.1912 -0.9613
vn 0.1983 -0.0000 0.9801
vn 0.1983 -0.1912 0.9613
vn 0.1983 0.3751 -0.9055
vn 0.1983 -0.9801 -0.0000
vn 0.1983 -0.9613 -0.1912
vn 0.1983 0.9055 -0.3751
vn 0.1983 0.9613 -0.1912
vn 0.1983 0.8150 -0.5445
vn 0.1983 0.6931 -0.6931
vn 0.1983 0.5445 -0.8150
vn 0.1983 0.9801 -0.0000
vn 0.1983 -0.9055 -0.3751
vn 0.1983 -0.8150 -0.5445
vn 0.1983 -0.6931 -0.6931
vn 0.1983 -0.5445 -0.8150
vn 0.1983 -0.3751 -0.9055
vn 0.1983 0.8150 0.5445
vn 0.1983 0.6931 0.6931
vn 0.1983 0.5445 0.8150
vn 0.1983 0.3751 0.9055
vn 0.1983 0.1912 0.9613
vn 0.1983 -0.9613 0.1912
vn 0.1983 -0.6931 0.6931
vn 0.9832 -0.1518 0.1014
vn 0.9832 -0.1291 0.1291
vn 0.1983 -0.5445 0.8150
vn 0.1983 -0.3751 0.9055
vn 1.0000 -0.0000 -0.0000
vn 0.9832 -0.1518 -0.1014
vn 0.9832 -0.1686 -0.0698
vn 0.9832 -0.0000 -0.1825
vn 0.9832 -0.0356 -0.1790
vn 0.9832 -0.1014 0.1518
vn 0.9832 -0.1291 -0.1291
vn 0.9832 -0.1825 -0.0000
vn 0.9832 -0.1790 0.0356
vn 0.9832 -0.0698 0.1686
vn 0.9832 -0.1014 -0.1518
vn 0.9832 -0.0000 0.1825
vn 0.9832 0.0356 0.1790
vn 0.9832 -0.0356 0.1790
vn 0.9832 -0.0698 -0.1686
vn 0.9832 0.1825 -0.0000
vn 0.9832 0.1790 -0.0356
vn 0.9832 0.1686 -0.0698
vn 0.9832 0.1686 0.0698
vn 0.9832 0.1790 0.0356
vn 0.9832 0.1518 -0.1014
vn 0.9832 0.1518 0.1014
vn 0.9832 0.1291 -0.1291
vn 0.9832 0.1291 0.1291
vn 0.9832 0.1014 -0.1518
vn 0.9832 0.1014 0.1518
vn 0.9832 0.0698 -0.1686
vn 0.9832 0.0698 0.1686
vn 0.9832 0.0356 -0.1790
vn 0.9832 -0.1686 0.0698
vn 0.9832 -0.1790 -0.0356
vn 0.9245 0.0744 0.3738
vn 0.3843 -0.6528 -0.6528
vn 0.3843 -0.5129 -0.7676
vn 0.3843 -0.3533 -0.8529
vn 0.3843 0.3533 0.8529
vn 0.3843 -0.8529 0.3533
vn 0.3842 -0.5129 0.7676
vn 0.3843 -0.3533 0.8530
vn 0.9245 -0.0744 0.3738
vt 0.539630 0.042429
vt 0.538556 0.032211
vt 0.545354 0.030944
vt 0.545354 0.041362
vt 0.574129 0.086039
vt 0.579530 0.084006
vt 0.580200 0.096867
vt 0.574693 0.096867
vt 0.538556 0.161524
vt 0.532019 0.157772
vt 0.052045 0.068541
vt 0.081784 0.068541
vt 0.081784 0.054482
vt 0.052045 0.054482
vt 0.052045 0.086116
vt 0.081784 0.086116
vt 0.052045 0.100176
vt 0.081784 0.100176
vt 0.081784 0.114235
vt 0.052045 0.114235
vt 0.052045 0.131810
vt 0.081784 0.131810
vt 0.052045 0.144112
vt 0.081784 0.144112
vt 0.052045 0.158172
vt 0.081784 0.158172
vt 0.081784 0.042179
vt 0.052045 0.042179
vt 0.510507 0.096867
vt 0.511177 0.109728
vt 0.498708 0.114420
vt 0.497794 0.096867
vt 0.527286 0.148025
vt 0.532908 0.153710
vt 0.511177 0.084006
vt 0.498708 0.079314
vt 0.552152 0.032211
vt 0.545354 0.006892
vt 0.554632 0.008621
vt 0.579530 0.109728
vt 0.592914 0.096867
vt 0.592000 0.114420
vt 0.545354 0.162790
vt 0.545354 0.186842
vt 0.536075 0.185113
vt 0.532019 0.035962
vt 0.527153 0.013741
vt 0.536075 0.008621
vt 0.564713 0.042054
vt 0.558689 0.035962
vt 0.563554 0.013741
vt 0.571777 0.022056
vt 0.569994 0.050253
vt 0.571777 0.022056
vt 0.578984 0.033245
vt 0.574327 0.060242
vt 0.584898 0.046880
vt 0.577547 0.071640
vt 0.589293 0.062435
vt 0.558689 0.157772
vt 0.564713 0.151680
vt 0.571777 0.171679
vt 0.563554 0.179993
vt 0.552152 0.161524
vt 0.554632 0.185113
vt 0.569994 0.143482
vt 0.578984 0.160489
vt 0.571777 0.171679
vt 0.574327 0.133492
vt 0.584898 0.146855
vt 0.577547 0.122095
vt 0.589294 0.131299
vt 0.592000 0.114420
vt 0.525994 0.042054
vt 0.518931 0.022056
vt 0.592000 0.079314
vt 0.520714 0.050253
vt 0.511724 0.033245
vt 0.516380 0.060242
vt 0.505809 0.046880
vt 0.513160 0.071640
vt 0.501414 0.062435
vt 0.498708 0.079314
vt 0.527153 0.179993
vt 0.513160 0.122095
vt 0.501414 0.131299
vt 0.554632 0.185113
vt 0.525994 0.151680
vt 0.518931 0.171679
vt 0.520714 0.143482
vt 0.511724 0.160489
vt 0.516380 0.133492
vt 0.505809 0.146855
vt 0.525461 0.096867
vt 0.525844 0.104209
vt 0.518528 0.106962
vt 0.518003 0.096867
vt 0.545354 0.059235
vt 0.549235 0.059958
vt 0.552966 0.062099
vt 0.556405 0.065577
vt 0.559420 0.070257
vt 0.561894 0.075960
vt 0.563732 0.082466
vt 0.564864 0.089525
vt 0.565246 0.096867
vt 0.564863 0.104209
vt 0.563732 0.111269
vt 0.561894 0.117775
vt 0.559420 0.123477
vt 0.556405 0.128157
vt 0.552966 0.131635
vt 0.549234 0.133777
vt 0.545354 0.134500
vt 0.541473 0.133777
vt 0.537741 0.131635
vt 0.534302 0.128157
vt 0.531288 0.123477
vt 0.528814 0.117775
vt 0.526976 0.111269
vt 0.525844 0.089525
vt 0.526976 0.082466
vt 0.528814 0.075960
vt 0.531288 0.070257
vt 0.534302 0.065577
vt 0.537741 0.062099
vt 0.541473 0.059958
vt 0.518528 0.086773
vt 0.545354 0.045124
vt 0.550690 0.046119
vt 0.572704 0.096867
vt 0.572179 0.106962
vt 0.545354 0.148610
vt 0.540018 0.147616
vt 0.534887 0.049063
vt 0.540018 0.046119
vt 0.555820 0.049063
vt 0.560549 0.053845
vt 0.560549 0.053845
vt 0.564694 0.060279
vt 0.568095 0.068120
vt 0.568095 0.068120
vt 0.570622 0.077066
vt 0.560549 0.139890
vt 0.555820 0.144671
vt 0.550690 0.147616
vt 0.564694 0.133455
vt 0.568095 0.125614
vt 0.570623 0.116668
vt 0.572179 0.106962
vt 0.530159 0.053845
vt 0.534887 0.049063
vt 0.572179 0.086773
vt 0.526014 0.060279
vt 0.522612 0.068120
vt 0.526014 0.060279
vt 0.520085 0.077066
vt 0.518528 0.086773
vt 0.520085 0.077066
vt 0.534887 0.144671
vt 0.520085 0.116668
vt 0.518528 0.106962
vt 0.530159 0.139890
vt 0.530159 0.139890
vt 0.526014 0.133455
vt 0.522613 0.125614
vt 0.522613 0.125614
vt 0.540018 0.046119
vt 0.496422 0.115153
vt 0.495476 0.096993
vt 0.083643 0.100176
vt 0.083643 0.114235
vt 0.535688 0.004297
vt 0.545287 0.002508
vt 0.083643 0.086116
vt 0.536075 0.008621
vt 0.545354 0.006892
vt 0.050186 0.086116
vt 0.050186 0.100176
vt 0.592914 0.096867
vt 0.594286 0.115153
vt 0.595231 0.096993
vt 0.050186 0.114235
vt 0.594286 0.078582
vt 0.595231 0.096742
vt 0.555019 0.189438
vt 0.545420 0.191226
vt 0.545354 0.186842
vt 0.536075 0.185113
vt 0.535688 0.189438
vt 0.545287 0.191226
vt 0.497794 0.096867
vt 0.498708 0.079314
vt 0.496422 0.078582
vt 0.495476 0.096742
vt 0.545420 0.002508
vt 0.555019 0.004297
vt 0.554632 0.008621
vt 0.555019 0.004297
vt 0.555150 0.004346
vt 0.564380 0.009643
vt 0.083643 0.131810
vt 0.083643 0.115993
vt 0.563554 0.013741
vt 0.564380 0.009643
vt 0.555149 0.004346
vt 0.050186 0.115993
vt 0.050186 0.131810
vt 0.564502 0.009739
vt 0.573009 0.018341
vt 0.083643 0.144112
vt 0.571777 0.022056
vt 0.573009 0.018341
vt 0.564502 0.009739
vt 0.050186 0.144112
vt 0.573119 0.018480
vt 0.580576 0.030056
vt 0.083643 0.158172
vt 0.578984 0.033245
vt 0.580576 0.030056
vt 0.050186 0.158172
vt 0.580670 0.030234
vt 0.586788 0.044340
vt 0.083643 0.054482
vt 0.083643 0.042179
vt 0.584898 0.046880
vt 0.586788 0.044340
vt 0.580669 0.030234
vt 0.050186 0.042179
vt 0.050186 0.054482
vt 0.586862 0.044549
vt 0.591409 0.060642
vt 0.083643 0.068541
vt 0.589293 0.062435
vt 0.591409 0.060642
vt 0.050186 0.068541
vt 0.591460 0.060874
vt 0.594260 0.078335
vt 0.592000 0.079314
vt 0.594260 0.078335
vt 0.594286 0.078582
vt 0.554632 0.185113
vt 0.563554 0.179993
vt 0.555149 0.189389
vt 0.564380 0.184092
vt 0.564380 0.184092
vt 0.571777 0.171679
vt 0.564502 0.183996
vt 0.573009 0.175394
vt 0.564502 0.183996
vt 0.578984 0.160489
vt 0.573119 0.175254
vt 0.580576 0.163678
vt 0.580576 0.163678
vt 0.573119 0.175254
vt 0.580670 0.163500
vt 0.586788 0.149395
vt 0.586788 0.149395
vt 0.580670 0.163500
vt 0.589294 0.131299
vt 0.586862 0.149186
vt 0.591409 0.133093
vt 0.591409 0.133093
vt 0.591460 0.132861
vt 0.594260 0.115399
vt 0.594260 0.115399
vt 0.591460 0.132861
vt 0.594286 0.115153
vt 0.527154 0.013741
vt 0.535558 0.004346
vt 0.526328 0.009643
vt 0.518931 0.022056
vt 0.526205 0.009739
vt 0.517699 0.018341
vt 0.511724 0.033245
vt 0.517588 0.018480
vt 0.510132 0.030056
vt 0.510132 0.030056
vt 0.505809 0.046880
vt 0.510038 0.030234
vt 0.503919 0.044340
vt 0.503919 0.044340
vt 0.510038 0.030234
vt 0.501414 0.062435
vt 0.503845 0.044549
vt 0.499298 0.060642
vt 0.499298 0.060642
vt 0.499248 0.060874
vt 0.496448 0.078335
vt 0.496448 0.078335
vt 0.496422 0.078582
vt 0.535688 0.189438
vt 0.535558 0.189389
vt 0.526328 0.184092
vt 0.527153 0.179993
vt 0.526328 0.184092
vt 0.535558 0.189389
vt 0.526205 0.183996
vt 0.517699 0.175394
vt 0.518931 0.171679
vt 0.526205 0.183996
vt 0.517588 0.175254
vt 0.510132 0.163678
vt 0.511724 0.160489
vt 0.510132 0.163678
vt 0.517588 0.175254
vt 0.510038 0.163500
vt 0.503919 0.149395
vt 0.505809 0.146855
vt 0.503919 0.149395
vt 0.510038 0.163500
vt 0.503845 0.149186
vt 0.499299 0.133093
vt 0.501414 0.131299
vt 0.499299 0.133093
vt 0.499248 0.132861
vt 0.496448 0.115399
vt 0.498708 0.114420
vt 0.496448 0.115399
vt 0.499248 0.132861
vt 0.496422 0.115153
vt 0.572460 0.075626
vt 0.516015 0.096867
vt 0.516578 0.107696
vt 0.551078 0.151305
vt 0.545354 0.152372
vt 0.551077 0.042429
vt 0.556581 0.045587
vt 0.561654 0.050717
vt 0.569749 0.066030
vt 0.566100 0.057619
vt 0.572460 0.118108
vt 0.569749 0.127704
vt 0.556581 0.148147
vt 0.561654 0.143018
vt 0.566100 0.136115
vt 0.516578 0.086039
vt 0.518248 0.075626
vt 0.524608 0.057619
vt 0.529054 0.050717
vt 0.574129 0.107696
vt 0.534126 0.045588
vt 0.539630 0.151305
vt 0.520959 0.066030
vt 0.529054 0.143018
vt 0.524608 0.136115
vt 0.520959 0.127704
vt 0.534126 0.148147
vt 0.518248 0.118108
vt 0.539009 0.036523
vt 0.532908 0.040024
vt 0.577876 0.096867
vt 0.577251 0.084864
vt 0.577251 0.084864
vt 0.577251 0.108870
vt 0.512832 0.096867
vt 0.513456 0.108871
vt 0.575401 0.073322
vt 0.545354 0.158394
vt 0.551699 0.157212
vt 0.557800 0.040024
vt 0.551699 0.036523
vt 0.563422 0.045710
vt 0.557800 0.040024
vt 0.568351 0.053361
vt 0.572395 0.062685
vt 0.545354 0.035341
vt 0.551699 0.157212
vt 0.557800 0.153710
vt 0.557800 0.153710
vt 0.563422 0.148025
vt 0.563422 0.148025
vt 0.568351 0.140373
vt 0.568351 0.140373
vt 0.572395 0.131050
vt 0.575401 0.120412
vt 0.575401 0.120412
vt 0.577251 0.108870
vt 0.527286 0.045710
vt 0.527286 0.045710
vt 0.522357 0.053361
vt 0.518313 0.062685
vt 0.515307 0.073322
vt 0.513456 0.084864
vt 0.539009 0.157212
vt 0.522357 0.140373
vt 0.525893 0.151967
vt 0.520585 0.143726
vt 0.518313 0.131050
vt 0.515307 0.120412
vt 0.515307 0.120412
vt 0.564815 0.151967
vt 0.558759 0.158091
vt 0.580383 0.096867
vt 0.579709 0.109795
vt 0.516229 0.133684
vt 0.570123 0.143726
vt 0.545354 0.163135
vt 0.538520 0.161862
vt 0.512992 0.122227
vt 0.574479 0.133684
vt 0.570123 0.143726
vt 0.510325 0.096867
vt 0.510998 0.083939
vt 0.512992 0.122227
vt 0.510998 0.109796
vt 0.577716 0.122227
vt 0.545354 0.030599
vt 0.552188 0.031873
vt 0.510998 0.109796
vt 0.558759 0.035644
vt 0.531949 0.035644
vt 0.538520 0.031873
vt 0.558759 0.035644
vt 0.564815 0.041767
vt 0.525893 0.041767
vt 0.531949 0.035644
vt 0.570123 0.050009
vt 0.520585 0.050009
vt 0.574479 0.060051
vt 0.516229 0.060051
vt 0.577716 0.071508
vt 0.512992 0.071508
vt 0.516229 0.060051
vt 0.577716 0.071508
vt 0.579709 0.083939
vt 0.510998 0.083939
vt 0.531949 0.158091
vt 0.552188 0.161862
vt 0.525893 0.151967
s 1
usemtl van_3
f 1508/1637/1252 1280/1638/1252 1279/1639/1253 1506/1640/1253
f 1512/1641/1254 1282/1642/1254 1281/1643/1255 1510/1644/1255
f 1254/1645/1256 1255/1646/1257 1304/1646/1257 1303/1645/1256
f 1343/1647/1258 1466/1648/1259 1469/1649/1260 1345/1650/1261
f 1444/1648/1262 1377/1647/1263 1375/1651/1264 1421/1652/1265
f 1389/1653/1266 1423/1654/1267 1427/1655/1268 1391/1656/1269
f 1429/1655/1270 1387/1656/1271 1385/1657/1272 1432/1658/1273
f 1432/1658/1273 1385/1657/1272 1383/1659/1274 1435/1660/1275
f 1435/1660/1275 1383/1659/1274 1381/1661/1276 1438/1662/1277
f 1438/1663/1277 1381/1664/1276 1379/1650/1278 1441/1649/1279
f 1441/1649/1279 1379/1650/1278 1377/1647/1263 1444/1648/1262
f 1411/1654/1280 1373/1653/1281 1387/1656/1271 1429/1655/1270
f 1391/1656/1269 1427/1655/1268 1448/1658/1282 1393/1657/1283
f 1393/1657/1283 1448/1658/1282 1451/1660/1284 1395/1659/1285
f 1395/1659/1285 1451/1660/1284 1454/1662/1286 1397/1661/1287
f 1397/1661/1287 1454/1662/1286 1457/1660/1288 1399/1659/1289
f 1399/1659/1289 1457/1660/1288 1460/1658/1290 1401/1657/1291
f 1401/1657/1291 1460/1658/1290 1463/1655/1292 1403/1656/1293
f 1245/1665/1294 1260/1666/1294 1408/1667/1295 1406/1668/1296
f 1421/1652/1265 1375/1651/1264 1371/1653/1297 1417/1654/1298
f 1341/1651/1299 1415/1652/1300 1466/1648/1259 1343/1647/1258
f 1665/1669/1301 1668/1670/1302 1623/1670/1303 1624/1669/1304
f 1345/1650/1261 1469/1649/1260 1472/1663/1305 1347/1664/1306
f 1347/1664/1306 1472/1663/1305 1475/1649/1307 1349/1650/1308
f 1349/1650/1308 1475/1649/1307 1478/1648/1309 1351/1647/1310
f 1351/1647/1310 1478/1648/1309 1481/1652/1311 1353/1651/1312
f 1353/1651/1312 1481/1652/1311 1405/1654/1313 1355/1653/1314
f 1409/1655/1315 1357/1656/1316 1355/1653/1314 1405/1654/1313
f 1403/1656/1293 1463/1655/1292 1417/1654/1298 1371/1653/1297
f 1423/1654/1267 1389/1653/1266 1369/1651/1317 1483/1652/1318
f 1483/1652/1318 1369/1651/1317 1367/1647/1319 1486/1648/1320
f 1486/1648/1320 1367/1647/1319 1365/1650/1321 1489/1649/1322
f 1489/1649/1322 1365/1650/1321 1363/1664/1323 1492/1663/1324
f 1492/1662/1324 1363/1661/1323 1361/1659/1325 1495/1660/1326
f 1495/1660/1326 1361/1659/1325 1359/1657/1327 1498/1658/1328
f 1498/1658/1328 1359/1657/1327 1357/1656/1316 1409/1655/1315
f 1246/1671/1294 1245/1665/1294 1406/1668/1296 1480/1672/1329
f 1262/1673/1294 1261/1639/1294 1412/1674/1330 1430/1675/1331
f 1270/1676/1294 1269/1643/1294 1418/1677/1332 1462/1678/1333
f 1254/1645/1294 1253/1679/1294 1424/1680/1334 1484/1681/1335
f 1252/1638/1294 1251/1682/1294 1465/1683/1336 1414/1684/1337
f 1264/1685/1294 1263/1686/1294 1433/1687/1338 1436/1688/1339
f 1265/1689/1294 1264/1685/1294 1436/1690/1339 1439/1691/1340
f 1266/1692/1294 1265/1689/1294 1439/1691/1340 1442/1693/1341
f 1267/1694/1294 1266/1692/1294 1442/1693/1341 1445/1695/1342
f 1275/1696/1294 1274/1697/1294 1450/1698/1343 1447/1699/1344
f 1253/1679/1294 1276/1700/1294 1426/1701/1345 1424/1680/1334
f 1263/1686/1294 1262/1673/1294 1430/1675/1331 1433/1687/1338
f 1274/1697/1294 1273/1702/1294 1453/1703/1346 1450/1704/1343
f 1273/1702/1294 1272/1705/1294 1456/1706/1347 1453/1703/1346
f 1272/1705/1294 1271/1707/1294 1459/1708/1348 1456/1706/1347
f 1271/1707/1294 1270/1676/1294 1462/1709/1333 1459/1708/1348
f 1251/1682/1294 1250/1710/1294 1468/1711/1349 1465/1683/1336
f 1268/1642/1294 1267/1694/1294 1445/1695/1342 1420/1712/1350
f 1269/1643/1294 1268/1642/1294 1420/1712/1350 1418/1677/1332
f 1250/1710/1294 1249/1713/1294 1471/1714/1351 1468/1711/1349
f 1249/1713/1294 1248/1715/1294 1474/1716/1352 1471/1714/1351
f 1248/1715/1294 1247/1717/1294 1477/1718/1353 1474/1716/1352
f 1247/1717/1294 1246/1671/1294 1480/1719/1329 1477/1718/1353
f 1255/1646/1294 1254/1645/1294 1484/1681/1335 1487/1720/1354
f 1260/1666/1294 1259/1721/1294 1499/1722/1355 1408/1667/1295
f 1276/1700/1294 1275/1696/1294 1447/1699/1344 1426/1723/1345
f 1256/1724/1294 1255/1646/1294 1487/1720/1354 1490/1725/1356
f 1257/1726/1294 1256/1724/1294 1490/1725/1356 1493/1727/1357
f 1258/1728/1294 1257/1726/1294 1493/1727/1357 1496/1729/1358
f 1259/1721/1294 1258/1728/1294 1496/1729/1358 1499/1722/1355
f 1261/1639/1294 1252/1638/1294 1414/1684/1337 1412/1674/1330
f 1273/1702/1359 1274/1697/1360 1292/1697/1360 1293/1702/1359
f 1260/1666/1361 1245/1665/1362 1277/1665/1362 1278/1666/1361
f 1255/1646/1257 1256/1724/1363 1305/1724/1363 1304/1646/1257
f 1272/1705/1364 1273/1702/1359 1293/1702/1359 1294/1705/1364
f 1252/1638/1365 1261/1639/1366 1279/1639/1366 1280/1638/1365
f 1256/1724/1363 1257/1726/1367 1306/1726/1367 1305/1724/1363
f 1271/1707/1368 1272/1705/1364 1294/1705/1364 1295/1707/1368
f 1268/1642/1369 1269/1643/1370 1281/1643/1370 1282/1642/1369
f 1257/1726/1367 1258/1728/1371 1307/1728/1371 1306/1726/1367
f 1270/1676/1372 1271/1707/1368 1295/1707/1368 1296/1676/1372
f 1276/1700/1373 1253/1679/1374 1283/1679/1374 1284/1700/1373
f 1258/1728/1371 1259/1721/1375 1308/1721/1375 1307/1728/1371
f 1269/1643/1370 1270/1676/1372 1296/1676/1372 1281/1643/1370
f 1261/1639/1366 1262/1673/1376 1285/1673/1376 1279/1639/1366
f 1259/1721/1375 1260/1666/1361 1278/1666/1361 1308/1721/1375
f 1251/1682/1377 1252/1638/1365 1280/1638/1365 1297/1682/1377
f 1262/1673/1376 1263/1686/1303 1286/1686/1303 1285/1673/1376
f 1250/1710/1378 1251/1682/1377 1297/1682/1377 1298/1710/1378
f 1263/1686/1303 1264/1685/1304 1287/1685/1304 1286/1686/1303
f 1249/1713/1379 1250/1710/1378 1298/1710/1378 1299/1713/1379
f 1264/1685/1304 1265/1689/1380 1288/1689/1380 1287/1685/1304
f 1248/1715/1381 1249/1713/1379 1299/1713/1379 1300/1715/1381
f 1265/1689/1380 1266/1692/1382 1289/1692/1382 1288/1689/1380
f 1247/1717/1383 1248/1715/1381 1300/1715/1381 1301/1717/1383
f 1266/1692/1382 1267/1694/1384 1290/1694/1384 1289/1692/1382
f 1246/1671/1385 1247/1717/1383 1301/1717/1383 1302/1671/1385
f 1267/1694/1384 1268/1642/1369 1282/1642/1369 1290/1694/1384
f 1245/1665/1362 1246/1671/1385 1302/1671/1385 1277/1665/1362
f 1275/1696/1386 1276/1700/1373 1284/1700/1373 1291/1696/1386
f 1253/1679/1374 1254/1645/1256 1303/1645/1256 1283/1679/1374
f 1274/1697/1360 1275/1696/1386 1291/1696/1386 1292/1697/1360
f 1309/1730/1387 1310/1731/1388 1503/1732/1389 1501/1733/1390
f 1311/1734/1391 1317/1735/1392 1318/1736/1393 1319/1737/1394 1320/1738/1395 1321/1739/1396 1322/1740/1397 1314/1741/1398 1313/1742/1399 1328/1743/1400 1327/1744/1401 1326/1745/1402 1325/1746/1403 1324/1747/1404 1323/1748/1405 1316/1749/1406 1315/1750/1407 1335/1751/1408 1336/1752/1409 1337/1753/1410 1338/1754/1411 1339/1755/1412 1340/1756/1413 1310/1731/1388 1309/1730/1387 1334/1757/1414 1333/1758/1415 1332/1759/1416 1331/1760/1417 1330/1761/1418 1329/1762/1419 1312/1763/1420
f 1334/1757/1414 1309/1730/1387 1501/1733/1390 1551/1764/1421
f 1317/1735/1392 1311/1734/1391 1505/1765/1422 1517/1766/1423
f 1328/1743/1400 1313/1742/1399 1509/1767/1424 1539/1768/1425
f 1335/1751/1408 1315/1750/1407 1513/1769/1426 1553/1770/1427
f 1312/1763/1420 1329/1762/1419 1541/1771/1428 1507/1772/1429
f 1319/1737/1394 1318/1736/1393 1519/1773/1430 1521/1774/1431
f 1320/1738/1395 1319/1737/1394 1521/1775/1431 1523/1776/1432
f 1321/1739/1396 1320/1738/1395 1523/1776/1432 1525/1777/1433
f 1322/1740/1397 1321/1739/1396 1525/1778/1433 1527/1779/1434
f 1323/1748/1405 1324/1747/1404 1531/1780/1435 1529/1781/1436
f 1315/1750/1407 1316/1749/1406 1515/1782/1437 1513/1769/1426
f 1318/1736/1393 1317/1735/1392 1517/1766/1423 1519/1773/1430
f 1324/1747/1404 1325/1746/1403 1533/1783/1438 1531/1780/1435
f 1325/1746/1403 1326/1745/1402 1535/1784/1439 1533/1783/1438
f 1326/1745/1402 1327/1744/1401 1537/1785/1440 1535/1784/1439
f 1327/1744/1401 1328/1743/1400 1539/1786/1425 1537/1785/1440
f 1329/1762/1419 1330/1761/1418 1543/1787/1441 1541/1788/1428
f 1314/1741/1398 1322/1740/1397 1527/1779/1434 1511/1789/1442
f 1313/1742/1399 1314/1741/1398 1511/1789/1442 1509/1767/1424
f 1330/1761/1418 1331/1760/1417 1545/1790/1443 1543/1787/1441
f 1331/1760/1417 1332/1759/1416 1547/1791/1444 1545/1792/1443
f 1332/1759/1416 1333/1758/1415 1549/1793/1445 1547/1791/1444
f 1333/1758/1415 1334/1757/1414 1551/1794/1421 1549/1795/1445
f 1336/1752/1409 1335/1751/1408 1553/1770/1427 1555/1796/1446
f 1310/1731/1388 1340/1756/1413 1563/1797/1447 1503/1798/1389
f 1316/1749/1406 1323/1748/1405 1529/1781/1436 1515/1782/1437
f 1337/1753/1410 1336/1752/1409 1555/1796/1446 1557/1799/1448
f 1338/1754/1411 1337/1753/1410 1557/1800/1448 1559/1801/1449
f 1339/1755/1412 1338/1754/1411 1559/1801/1449 1561/1802/1450
f 1340/1756/1413 1339/1755/1412 1561/1803/1450 1563/1797/1447
f 1311/1734/1391 1312/1763/1420 1507/1804/1429 1505/1765/1422
f 1406/1668/1296 1408/1667/1295 1410/1805/1451 1407/1806/1452
f 1407/1807/1453 1410/1808/1454 1409/1655/1315 1405/1654/1313
f 1412/1674/1330 1414/1684/1337 1416/1809/1455 1413/1810/1456
f 1413/1807/1457 1416/1811/1458 1415/1652/1300 1411/1654/1280
f 1565/1812/1459 1566/1813/1460 1374/1810/1461 1342/1809/1462
f 1342/1814/1463 1374/1815/1464 1373/1653/1281 1341/1651/1299
f 1567/1816/1465 1568/1709/1466 1404/1817/1467 1372/1818/1468
f 1372/1815/1469 1404/1819/1470 1403/1656/1293 1371/1653/1297
f 1418/1677/1332 1420/1712/1350 1422/1820/1471 1419/1821/1472
f 1419/1807/1473 1422/1811/1474 1421/1652/1265 1417/1654/1298
f 1424/1680/1334 1426/1701/1345 1428/1822/1475 1425/1823/1476
f 1425/1807/1477 1428/1808/1478 1427/1655/1268 1423/1654/1267
f 1569/1824/1479 1570/1825/1480 1370/1826/1481 1390/1827/1482
f 1390/1815/1483 1370/1814/1484 1369/1651/1317 1389/1653/1266
f 1571/1828/1485 1572/1829/1486 1354/1830/1487 1356/1831/1488
f 1356/1815/1489 1354/1814/1490 1353/1651/1312 1355/1653/1314
f 1430/1675/1331 1412/1674/1330 1413/1832/1456 1431/1833/1491
f 1431/1808/1492 1413/1807/1457 1411/1654/1280 1429/1655/1270
f 1566/1813/1460 1573/1834/1493 1388/1835/1494 1374/1832/1461
f 1374/1815/1464 1388/1819/1495 1387/1656/1271 1373/1653/1281
f 1433/1687/1338 1430/1675/1331 1431/1836/1491 1434/1837/1496
f 1434/1838/1497 1431/1839/1492 1429/1655/1270 1432/1658/1273
f 1573/1834/1493 1574/1840/1498 1386/1841/1499 1388/1842/1494
f 1388/1843/1495 1386/1844/1500 1385/1657/1272 1387/1656/1271
f 1436/1688/1339 1433/1687/1338 1434/1845/1496 1437/1846/1501
f 1437/1847/1502 1434/1838/1497 1432/1658/1273 1435/1660/1275
f 1574/1840/1498 1575/1848/1503 1384/1849/1504 1386/1850/1499
f 1386/1844/1500 1384/1851/1505 1383/1659/1274 1385/1657/1272
f 1439/1691/1340 1436/1690/1339 1437/1852/1501 1440/1853/1506
f 1440/1854/1507 1437/1847/1502 1435/1660/1275 1438/1662/1277
f 1575/1848/1503 1576/1855/1508 1382/1856/1509 1384/1852/1504
f 1384/1851/1505 1382/1857/1510 1381/1661/1276 1383/1659/1274
f 1442/1693/1341 1439/1691/1340 1440/1858/1506 1443/1859/1511
f 1443/1860/1512 1440/1861/1507 1438/1663/1277 1441/1649/1279
f 1576/1855/1508 1577/1862/1513 1380/1863/1514 1382/1864/1509
f 1382/1865/1510 1380/1866/1515 1379/1650/1278 1381/1664/1276
f 1445/1695/1342 1442/1693/1341 1443/1867/1511 1446/1868/1516
f 1446/1869/1517 1443/1860/1512 1441/1649/1279 1444/1648/1262
f 1577/1862/1513 1578/1870/1518 1378/1871/1519 1380/1867/1514
f 1380/1866/1515 1378/1872/1520 1377/1647/1263 1379/1650/1278
f 1420/1712/1350 1445/1695/1342 1446/1873/1516 1422/1874/1471
f 1422/1811/1474 1446/1869/1517 1444/1648/1262 1421/1652/1265
f 1578/1870/1518 1579/1875/1521 1376/1876/1522 1378/1873/1519
f 1378/1872/1520 1376/1814/1523 1375/1651/1264 1377/1647/1263
f 1579/1875/1521 1567/1816/1465 1372/1821/1468 1376/1877/1522
f 1376/1814/1523 1372/1815/1469 1371/1653/1297 1375/1651/1264
f 1580/1878/1524 1569/1824/1479 1390/1823/1482 1392/1822/1525
f 1392/1819/1526 1390/1815/1483 1389/1653/1266 1391/1656/1269
f 1581/1879/1527 1580/1878/1524 1392/1880/1525 1394/1881/1528
f 1394/1844/1529 1392/1843/1526 1391/1656/1269 1393/1657/1283
f 1426/1723/1345 1447/1699/1344 1449/1882/1530 1428/1880/1475
f 1428/1839/1478 1449/1838/1531 1448/1658/1282 1427/1655/1268
f 1582/1883/1532 1581/1879/1527 1394/1884/1528 1396/1885/1533
f 1396/1851/1534 1394/1844/1529 1393/1657/1283 1395/1659/1285
f 1447/1699/1344 1450/1698/1343 1452/1885/1535 1449/1886/1530
f 1449/1838/1531 1452/1847/1536 1451/1660/1284 1448/1658/1282
f 1583/1887/1537 1582/1883/1532 1396/1888/1533 1398/1889/1538
f 1398/1857/1539 1396/1851/1534 1395/1659/1285 1397/1661/1287
f 1450/1704/1343 1453/1703/1346 1455/1890/1540 1452/1891/1535
f 1452/1847/1536 1455/1854/1541 1454/1662/1286 1451/1660/1284
f 1584/1706/1542 1583/1887/1537 1398/1892/1538 1400/1893/1543
f 1400/1851/1544 1398/1857/1539 1397/1661/1287 1399/1659/1289
f 1453/1703/1346 1456/1706/1347 1458/1894/1545 1455/1895/1540
f 1455/1854/1541 1458/1847/1546 1457/1660/1288 1454/1662/1286
f 1585/1896/1547 1584/1706/1542 1400/1897/1543 1402/1898/1548
f 1402/1844/1549 1400/1851/1544 1399/1659/1289 1401/1657/1291
f 1456/1706/1347 1459/1708/1348 1461/1899/1550 1458/1897/1545
f 1458/1847/1546 1461/1838/1551 1460/1658/1290 1457/1660/1288
f 1568/1709/1466 1585/1896/1547 1402/1900/1548 1404/1901/1467
f 1404/1843/1470 1402/1844/1549 1401/1657/1291 1403/1656/1293
f 1459/1708/1348 1462/1709/1333 1464/1902/1552 1461/1903/1550
f 1461/1838/1551 1464/1839/1553 1463/1655/1292 1460/1658/1290
f 1462/1678/1333 1418/1677/1332 1419/1818/1472 1464/1904/1552
f 1464/1808/1553 1419/1807/1473 1417/1654/1298 1463/1655/1292
f 1586/1905/1554 1565/1812/1459 1342/1906/1462 1344/1907/1555
f 1344/1872/1556 1342/1814/1463 1341/1651/1299 1343/1647/1258
f 1414/1684/1337 1465/1683/1336 1467/1907/1557 1416/1906/1455
f 1416/1811/1458 1467/1869/1558 1466/1648/1259 1415/1652/1300
f 1587/1908/1559 1586/1905/1554 1344/1909/1555 1346/1910/1560
f 1346/1866/1561 1344/1872/1556 1343/1647/1258 1345/1650/1261
f 1465/1683/1336 1468/1711/1349 1470/1910/1562 1467/1909/1557
f 1467/1869/1558 1470/1860/1563 1469/1649/1260 1466/1648/1259
f 1588/1911/1564 1587/1908/1559 1346/1912/1560 1348/1913/1565
f 1348/1865/1566 1346/1866/1561 1345/1650/1261 1347/1664/1306
f 1468/1711/1349 1471/1714/1351 1473/1914/1567 1470/1912/1562
f 1470/1860/1563 1473/1861/1568 1472/1663/1305 1469/1649/1260
f 1589/1915/1569 1588/1911/1564 1348/1916/1565 1350/1917/1570
f 1350/1866/1571 1348/1865/1566 1347/1664/1306 1349/1650/1308
f 1471/1714/1351 1474/1716/1352 1476/1918/1572 1473/1919/1567
f 1473/1861/1568 1476/1860/1573 1475/1649/1307 1472/1663/1305
f 1590/1920/1574 1589/1915/1569 1350/1921/1570 1352/1922/1575
f 1352/1872/1576 1350/1866/1571 1349/1650/1308 1351/1647/1310
f 1474/1716/1352 1477/1718/1353 1479/1923/1577 1476/1921/1572
f 1476/1860/1573 1479/1869/1578 1478/1648/1309 1475/1649/1307
f 1572/1829/1486 1590/1920/1574 1352/1924/1575 1354/1925/1487
f 1354/1814/1490 1352/1872/1576 1351/1647/1310 1353/1651/1312
f 1477/1718/1353 1480/1719/1329 1482/1926/1579 1479/1924/1577
f 1479/1869/1578 1482/1811/1580 1481/1652/1311 1478/1648/1309
f 1480/1672/1329 1406/1668/1296 1407/1831/1452 1482/1927/1579
f 1482/1811/1580 1407/1807/1453 1405/1654/1313 1481/1652/1311
f 1484/1681/1335 1424/1680/1334 1425/1827/1476 1485/1928/1581
f 1485/1811/1582 1425/1807/1477 1423/1654/1267 1483/1652/1318
f 1487/1720/1354 1484/1681/1335 1485/1929/1581 1488/1930/1583
f 1488/1869/1584 1485/1811/1582 1483/1652/1318 1486/1648/1320
f 1570/1825/1480 1591/1931/1585 1368/1932/1586 1370/1933/1481
f 1370/1814/1484 1368/1872/1587 1367/1647/1319 1369/1651/1317
f 1490/1725/1356 1487/1720/1354 1488/1934/1583 1491/1935/1588
f 1491/1860/1589 1488/1869/1584 1486/1648/1320 1489/1649/1322
f 1591/1931/1585 1592/1936/1590 1366/1935/1591 1368/1937/1586
f 1368/1872/1587 1366/1866/1592 1365/1650/1321 1367/1647/1319
f 1493/1727/1357 1490/1725/1356 1491/1938/1588 1494/1939/1593
f 1494/1861/1594 1491/1860/1589 1489/1649/1322 1492/1663/1324
f 1592/1936/1590 1593/1940/1595 1364/1941/1596 1366/1942/1591
f 1366/1866/1592 1364/1865/1597 1363/1664/1323 1365/1650/1321
f 1496/1729/1358 1493/1727/1357 1494/1943/1593 1497/1944/1598
f 1497/1847/1599 1494/1854/1594 1492/1662/1324 1495/1660/1326
f 1593/1940/1595 1594/1945/1600 1362/1946/1601 1364/1947/1596
f 1364/1857/1597 1362/1851/1602 1361/1659/1325 1363/1661/1323
f 1499/1722/1355 1496/1729/1358 1497/1948/1598 1500/1949/1603
f 1500/1838/1604 1497/1847/1599 1495/1660/1326 1498/1658/1328
f 1594/1945/1600 1595/1950/1605 1360/1951/1606 1362/1948/1601
f 1362/1851/1602 1360/1844/1607 1359/1657/1327 1361/1659/1325
f 1408/1667/1295 1499/1722/1355 1500/1952/1603 1410/1953/1451
f 1410/1839/1454 1500/1838/1604 1498/1658/1328 1409/1655/1315
f 1595/1950/1605 1596/1954/1608 1358/1955/1609 1360/1956/1606
f 1360/1844/1607 1358/1843/1610 1357/1656/1316 1359/1657/1327
f 1596/1954/1608 1571/1828/1485 1356/1806/1488 1358/1957/1609
f 1358/1819/1610 1356/1815/1489 1355/1653/1314 1357/1656/1316
f 1528/1958/1611 1290/1694/1611 1282/1642/1254 1512/1641/1254
f 1502/1959/1612 1504/1960/1613 1278/1666/1613 1277/1665/1612
f 1516/1961/1614 1284/1700/1614 1283/1679/1615 1514/1962/1615
f 1506/1640/1253 1279/1639/1253 1285/1673/1616 1518/1963/1616
f 1520/1964/1617 1286/1686/1617 1287/1685/1618 1522/1965/1618
f 1518/1963/1616 1285/1673/1616 1286/1686/1617 1520/1964/1617
f 1526/1966/1619 1289/1692/1619 1290/1694/1611 1528/1958/1611
f 1522/1965/1618 1287/1685/1618 1288/1689/1620 1524/1967/1620
f 1524/1967/1620 1288/1689/1620 1289/1692/1619 1526/1966/1619
f 1538/1968/1621 1295/1707/1621 1294/1705/1622 1536/1969/1622
f 1530/1970/1623 1291/1696/1623 1284/1700/1614 1516/1961/1614
f 1532/1971/1624 1292/1697/1624 1291/1696/1623 1530/1970/1623
f 1536/1969/1622 1294/1705/1622 1293/1702/1625 1534/1972/1625
f 1534/1972/1625 1293/1702/1625 1292/1697/1624 1532/1971/1624
f 1552/1973/1626 1302/1671/1626 1301/1717/1627 1550/1974/1627
f 1546/1975/1628 1299/1713/1628 1298/1710/1629 1544/1976/1629
f 1540/1977/1630 1296/1676/1630 1295/1707/1621 1538/1968/1621
f 1510/1644/1255 1281/1643/1255 1296/1676/1630 1540/1977/1630
f 1542/1978/1631 1297/1682/1631 1280/1638/1252 1508/1637/1252
f 1544/1976/1629 1298/1710/1629 1297/1682/1631 1542/1978/1631
f 1514/1962/1615 1283/1679/1615 1303/1645/1632 1554/1979/1632
f 1548/1980/1633 1300/1715/1633 1299/1713/1628 1546/1975/1628
f 1550/1974/1627 1301/1717/1627 1300/1715/1633 1548/1980/1633
f 1558/1981/1634 1305/1724/1634 1306/1726/1635 1560/1982/1635
f 1502/1959/1612 1277/1665/1612 1302/1671/1626 1552/1973/1626
f 1560/1982/1635 1306/1726/1635 1307/1728/1636 1562/1983/1636
f 1554/1979/1632 1303/1645/1632 1304/1646/1637 1556/1984/1637
f 1556/1984/1637 1304/1646/1637 1305/1724/1634 1558/1981/1634
f 1562/1983/1636 1307/1728/1636 1308/1721/1638 1564/1985/1638
f 1564/1985/1638 1308/1721/1638 1278/1666/1613 1504/1960/1613
f 1501/1733/1390 1503/1732/1389 1504/1960/1639 1502/1959/1640
f 1505/1765/1422 1507/1804/1429 1508/1637/1641 1506/1640/1642
f 1509/1767/1424 1511/1789/1442 1512/1641/1643 1510/1644/1644
f 1513/1769/1426 1515/1782/1437 1516/1961/1645 1514/1962/1646
f 1517/1766/1423 1505/1765/1422 1506/1640/1642 1518/1963/1647
f 1519/1773/1430 1517/1766/1423 1518/1963/1647 1520/1964/1648
f 1521/1774/1431 1519/1773/1430 1520/1964/1648 1522/1965/1649
f 1523/1776/1432 1521/1775/1431 1522/1965/1649 1524/1967/1650
f 1525/1777/1433 1523/1776/1432 1524/1967/1650 1526/1966/1651
f 1527/1779/1434 1525/1778/1433 1526/1966/1651 1528/1958/1652
f 1511/1789/1442 1527/1779/1434 1528/1958/1652 1512/1641/1643
f 1515/1782/1437 1529/1781/1436 1530/1970/1653 1516/1961/1645
f 1529/1781/1436 1531/1780/1435 1532/1971/1654 1530/1970/1653
f 1531/1780/1435 1533/1783/1438 1534/1972/1655 1532/1971/1654
f 1533/1783/1438 1535/1784/1439 1536/1969/1656 1534/1972/1655
f 1535/1784/1439 1537/1785/1440 1538/1968/1657 1536/1969/1656
f 1537/1785/1440 1539/1786/1425 1540/1977/1658 1538/1968/1657
f 1539/1768/1425 1509/1767/1424 1510/1644/1644 1540/1977/1658
f 1507/1772/1429 1541/1771/1428 1542/1978/1659 1508/1637/1641
f 1541/1788/1428 1543/1787/1441 1544/1976/1660 1542/1978/1659
f 1543/1787/1441 1545/1790/1443 1546/1975/1661 1544/1976/1660
f 1545/1792/1443 1547/1791/1444 1548/1980/1662 1546/1975/1661
f 1547/1791/1444 1549/1793/1445 1550/1974/1663 1548/1980/1662
f 1549/1795/1445 1551/1794/1421 1552/1973/1664 1550/1974/1663
f 1551/1764/1421 1501/1733/1390 1502/1959/1640 1552/1973/1664
f 1553/1770/1427 1513/1769/1426 1514/1962/1646 1554/1979/1665
f 1555/1796/1446 1553/1770/1427 1554/1979/1665 1556/1984/1666
f 1557/1799/1448 1555/1796/1446 1556/1984/1666 1558/1981/1667
f 1559/1801/1449 1557/1800/1448 1558/1981/1667 1560/1982/1668
f 1561/1802/1450 1559/1801/1449 1560/1982/1668 1562/1983/1669
f 1563/1797/1447 1561/1803/1450 1562/1983/1669 1564/1985/1670
f 1503/1798/1389 1563/1797/1447 1564/1985/1670 1504/1960/1639
f 1373/1653/1281 1411/1654/1280 1415/1652/1300 1341/1651/1299
f 1630/1986/1671 1633/1987/1672 1618/1987/1386 1597/1986/1373
f 1675/1988/1673 1680/1989/1674 1611/1990/1361 1599/1988/1362
f 1722/1991/1675 1675/1988/1673 1599/1988/1362 1600/1991/1385
f 1651/1992/1676 1653/1993/1677 1628/1993/1369 1603/1992/1370
f 1680/1990/1674 1683/1994/1678 1610/1994/1375 1611/1990/1361
f 1702/1995/1679 1705/1996/1680 1612/1996/1365 1601/1995/1366
f 1695/1997/1681 1698/1998/1682 1605/1998/1256 1606/1997/1257
f 1692/1999/1683 1695/2000/1681 1606/1997/1257 1607/1999/1363
f 1689/2001/1684 1692/1999/1683 1607/1999/1363 1608/2001/1367
f 1686/2002/1685 1689/2001/1684 1608/2001/1367 1609/2002/1371
f 1683/1994/1678 1686/2002/1685 1609/2002/1371 1610/1994/1375
f 1698/1998/1682 1677/2003/1686 1598/2003/1374 1605/1998/1256
f 1705/2004/1680 1708/2005/1687 1613/2005/1377 1612/1996/1365
f 1708/2006/1687 1711/2007/1688 1614/2008/1378 1613/2005/1377
f 1711/2008/1688 1714/2009/1689 1615/2010/1379 1614/2008/1378
f 1714/2010/1689 1717/2011/1690 1616/2011/1381 1615/2010/1379
f 1717/2011/1690 1720/2012/1691 1617/2013/1383 1616/2011/1381
f 1720/2013/1691 1722/2014/1675 1600/1991/1385 1617/2013/1383
f 1633/1987/1672 1636/2015/1692 1619/2016/1360 1618/1987/1386
f 1636/2016/1692 1639/2017/1693 1620/2017/1359 1619/2016/1360
f 1639/2017/1693 1642/2018/1694 1621/2018/1364 1620/2017/1359
f 1642/2018/1694 1645/2019/1695 1622/2019/1368 1621/2018/1364
f 1645/2019/1695 1647/2020/1696 1604/2020/1372 1622/2019/1368
f 1647/2020/1696 1651/1992/1676 1603/1992/1370 1604/2020/1372
f 1671/2021/1697 1702/1995/1679 1601/1995/1366 1602/2021/1376
f 1668/1670/1302 1671/2021/1697 1602/2021/1376 1623/1670/1303
f 1662/2022/1698 1665/1669/1301 1624/1669/1304 1625/2022/1380
f 1666/2023/1699 1663/2024/1700 1593/1940/1595 1592/1936/1590
f 1659/2025/1701 1662/2022/1698 1625/2022/1380 1626/2025/1382
f 1656/2026/1702 1659/2025/1701 1626/2025/1382 1627/2026/1384
f 1653/1993/1677 1656/2027/1702 1627/2026/1384 1628/1993/1369
f 1598/2003/1703 1597/1986/1703 1618/1987/1703 1619/2016/1703 1620/2017/1703 1621/2018/1703 1622/2019/1703 1604/2020/1703 1603/1992/1703 1628/1993/1703 1627/2026/1703 1626/2025/1703 1625/2022/1703 1624/1669/1703 1623/1670/1703 1602/2021/1703 1601/1995/1703 1612/1996/1703 1613/2005/1703 1614/2008/1703 1615/2010/1703 1616/2011/1703 1617/2013/1703 1600/1991/1703 1599/1988/1703 1611/1990/1703 1610/1994/1703 1609/2002/1703 1608/2001/1703 1607/1999/1703 1606/1997/1703 1605/1998/1703
f 1710/2028/1704 1707/2029/1705 1581/1879/1527 1582/1883/1532
f 1674/2030/1706 1723/2031/1707 1568/1709/1466 1567/1816/1465
f 1663/2024/1700 1660/2032/1708 1594/1945/1600 1593/1940/1595
f 1713/2033/1709 1710/2028/1704 1582/1883/1532 1583/1887/1537
f 1701/2034/1710 1672/2035/1711 1570/1825/1480 1569/1824/1479
f 1660/2032/1708 1657/2036/1712 1595/1950/1605 1594/1945/1600
f 1716/2037/1713 1713/2038/1709 1583/1887/1537 1584/1706/1542
f 1650/2039/1714 1648/2040/1715 1572/1829/1486 1571/1828/1485
f 1657/2041/1712 1654/2042/1716 1596/1954/1608 1595/1950/1605
f 1719/2043/1717 1716/2037/1713 1584/1706/1542 1585/1896/1547
f 1678/2044/1718 1699/2045/1719 1573/1834/1493 1566/1813/1460
f 1654/2046/1716 1650/2039/1714 1571/1828/1485 1596/1954/1608
f 1723/2031/1707 1719/2043/1717 1585/1896/1547 1568/1709/1466
f 1699/2045/1719 1696/2047/1720 1574/1840/1498 1573/1834/1493
f 1632/2048/1721 1629/2049/1722 1565/1812/1459 1586/1905/1554
f 1696/2050/1720 1693/2051/1723 1575/1848/1503 1574/1840/1498
f 1635/2052/1724 1632/2053/1721 1586/1905/1554 1587/1908/1559
f 1693/2051/1723 1690/2054/1725 1576/1855/1508 1575/1848/1503
f 1638/2055/1726 1635/2052/1724 1587/1908/1559 1588/1911/1564
f 1690/2054/1725 1687/2056/1727 1577/1862/1513 1576/1855/1508
f 1641/2057/1728 1638/2055/1726 1588/1911/1564 1589/1915/1569
f 1687/2056/1727 1684/2058/1729 1578/1870/1518 1577/1862/1513
f 1644/2059/1730 1641/2060/1728 1589/1915/1569 1590/1920/1574
f 1684/2061/1729 1681/2062/1731 1579/1875/1521 1578/1870/1518
f 1648/2063/1715 1644/2059/1730 1590/1920/1574 1572/1829/1486
f 1681/2062/1731 1674/2030/1706 1567/1816/1465 1579/1875/1521
f 1672/2035/1711 1669/2064/1732 1591/1931/1585 1570/1825/1480
f 1704/2065/1733 1701/2034/1710 1569/1824/1479 1580/1878/1524
f 1669/2064/1732 1666/2066/1699 1592/1936/1590 1591/1931/1585
f 1707/2029/1705 1704/2065/1733 1580/1878/1524 1581/1879/1527
f 1629/2049/1722 1678/2044/1718 1566/1813/1460 1565/1812/1459
f 1630/1986/1671 1677/2003/1686 1679/2003/1483 1631/1986/1526
f 1631/1986/1525 1679/2003/1482 1678/2044/1718 1629/2049/1722
f 1675/1988/1673 1722/1991/1675 1724/1991/1490 1676/1988/1489
f 1676/1988/1488 1724/1991/1487 1723/2031/1707 1674/2030/1706
f 1702/1995/1679 1671/2021/1697 1673/2021/1495 1703/1995/1464
f 1703/1995/1461 1673/2021/1494 1672/2035/1711 1701/2034/1710
f 1651/1992/1676 1647/2020/1696 1649/2020/1470 1652/1992/1469
f 1652/1992/1468 1649/2020/1734 1648/2040/1715 1650/2039/1714
f 1677/2003/1686 1698/1998/1682 1700/1998/1484 1679/2003/1483
f 1679/2003/1482 1700/1998/1481 1699/2045/1719 1678/2044/1718
f 1698/1998/1682 1695/1997/1681 1697/1997/1587 1700/1998/1484
f 1700/1998/1481 1697/1997/1586 1696/2047/1720 1699/2045/1719
f 1695/2000/1681 1692/1999/1683 1694/1999/1592 1697/1997/1587
f 1697/1997/1586 1694/1999/1591 1693/2051/1723 1696/2050/1720
f 1692/1999/1683 1689/2001/1684 1691/2001/1597 1694/1999/1592
f 1694/1999/1591 1691/2001/1596 1690/2054/1725 1693/2051/1723
f 1689/2001/1684 1686/2002/1685 1688/2002/1602 1691/2001/1597
f 1691/2001/1596 1688/2002/1601 1687/2056/1727 1690/2054/1725
f 1686/2002/1685 1683/1994/1678 1685/1994/1607 1688/2002/1602
f 1688/2002/1601 1685/1994/1606 1684/2058/1729 1687/2056/1727
f 1683/1994/1678 1680/1990/1674 1682/1990/1610 1685/1994/1607
f 1685/1994/1606 1682/1990/1609 1681/2062/1731 1684/2061/1729
f 1680/1989/1674 1675/1988/1673 1676/1988/1489 1682/1990/1610
f 1682/1990/1609 1676/1988/1488 1674/2030/1706 1681/2062/1731
f 1705/1996/1680 1702/1995/1679 1703/1995/1464 1706/1996/1463
f 1706/1996/1462 1703/1995/1461 1701/2034/1710 1704/2065/1733
f 1708/2005/1687 1705/2004/1680 1706/1996/1463 1709/2005/1556
f 1709/2005/1555 1706/1996/1462 1704/2065/1733 1707/2029/1705
f 1711/2007/1688 1708/2006/1687 1709/2005/1556 1712/2008/1561
f 1712/2008/1560 1709/2005/1555 1707/2029/1705 1710/2028/1704
f 1714/2009/1689 1711/2008/1688 1712/2008/1561 1715/2010/1735
f 1715/2010/1565 1712/2008/1560 1710/2028/1704 1713/2033/1709
f 1717/2011/1690 1714/2010/1689 1715/2010/1735 1718/2011/1736
f 1718/2011/1570 1715/2010/1565 1713/2038/1709 1716/2037/1713
f 1720/2012/1691 1717/2011/1690 1718/2011/1736 1721/2013/1737
f 1721/2013/1575 1718/2011/1570 1716/2037/1713 1719/2043/1717
f 1722/2014/1675 1720/2013/1691 1721/2013/1737 1724/1991/1490
f 1724/1991/1487 1721/2013/1575 1719/2043/1717 1723/2031/1707
f 1633/1987/1672 1630/1986/1671 1631/1986/1526 1634/1987/1529
f 1634/1987/1528 1631/1986/1525 1629/2049/1722 1632/2048/1721
f 1636/2015/1692 1633/1987/1672 1634/1987/1529 1637/2016/1534
f 1637/2016/1533 1634/1987/1528 1632/2053/1721 1635/2052/1724
f 1639/2017/1693 1636/2016/1692 1637/2016/1534 1640/2017/1539
f 1640/2017/1538 1637/2016/1533 1635/2052/1724 1638/2055/1726
f 1642/2018/1694 1639/2017/1693 1640/2017/1539 1643/2018/1544
f 1643/2018/1543 1640/2017/1538 1638/2055/1726 1641/2057/1728
f 1645/2019/1695 1642/2018/1694 1643/2018/1544 1646/2019/1738
f 1646/2019/1548 1643/2018/1543 1641/2060/1728 1644/2059/1730
f 1647/2020/1696 1645/2019/1695 1646/2019/1738 1649/2020/1470
f 1649/2020/1734 1646/2019/1548 1644/2059/1730 1648/2063/1715
f 1671/2021/1697 1668/1670/1302 1670/1670/1739 1673/2021/1495
f 1673/2021/1494 1670/1670/1499 1669/2064/1732 1672/2035/1711
f 1668/1670/1302 1665/1669/1301 1667/1669/1505 1670/1670/1739
f 1670/1670/1499 1667/1669/1504 1666/2066/1699 1669/2064/1732
f 1665/1669/1301 1662/2022/1698 1664/2022/1510 1667/1669/1505
f 1667/1669/1504 1664/2022/1509 1663/2024/1700 1666/2023/1699
f 1662/2022/1698 1659/2025/1701 1661/2025/1740 1664/2022/1510
f 1664/2022/1509 1661/2025/1514 1660/2032/1708 1663/2024/1700
f 1659/2025/1701 1656/2026/1702 1658/2026/1741 1661/2025/1740
f 1661/2025/1514 1658/2026/1519 1657/2036/1712 1660/2032/1708
f 1656/2027/1702 1653/1993/1677 1655/1993/1523 1658/2026/1741
f 1658/2026/1519 1655/1993/1742 1654/2042/1716 1657/2041/1712
f 1653/1993/1677 1651/1992/1676 1652/1992/1469 1655/1993/1523
f 1655/1993/1742 1652/1992/1468 1650/2039/1714 1654/2046/1716
f 1677/2003/1686 1630/1986/1671 1597/1986/1373 1598/2003/1374
o van_3_wheel_fl
v 0.182534 0.000000 0.312883
v 0.182534 -0.061671 0.306809
v 0.182534 -0.120973 0.288820
v 0.182534 -0.175625 0.259607
v 0.182534 -0.223528 0.220294
v 0.182534 -0.262842 0.172391
v 0.182534 -0.292054 0.117739
v 0.182534 -0.310043 0.058438
v 0.182534 0.316117 -0.003234
v 0.182534 0.310043 0.058438
v 0.182534 0.292054 0.117739
v 0.182534 0.262842 0.172391
v 0.182534 0.223528 0.220294
v 0.182534 0.175625 0.259608
v 0.182534 0.120973 0.288820
v 0.182534 0.061671 0.306809
v 0.182534 -0.316117 -0.003234
v 0.182534 -0.310043 -0.064905
v 0.182534 -0.292054 -0.124206
v 0.182534 -0.262842 -0.178859
v 0.182534 -0.223528 -0.226763
v 0.182534 -0.175625 -0.266075
v 0.182534 -0.120973 -0.295288
v 0.182534 -0.061671 -0.313277
v 0.182534 0.000000 -0.319351
v 0.182534 0.061671 -0.313277
v 0.182534 0.120973 -0.295288
v 0.182534 0.175625 -0.266076
v 0.182534 0.223528 -0.226762
v 0.182534 0.262842 -0.178859
v 0.182534 0.292054 -0.124207
v 0.182534 0.310043 -0.064905
v 0.192534 0.000000 0.312883
v 0.192534 0.061671 0.306809
v 0.192534 -0.316117 -0.003234
v 0.192534 -0.310043 0.058438
v 0.192534 0.000000 -0.319351
v 0.192534 -0.061671 -0.313277
v 0.192534 0.316117 -0.003234
v 0.192534 0.310043 -0.064905
v 0.192534 -0.310043 -0.064905
v 0.192534 -0.292054 -0.124206
v 0.192534 -0.262842 -0.178859
v 0.192534 -0.223528 -0.226763
v 0.192534 -0.175625 -0.266075
v 0.192534 -0.120973 -0.295288
v 0.192534 0.292054 -0.124207
v 0.192534 0.262842 -0.178859
v 0.192534 0.223528 -0.226762
v 0.192534 0.175625 -0.266076
v 0.192534 0.120973 -0.295288
v 0.192534 0.061671 -0.313277
v 0.192534 -0.292054 0.117739
v 0.192534 -0.262842 0.172391
v 0.192534 -0.223528 0.220294
v 0.192534 -0.175625 0.259607
v 0.192534 -0.120973 0.288820
v 0.192534 -0.061671 0.306809
v 0.192534 0.310043 0.058438
v 0.192534 0.292054 0.117739
v 0.192534 0.262842 0.172391
v 0.192534 0.223528 0.220294
v 0.192534 0.175625 0.259608
v 0.192534 0.120973 0.288820
v 0.201646 0.000000 0.177222
v 0.201646 0.035205 0.173755
v 0.201646 -0.180457 -0.003234
v 0.201646 -0.176989 0.031972
v 0.201646 0.000000 -0.183691
v 0.201646 -0.035205 -0.180223
v 0.201646 0.180457 -0.003234
v 0.201646 0.176989 -0.038439
v 0.201646 -0.176989 -0.038439
v 0.201646 -0.166720 -0.072292
v 0.201646 -0.150044 -0.103491
v 0.201646 -0.127602 -0.130836
v 0.201646 -0.100256 -0.153278
v 0.201646 -0.069058 -0.169954
v 0.201646 0.166720 -0.072292
v 0.201646 0.150044 -0.103491
v 0.201646 0.127602 -0.130836
v 0.201646 0.100257 -0.153278
v 0.201646 0.069058 -0.169954
v 0.201646 0.035205 -0.180223
v 0.201646 -0.166720 0.065824
v 0.201646 -0.150044 0.097022
v 0.201646 -0.127602 0.124368
v 0.201646 -0.100256 0.146811
v 0.201646 -0.069058 0.163487
v 0.201646 -0.035205 0.173755
v 0.201646 0.176989 0.031971
v 0.201646 0.166720 0.065824
v 0.201646 0.150044 0.097022
v 0.201646 0.127602 0.124368
v 0.201646 0.100256 0.146810
v 0.201646 0.069058 0.163487
v -0.171554 -0.443839 0.085051
v -0.186389 -0.437782 0.083847
v -0.171554 -0.418087 0.169943
v -0.186389 -0.412382 0.167581
v -0.171554 -0.376268 0.248181
v -0.186389 -0.371134 0.244750
v -0.171554 -0.319990 0.316756
v -0.186389 -0.315624 0.312390
v -0.171554 -0.251414 0.373035
v -0.186389 -0.247984 0.367900
v -0.171554 -0.173177 0.414853
v -0.186389 -0.170814 0.409148
v -0.171554 -0.088285 0.440604
v -0.186389 -0.087080 0.434549
v -0.171554 0.000000 0.449300
v -0.186389 0.000000 0.443125
v -0.171554 0.088285 0.440604
v -0.186389 0.087080 0.434549
v -0.171554 0.173177 0.414853
v -0.186389 0.170814 0.409149
v -0.171554 0.251415 0.373034
v -0.186389 0.247984 0.367900
v -0.171554 0.319990 0.316756
v -0.186389 0.315624 0.312390
v -0.171554 0.376268 0.248181
v -0.186389 0.371134 0.244750
v -0.171554 0.418087 0.169943
v -0.186389 0.412382 0.167580
v -0.171554 0.443839 0.085051
v -0.186389 0.437783 0.083846
v -0.171554 0.000000 -0.455768
v -0.186389 0.000000 -0.449593
v -0.171554 -0.452534 -0.003234
v -0.186389 -0.446359 -0.003234
v -0.171554 -0.088285 -0.447073
v -0.186389 -0.087080 -0.441016
v -0.171554 -0.173177 -0.421321
v -0.186389 -0.170814 -0.415616
v -0.171554 -0.251414 -0.379502
v -0.186389 -0.247984 -0.374368
v -0.171554 -0.319990 -0.323224
v -0.186389 -0.315624 -0.318858
v -0.171554 -0.376268 -0.254648
v -0.186389 -0.371134 -0.251218
v -0.171554 -0.418087 -0.176411
v -0.186389 -0.412382 -0.174048
v -0.171554 -0.443839 -0.091519
v -0.186389 -0.437782 -0.090314
v -0.171554 0.452534 -0.003234
v -0.186389 0.446359 -0.003234
v -0.171554 0.443839 -0.091519
v -0.186389 0.437783 -0.090315
v -0.171554 0.418087 -0.176411
v -0.186389 0.412382 -0.174048
v -0.171554 0.376268 -0.254648
v -0.186389 0.371134 -0.251217
v -0.171554 0.319990 -0.323224
v -0.186389 0.315624 -0.318858
v -0.171554 0.251415 -0.379502
v -0.186389 0.247984 -0.374368
v -0.171554 0.173177 -0.421321
v -0.186389 0.170814 -0.415616
v -0.171554 0.088285 -0.447073
v -0.186389 0.087080 -0.441016
v 0.161553 0.000000 0.449300
v 0.182534 0.000000 0.428218
v 0.176389 0.000000 0.443125
v 0.182534 0.084172 0.419928
v 0.161553 0.088285 0.440604
v 0.176389 0.087080 0.434549
v 0.161553 -0.452534 -0.003234
v 0.182534 -0.431452 -0.003234
v 0.176389 -0.446359 -0.003234
v 0.182534 -0.423162 0.080938
v 0.161553 -0.443839 0.085051
v 0.176389 -0.437782 0.083847
v 0.161553 0.000000 -0.455768
v 0.182534 0.000000 -0.434686
v 0.176389 0.000000 -0.449593
v 0.182534 -0.084172 -0.426396
v 0.161553 -0.088285 -0.447073
v 0.176389 -0.087080 -0.441016
v 0.161553 0.452534 -0.003234
v 0.182534 0.431452 -0.003234
v 0.176389 0.446359 -0.003234
v 0.182534 0.423162 -0.087406
v 0.161553 0.443839 -0.091519
v 0.176389 0.437783 -0.090315
v 0.161553 -0.443839 -0.091519
v 0.182534 -0.423162 -0.087406
v 0.176389 -0.437782 -0.090314
v 0.161553 -0.418087 -0.176411
v 0.182534 -0.398610 -0.168343
v 0.176389 -0.412382 -0.174048
v 0.161553 -0.376268 -0.254648
v 0.182534 -0.358739 -0.242936
v 0.176389 -0.371134 -0.251218
v 0.161553 -0.319990 -0.323224
v 0.182534 -0.305083 -0.308317
v 0.176389 -0.315624 -0.318858
v 0.161553 -0.251414 -0.379502
v 0.182534 -0.239702 -0.361973
v 0.176389 -0.247984 -0.374368
v 0.161553 -0.173177 -0.421321
v 0.182534 -0.165109 -0.401843
v 0.176389 -0.170814 -0.415616
v 0.182534 0.398610 -0.168343
v 0.161553 0.418087 -0.176411
v 0.176389 0.412382 -0.174048
v 0.182534 0.358739 -0.242936
v 0.161553 0.376268 -0.254648
v 0.176389 0.371134 -0.251217
v 0.182534 0.305083 -0.308316
v 0.161553 0.319990 -0.323224
v 0.176389 0.315624 -0.318858
v 0.182534 0.239702 -0.361973
v 0.161553 0.251415 -0.379502
v 0.176389 0.247984 -0.374368
v 0.182534 0.165110 -0.401843
v 0.161553 0.173177 -0.421321
v 0.176389 0.170814 -0.415616
v 0.182534 0.084172 -0.426396
v 0.161553 0.088285 -0.447073
v 0.176389 0.087080 -0.441016
v 0.182534 -0.398610 0.161876
v 0.161553 -0.418087 0.169943
v 0.176389 -0.412382 0.167581
v 0.182534 -0.358739 0.236467
v 0.161553 -0.376268 0.248181
v 0.176389 -0.371134 0.244750
v 0.182534 -0.305082 0.301849
v 0.161553 -0.319990 0.316756
v 0.176389 -0.315624 0.312390
v 0.182534 -0.239702 0.355505
v 0.161553 -0.251414 0.373035
v 0.176389 -0.247984 0.367900
v 0.182534 -0.165109 0.395375
v 0.161553 -0.173177 0.414853
v 0.176389 -0.170814 0.409148
v 0.182534 -0.084172 0.419928
v 0.161553 -0.088285 0.440604
v 0.176389 -0.087080 0.434549
v 0.161553 0.443839 0.085051
v 0.182534 0.423162 0.080938
v 0.176389 0.437783 0.083846
v 0.161553 0.418087 0.169943
v 0.182534 0.398610 0.161876
v 0.176389 0.412382 0.167580
v 0.161553 0.376268 0.248181
v 0.182534 0.358739 0.236468
v 0.176389 0.371134 0.244750
v 0.161553 0.319990 0.316756
v 0.182534 0.305083 0.301849
v 0.176389 0.315624 0.312390
v 0.161553 0.251415 0.373034
v 0.182534 0.239702 0.355505
v 0.176389 0.247984 0.367900
v 0.161553 0.173177 0.414853
v 0.182534 0.165110 0.395376
v 0.176389 0.170814 0.409149
v 0.161347 0.000000 0.244886
v 0.159873 0.000000 0.257677
v 0.161347 0.048406 0.240118
v 0.159873 0.050901 0.252664
v 0.161347 -0.248120 -0.003234
v 0.159873 -0.260911 -0.003234
v 0.161347 -0.243352 0.045172
v 0.159873 -0.255898 0.047667
v 0.161347 0.000000 -0.251354
v 0.159873 0.000000 -0.264146
v 0.161347 -0.048406 -0.246587
v 0.159873 -0.050901 -0.259132
v 0.161347 0.248120 -0.003234
v 0.159873 0.260911 -0.003234
v 0.161347 0.243352 -0.051640
v 0.159873 0.255898 -0.054135
v 0.161347 -0.243352 -0.051639
v 0.159873 -0.255898 -0.054135
v 0.161347 -0.229233 -0.098185
v 0.159873 -0.241051 -0.103081
v 0.161347 -0.206304 -0.141082
v 0.159873 -0.216940 -0.148188
v 0.161347 -0.175447 -0.178681
v 0.159873 -0.184492 -0.187726
v 0.161347 -0.137848 -0.209538
v 0.159873 -0.144955 -0.220174
v 0.161347 -0.094951 -0.232466
v 0.159873 -0.099846 -0.244284
v 0.161347 0.229233 -0.098185
v 0.159873 0.241051 -0.103080
v 0.161347 0.206304 -0.141082
v 0.159873 0.216940 -0.148188
v 0.161347 0.175447 -0.178681
v 0.159873 0.184492 -0.187726
v 0.161347 0.137848 -0.209538
v 0.159873 0.144955 -0.220174
v 0.161347 0.094951 -0.232466
v 0.159873 0.099847 -0.244284
v 0.161347 0.048406 -0.246587
v 0.159873 0.050901 -0.259132
v 0.161347 -0.229233 0.091718
v 0.159873 -0.241051 0.096613
v 0.161347 -0.206304 0.134614
v 0.159873 -0.216940 0.141721
v 0.161347 -0.175447 0.172213
v 0.159873 -0.184492 0.181258
v 0.161347 -0.137848 0.203070
v 0.159873 -0.144955 0.213706
v 0.161347 -0.094951 0.225999
v 0.159873 -0.099846 0.237817
v 0.161347 -0.048406 0.240118
v 0.159873 -0.050901 0.252664
v 0.161347 0.243352 0.045172
v 0.159873 0.255898 0.047667
v 0.161347 0.229233 0.091718
v 0.159873 0.241051 0.096612
v 0.161347 0.206304 0.134614
v 0.159873 0.216940 0.141721
v 0.161347 0.175447 0.172213
v 0.159873 0.184492 0.181258
v 0.161347 0.137848 0.203070
v 0.159873 0.144955 0.213706
v 0.161347 0.094951 0.225999
v 0.159873 0.099847 0.237817
v -0.192534 -0.423162 0.080938
v -0.192534 -0.431452 -0.003234
v -0.192534 0.000000 -0.434686
v -0.192534 0.084172 -0.426396
v -0.192534 0.431452 -0.003234
v -0.192534 0.423162 0.080938
v -0.192534 0.000000 0.428218
v -0.192534 -0.084172 0.419928
v -0.192534 -0.423162 -0.087406
v -0.192534 -0.398610 -0.168343
v -0.192534 -0.358739 -0.242936
v -0.192534 -0.305083 -0.308317
v -0.192534 -0.239702 -0.361973
v -0.192534 -0.165109 -0.401843
v -0.192534 -0.084172 -0.426396
v -0.192534 0.423162 -0.087406
v -0.192534 0.398610 -0.168343
v -0.192534 0.358739 -0.242936
v -0.192534 0.305083 -0.308316
v -0.192534 0.239702 -0.361973
v -0.192534 0.165109 -0.401843
v -0.192534 -0.398610 0.161876
v -0.192534 -0.358739 0.236467
v -0.192534 -0.305082 0.301849
v -0.192534 -0.239702 0.355505
v -0.192534 -0.165109 0.395375
v -0.192534 0.398610 0.161876
v -0.192534 0.358739 0.236468
v -0.192534 0.305083 0.301849
v -0.192534 0.239702 0.355505
v -0.192534 0.165110 0.395376
v -0.192534 0.084172 0.419928
v 0.127466 -0.289366 0.054324
v 0.127466 -0.295035 -0.003234
v 0.127466 0.000000 -0.298269
v 0.127466 0.057559 -0.292599
v 0.127466 0.295035 -0.003234
v 0.127466 0.289366 0.054324
v 0.127466 0.000000 0.291801
v 0.127466 -0.057558 0.286132
v 0.127466 -0.289366 -0.060792
v 0.127466 -0.272577 -0.116139
v 0.127466 -0.245312 -0.167147
v 0.127466 -0.208621 -0.211855
v 0.127466 -0.163913 -0.248546
v 0.127466 -0.112905 -0.275811
v 0.127466 -0.057558 -0.292599
v 0.127466 0.289366 -0.060793
v 0.127466 0.272577 -0.116139
v 0.127466 0.245312 -0.167146
v 0.127466 0.208621 -0.211855
v 0.127466 0.163913 -0.248546
v 0.127466 0.112905 -0.275810
v 0.127466 -0.272577 0.109671
v 0.127466 -0.245312 0.160679
v 0.127466 -0.208621 0.205387
v 0.127466 -0.163913 0.242078
v 0.127466 -0.112905 0.269343
v 0.127466 0.272577 0.109671
v 0.127466 0.245312 0.160679
v 0.127466 0.208621 0.205387
v 0.127466 0.163913 0.242079
v 0.127466 0.112905 0.269343
v 0.127466 0.057559 0.286132
v -0.192534 -0.311665 0.058760
v -0.169908 -0.289366 0.054324
v -0.185907 -0.295897 0.055624
v -0.192534 -0.293582 0.118372
v -0.169908 -0.272577 0.109671
v -0.185907 -0.278729 0.112219
v -0.192534 -0.264217 0.173310
v -0.169908 -0.245312 0.160679
v -0.185907 -0.250849 0.164378
v -0.192534 -0.224698 0.221464
v -0.169908 -0.208621 0.205387
v -0.185907 -0.213330 0.210096
v -0.192534 -0.176544 0.260983
v -0.169908 -0.163913 0.242078
v -0.185907 -0.167612 0.247616
v -0.192534 -0.121606 0.290348
v -0.169908 -0.112905 0.269343
v -0.185907 -0.115453 0.275495
v -0.169908 -0.057558 0.286132
v -0.192534 -0.061994 0.308431
v -0.185907 -0.058858 0.292663
v -0.192534 0.000000 0.314537
v -0.169908 0.000000 0.291801
v -0.185907 0.000000 0.298460
v -0.169908 0.057559 0.286132
v -0.192534 0.061994 0.308431
v -0.185907 0.058858 0.292663
v -0.169908 0.112905 0.269343
v -0.192534 0.121606 0.290348
v -0.185907 0.115453 0.275495
v -0.169908 0.163913 0.242079
v -0.192534 0.176544 0.260983
v -0.185907 0.167612 0.247616
v -0.169908 0.208621 0.205387
v -0.192534 0.224698 0.221464
v -0.185907 0.213330 0.210096
v -0.169908 0.245312 0.160679
v -0.192534 0.264217 0.173310
v -0.185907 0.250850 0.164378
v -0.169908 0.272577 0.109671
v -0.192534 0.293582 0.118372
v -0.185907 0.278729 0.112219
v -0.169908 0.289366 0.054324
v -0.192534 0.311665 0.058760
v -0.185907 0.295897 0.055624
v -0.192534 0.000000 -0.321005
v -0.169908 0.000000 -0.298269
v -0.185907 0.000000 -0.304928
v -0.169908 -0.295035 -0.003234
v -0.192534 -0.317771 -0.003234
v -0.185907 -0.301694 -0.003234
v -0.169908 -0.057558 -0.292599
v -0.192534 -0.061994 -0.314899
v -0.185907 -0.058858 -0.299131
v -0.169908 -0.112905 -0.275811
v -0.192534 -0.121606 -0.296816
v -0.185907 -0.115453 -0.281963
v -0.169908 -0.163913 -0.248546
v -0.192534 -0.176544 -0.267451
v -0.185907 -0.167612 -0.254083
v -0.169908 -0.208621 -0.211855
v -0.192534 -0.224698 -0.227932
v -0.185907 -0.213330 -0.216564
v -0.169908 -0.245312 -0.167147
v -0.192534 -0.264217 -0.179778
v -0.185907 -0.250849 -0.170846
v -0.169908 -0.272577 -0.116139
v -0.192534 -0.293582 -0.124840
v -0.185907 -0.278729 -0.118687
v -0.169908 -0.289366 -0.060792
v -0.192534 -0.311665 -0.065228
v -0.185907 -0.295897 -0.062092
v -0.192534 0.317771 -0.003234
v -0.169908 0.295035 -0.003234
v -0.185907 0.301694 -0.003234
v -0.192534 0.311665 -0.065228
v -0.169908 0.289366 -0.060793
v -0.185907 0.295897 -0.062092
v -0.192534 0.293582 -0.124839
v -0.169908 0.272577 -0.116139
v -0.185907 0.278729 -0.118687
v -0.192534 0.264217 -0.179778
v -0.169908 0.245312 -0.167146
v -0.185907 0.250850 -0.170846
v -0.192534 0.224698 -0.227932
v -0.169908 0.208621 -0.211855
v -0.185907 0.213330 -0.216564
v -0.192534 0.176544 -0.267451
v -0.169908 0.163913 -0.248546
v -0.185907 0.167612 -0.254083
v -0.192534 0.121606 -0.296816
v -0.169908 0.112905 -0.275810
v -0.185907 0.115453 -0.281963
v -0.169908 0.057559 -0.292599
v -0.192534 0.061994 -0.314899
v -0.185907 0.058858 -0.299131
vn 0.8607 0.4994 -0.0993
vn 0.8607 0.5092 -0.0000
vn 0.8607 -0.0993 -0.4994
vn 0.8607 -0.0000 -0.5092
vn -0.0000 0.9808 0.1951
vn -0.0000 0.9239 0.3827
vn -0.1936 -0.9064 0.3754
vn 0.1936 -0.9064 0.3754
vn 0.1936 -0.8157 0.5451
vn -0.1936 -0.8157 0.5451
vn 0.1936 -0.3754 -0.9064
vn -0.1936 -0.3754 -0.9064
vn -0.1936 -0.1914 -0.9622
vn 0.1936 -0.1914 -0.9622
vn -0.1936 0.9811 -0.0000
vn 0.1936 0.9811 -0.0000
vn 0.1936 0.9622 -0.1914
vn -0.1936 0.9622 -0.1914
vn 0.1936 -0.9622 -0.1914
vn -0.1936 -0.9622 -0.1914
vn -0.1936 -0.9064 -0.3754
vn 0.1936 -0.9064 -0.3754
vn -0.1936 -0.8157 -0.5451
vn 0.1936 -0.8157 -0.5451
vn -0.1936 -0.6937 -0.6937
vn 0.1936 -0.6937 -0.6937
vn -0.1936 -0.5451 -0.8157
vn 0.1936 -0.5451 -0.8157
vn 0.1936 -0.9811 -0.0000
vn -0.1936 -0.9811 -0.0000
vn 0.1936 0.9064 -0.3754
vn -0.1936 0.9064 -0.3754
vn 0.1936 0.8157 -0.5451
vn -0.1936 0.8157 -0.5451
vn 0.1936 0.6937 -0.6937
vn -0.1936 0.6937 -0.6937
vn 0.1936 0.5451 -0.8157
vn -0.1936 0.5451 -0.8157
vn 0.1936 0.3754 -0.9064
vn -0.1936 0.3754 -0.9064
vn 0.1936 0.1914 -0.9622
vn -0.1936 0.1914 -0.9622
vn 1.0000 -0.0000 -0.0000
vn 0.9786 0.0402 0.2019
vn 0.9786 -0.0000 0.2059
vn -0.1936 -0.0000 -0.9811
vn 0.1936 -0.0000 -0.9811
vn -0.1936 -0.9622 0.1914
vn 0.1936 -0.9622 0.1914
vn -0.1983 -0.8150 -0.5445
vn -0.1983 -0.9055 -0.3751
vn -0.0000 -0.9239 -0.3827
vn -0.0000 -0.8315 -0.5556
vn 0.1936 -0.6937 0.6937
vn -0.1936 -0.6937 0.6937
vn 0.1936 -0.5451 0.8157
vn -0.1936 -0.5451 0.8157
vn 0.1936 -0.3754 0.9064
vn -0.1936 -0.3754 0.9064
vn 0.1936 -0.1914 0.9622
vn -0.1936 -0.1914 0.9622
vn 0.1936 -0.0000 0.9811
vn -0.1936 -0.0000 0.9811
vn 0.1936 0.1914 0.9622
vn -0.1936 0.1914 0.9622
vn -0.1936 0.9622 0.1914
vn 0.1936 0.9622 0.1914
vn -0.1936 0.9064 0.3754
vn 0.1936 0.9064 0.3754
vn -0.1936 0.8157 0.5451
vn 0.1936 0.8157 0.5451
vn -0.1936 0.6937 0.6937
vn 0.1936 0.6937 0.6937
vn -0.1936 0.5451 0.8157
vn 0.1936 0.5451 0.8157
vn -0.1936 0.3754 0.9064
vn 0.1936 0.3754 0.9064
vn 0.9786 -0.0402 0.2019
vn 0.9786 -0.2059 -0.0000
vn 0.9786 -0.2019 -0.0402
vn 0.9786 -0.0000 -0.2059
vn 0.9786 0.0402 -0.2019
vn 0.9786 0.2059 -0.0000
vn 0.9786 0.2019 0.0402
vn 0.9786 -0.1902 0.0788
vn 0.9786 -0.2019 0.0402
vn 0.9786 -0.1902 -0.0788
vn 0.9786 -0.1712 -0.1144
vn 0.9786 -0.1456 -0.1456
vn 0.9786 -0.1144 -0.1712
vn 0.9786 -0.0788 -0.1902
vn 0.9786 0.1712 -0.1144
vn 0.9786 0.1902 -0.0788
vn 0.9786 0.2019 -0.0402
vn 0.9786 0.1456 -0.1456
vn 0.9786 0.1144 -0.1712
vn 0.9786 0.0788 -0.1902
vn 0.9786 -0.1712 0.1144
vn 0.9786 -0.0402 -0.2019
vn 0.9786 -0.1456 0.1456
vn 0.9786 -0.1144 0.1712
vn 0.9786 -0.0788 0.1902
vn 0.9786 0.1902 0.0788
vn 0.9786 0.0788 0.1902
vn 0.9786 0.1712 0.1144
vn 0.9786 0.1456 0.1456
vn 0.9786 0.1144 0.1712
vn -0.0000 0.7071 -0.7071
vn -0.0000 0.8315 -0.5556
vn -0.0000 0.1951 0.9808
vn -0.0000 -0.0000 1.0000
vn -0.0000 0.8315 0.5556
vn -0.0000 0.5556 -0.8315
vn -0.0000 -0.9808 0.1951
vn -0.0000 -1.0000 -0.0000
vn -0.0000 0.7071 0.7071
vn -0.0000 0.3827 -0.9239
vn -0.0000 -0.1951 -0.9808
vn -0.0000 -0.0000 -1.0000
vn -0.0000 0.5556 0.8315
vn -0.0000 0.1951 -0.9808
vn -0.0000 0.9808 -0.1951
vn -0.0000 1.0000 -0.0000
vn -0.0000 0.3827 0.9239
vn -0.0000 -0.9808 -0.1951
vn -0.0000 -0.9239 0.3827
vn -0.0000 -0.8315 0.5556
vn -0.0000 -0.7071 0.7071
vn -0.0000 -0.7071 -0.7071
vn -0.0000 -0.5556 0.8315
vn -0.0000 -0.5556 -0.8315
vn -0.0000 -0.3827 0.9239
vn -0.0000 -0.3827 -0.9239
vn -0.0000 -0.1951 0.9808
vn -0.0000 0.9239 -0.3827
vn 0.9598 -0.0000 0.2806
vn 0.9598 0.0547 0.2753
vn 0.9513 0.0602 0.3024
vn 0.9513 -0.0000 0.3083
vn 0.9598 -0.2806 -0.0000
vn 0.9598 -0.2753 -0.0548
vn 0.9598 -0.2593 -0.1074
vn 0.9598 -0.2333 -0.1559
vn 0.9598 -0.1984 -0.1984
vn 0.9598 -0.1559 -0.2333
vn 0.9598 -0.1074 -0.2593
vn 0.9598 -0.0548 -0.2752
vn 0.9598 -0.0000 -0.2806
vn 0.9598 0.0548 -0.2752
vn 0.9598 0.1074 -0.2593
vn 0.9598 0.1559 -0.2333
vn 0.9598 0.1984 -0.1984
vn 0.9598 0.2333 -0.1559
vn 0.9598 0.2593 -0.1074
vn 0.9598 0.2753 -0.0548
vn 0.9598 0.2806 -0.0000
vn 0.9598 0.2752 0.0548
vn 0.9598 0.2593 0.1074
vn 0.9598 0.2333 0.1559
vn 0.9598 0.1984 0.1984
vn 0.9598 0.1559 0.2333
vn 0.9598 0.1074 0.2593
vn 0.9598 -0.0547 0.2753
vn 0.9598 -0.1074 0.2593
vn 0.9598 -0.1559 0.2333
vn 0.9598 -0.1984 0.1984
vn 0.9598 -0.2333 0.1559
vn 0.9598 -0.2593 0.1074
vn 0.9598 -0.2753 0.0548
vn 0.9513 -0.0602 0.3024
vn 0.9513 -0.3083 -0.0000
vn 0.9513 -0.3024 -0.0602
vn 0.9513 -0.0000 -0.3083
vn 0.9513 0.0602 -0.3024
vn 0.9513 0.3083 -0.0000
vn 0.9513 0.3024 0.0602
vn 0.9513 -0.2849 0.1180
vn 0.9513 -0.3024 0.0602
vn 0.9513 -0.2849 -0.1180
vn 0.9513 -0.2564 -0.1713
vn 0.9513 -0.2180 -0.2180
vn 0.9513 -0.1713 -0.2564
vn 0.9513 -0.1180 -0.2849
vn 0.9513 0.2564 -0.1713
vn 0.9513 0.2849 -0.1180
vn 0.9513 0.3024 -0.0602
vn 0.9513 0.2180 -0.2180
vn 0.9513 0.1713 -0.2564
vn 0.9513 0.1180 -0.2849
vn 0.9513 -0.2564 0.1713
vn 0.9513 -0.0602 -0.3024
vn 0.9513 -0.2180 0.2180
vn 0.9513 -0.1713 0.2564
vn 0.9513 -0.1180 0.2849
vn 0.9513 0.2849 0.1180
vn 0.9513 0.1180 0.2849
vn 0.9513 0.2564 0.1713
vn 0.9513 0.2180 0.2180
vn 0.9513 0.1713 0.2564
vn 0.9245 0.0743 0.3738
vn 0.9245 -0.0000 0.3811
vn 0.3843 -0.0000 0.9232
vn 0.3843 0.1801 0.9055
vn 0.9245 -0.3738 0.0743
vn 0.9245 -0.3811 -0.0000
vn 0.3843 -0.9232 -0.0000
vn 0.3843 -0.9055 0.1801
vn -0.9786 -0.2019 0.0402
vn -0.9786 -0.2059 -0.0000
vn -0.9245 -0.3811 -0.0000
vn -0.9245 -0.3738 0.0744
vn -0.3843 -0.9055 0.1801
vn -0.3843 -0.9232 -0.0000
vn -0.9786 -0.0000 -0.2059
vn -0.9786 0.0402 -0.2019
vn -0.9245 0.0744 -0.3738
vn -0.9245 -0.0000 -0.3811
vn -0.3843 -0.0000 -0.9232
vn -0.3843 0.1801 -0.9055
vn 0.9245 -0.0744 -0.3738
vn 0.9245 -0.0000 -0.3811
vn 0.3843 -0.0000 -0.9232
vn 0.3843 -0.1801 -0.9055
vn 0.9245 0.3738 -0.0744
vn 0.9245 0.3811 -0.0000
vn 0.3843 0.9232 -0.0000
vn 0.3843 0.9055 -0.1801
vn -0.9786 0.2059 -0.0000
vn -0.9786 0.2019 0.0402
vn -0.9245 0.3738 0.0744
vn -0.9245 0.3811 -0.0000
vn -0.3843 0.9232 -0.0000
vn -0.3843 0.9055 0.1801
vn -0.9786 -0.0000 0.2059
vn -0.9786 -0.0402 0.2019
vn -0.9245 -0.0744 0.3738
vn -0.9245 -0.0000 0.3811
vn -0.3843 -0.0000 0.9232
vn -0.3843 -0.1801 0.9055
vn 0.9245 -0.3738 -0.0744
vn 0.3843 -0.9055 -0.1801
vn -0.9786 -0.2019 -0.0402
vn -0.9245 -0.3738 -0.0744
vn -0.3843 -0.9055 -0.1801
vn 0.9245 -0.3521 -0.1458
vn 0.3843 -0.8529 -0.3533
vn -0.9786 -0.1902 -0.0788
vn -0.9245 -0.3521 -0.1458
vn -0.3843 -0.8529 -0.3533
vn 0.9245 -0.3169 -0.2117
vn 0.3843 -0.7676 -0.5129
vn -0.9786 -0.1712 -0.1144
vn -0.9245 -0.3169 -0.2117
vn -0.3843 -0.7676 -0.5129
vn 0.9245 -0.2695 -0.2695
vn 0.3843 -0.6528 -0.6528
vn -0.9786 -0.1456 -0.1456
vn -0.9245 -0.2695 -0.2695
vn -0.3843 -0.6528 -0.6528
vn 0.9245 -0.2117 -0.3169
vn 0.3843 -0.5129 -0.7676
vn -0.9786 -0.1144 -0.1712
vn -0.9245 -0.2117 -0.3169
vn -0.3843 -0.5129 -0.7676
vn 0.9245 -0.1458 -0.3521
vn 0.3843 -0.3533 -0.8529
vn -0.9786 -0.0788 -0.1902
vn -0.9245 -0.1458 -0.3521
vn -0.3843 -0.3533 -0.8529
vn -0.9786 -0.0402 -0.2019
vn -0.9245 -0.0744 -0.3738
vn -0.3843 -0.1801 -0.9055
vn -0.9786 0.2019 -0.0402
vn -0.9245 0.3738 -0.0744
vn -0.3843 0.9055 -0.1801
vn -0.9786 0.1902 -0.0788
vn -0.9245 0.3521 -0.1458
vn -0.3843 0.8529 -0.3533
vn 0.9245 0.3521 -0.1458
vn 0.3843 0.8529 -0.3533
vn -0.9786 0.1712 -0.1144
vn -0.9245 0.3169 -0.2117
vn -0.3843 0.7676 -0.5129
vn 0.9245 0.3169 -0.2117
vn 0.3843 0.7676 -0.5129
vn -0.9786 0.1456 -0.1456
vn -0.9245 0.2695 -0.2695
vn -0.3843 0.6528 -0.6528
vn 0.9245 0.2695 -0.2695
vn 0.3843 0.6528 -0.6528
vn -0.9786 0.1144 -0.1712
vn -0.9245 0.2117 -0.3169
vn -0.3843 0.5129 -0.7676
vn 0.9245 0.2117 -0.3169
vn 0.3843 0.5129 -0.7676
vn -0.9786 0.0788 -0.1902
vn -0.9245 0.1458 -0.3521
vn -0.3843 0.3533 -0.8529
vn 0.9245 0.1458 -0.3521
vn 0.3843 0.3533 -0.8529
vn 0.9245 0.0744 -0.3738
vn 0.3843 0.1801 -0.9055
vn -0.9786 -0.1902 0.0788
vn -0.9245 -0.3521 0.1458
vn -0.3843 -0.8529 0.3533
vn 0.9245 -0.3521 0.1458
vn 0.3843 -0.8530 0.3533
vn -0.9786 -0.1712 0.1144
vn -0.9245 -0.3169 0.2117
vn -0.3843 -0.7676 0.5129
vn 0.9245 -0.3169 0.2117
vn 0.3843 -0.7676 0.5129
vn -0.9786 -0.1456 0.1456
vn -0.9245 -0.2695 0.2695
vn -0.3843 -0.6528 0.6528
vn 0.9245 -0.2695 0.2695
vn 0.3843 -0.6528 0.6528
vn -0.9786 -0.1144 0.1712
vn -0.9245 -0.2117 0.3169
vn -0.3843 -0.5129 0.7676
vn 0.9245 -0.2117 0.3169
vn 0.3843 -0.5129 0.7676
vn -0.9786 -0.0788 0.1902
vn -0.9245 -0.1458 0.3521
vn -0.3843 -0.3533 0.8529
vn 0.9245 -0.1458 0.3521
vn 0.3843 -0.3533 0.8529
vn 0.9245 -0.0743 0.3738
vn 0.3843 -0.1801 0.9055
vn 0.9245 0.3738 0.0743
vn 0.3843 0.9055 0.1801
vn 0.9245 0.3521 0.1458
vn 0.3843 0.8530 0.3533
vn -0.9786 0.1902 0.0788
vn -0.9245 0.3521 0.1458
vn -0.3843 0.8529 0.3533
vn 0.9245 0.3169 0.2117
vn 0.3843 0.7676 0.5129
vn -0.9786 0.1712 0.1144
vn -0.9245 0.3169 0.2117
vn -0.3843 0.7676 0.5129
vn 0.9245 0.2695 0.2695
vn 0.3843 0.6528 0.6528
vn -0.9786 0.1456 0.1456
vn -0.9245 0.2695 0.2695
vn -0.3843 0.6528 0.6528
vn 0.9245 0.2117 0.3169
vn 0.3843 0.5129 0.7676
vn -0.9786 0.1144 0.1712
vn -0.9245 0.2117 0.3169
vn -0.3843 0.5129 0.7676
vn 0.9245 0.1458 0.3521
vn 0.3842 0.3533 0.8530
vn -0.9786 0.0788 0.1902
vn -0.9245 0.1458 0.3521
vn -0.3842 0.3533 0.8530
vn -0.9786 0.0402 0.2019
vn -0.9245 0.0744 0.3738
vn -0.3843 0.1801 0.9055
vn 0.8607 0.0993 0.4994
vn 0.8607 -0.0000 0.5092
vn 0.8607 0.4994 0.0993
vn 0.8607 0.4704 0.1949
vn 0.8607 -0.4704 0.1949
vn 0.8607 -0.4994 0.0993
vn 0.8607 -0.5092 -0.0000
vn 0.8607 0.4234 0.2829
vn 0.8607 0.3600 0.3600
vn 0.8607 0.1949 0.4704
vn 0.8607 0.2829 0.4234
vn 0.8607 -0.3600 0.3600
vn 0.8607 -0.4234 0.2829
vn 0.8607 -0.0993 0.4994
vn 0.8607 -0.1949 0.4704
vn 0.8607 -0.2829 0.4234
vn 0.8607 0.0993 -0.4994
vn 0.8607 0.1949 -0.4704
vn 0.8607 0.4234 -0.2829
vn 0.8607 0.4704 -0.1949
vn 0.8607 0.3600 -0.3600
vn 0.8607 -0.4704 -0.1949
vn 0.8607 -0.4234 -0.2829
vn 0.8607 0.2829 -0.4234
vn 0.8607 -0.4994 -0.0993
vn 0.8607 -0.1949 -0.4704
vn 0.8607 -0.3600 -0.3600
vn 0.8607 -0.2829 -0.4234
vn 0.9934 0.0223 0.1122
vn 0.9934 -0.0000 0.1144
vn 0.9934 -0.1122 0.0223
vn 0.9934 -0.1144 -0.0000
vn 0.9934 -0.0223 -0.1122
vn 0.9934 -0.0000 -0.1144
vn 0.9934 0.1122 -0.0223
vn 0.9934 0.1144 -0.0000
vn 0.9934 -0.1122 -0.0223
vn 0.9934 -0.1057 -0.0438
vn 0.9934 -0.0951 -0.0636
vn 0.9934 -0.0809 -0.0809
vn 0.9934 -0.0636 -0.0951
vn 0.9934 -0.0438 -0.1057
vn 0.9934 0.1057 -0.0438
vn 0.9934 0.0951 -0.0636
vn 0.9934 0.0809 -0.0809
vn 0.9934 0.0636 -0.0951
vn 0.9934 0.0438 -0.1057
vn 0.9934 0.0223 -0.1122
vn 0.9934 -0.1057 0.0438
vn 0.9934 -0.0951 0.0636
vn 0.9934 -0.0809 0.0809
vn 0.9934 -0.0636 0.0951
vn 0.9934 -0.0438 0.1057
vn 0.9934 -0.0223 0.1122
vn 0.9934 0.1122 0.0223
vn 0.9934 0.1057 0.0438
vn 0.9934 0.0951 0.0636
vn 0.9934 0.0809 0.0809
vn 0.9934 0.0636 0.0951
vn 0.9934 0.0438 0.1057
vn -0.1983 0.9613 -0.1912
vn -0.1983 0.9055 -0.3751
vn -0.1983 -0.0000 0.9801
vn -0.1983 0.1912 0.9613
vn -0.1983 -0.1912 0.9613
vn -0.1983 -0.0000 -0.9801
vn -0.1983 -0.1912 -0.9613
vn -0.1983 0.3751 0.9055
vn -0.1983 -0.9801 -0.0000
vn -0.1983 -0.9613 0.1912
vn -0.1983 0.9055 0.3751
vn -0.1983 0.9613 0.1912
vn -0.1983 0.8150 0.5445
vn -0.1983 0.6931 0.6931
vn -0.1983 0.5445 0.8150
vn -0.1983 0.9801 -0.0000
vn -0.1983 -0.9055 0.3751
vn -0.1983 -0.8150 0.5445
vn -0.1983 -0.6931 0.6931
vn -0.1983 -0.5445 0.8150
vn -0.1983 -0.3751 0.9055
vn -0.1983 0.8150 -0.5445
vn -0.1983 0.6931 -0.6931
vn -0.1983 0.5445 -0.8150
vn -0.1983 0.3751 -0.9055
vn -0.1983 0.1912 -0.9613
vn -0.1983 -0.9613 -0.1912
vn -0.1983 -0.6931 -0.6931
vn -0.9832 -0.1518 -0.1014
vn -0.9832 -0.1291 -0.1291
vn -0.1983 -0.5445 -0.8150
vn -0.1983 -0.3751 -0.9055
vn -1.0000 -0.0000 -0.0000
vn -0.9832 -0.1518 0.1014
vn -0.9832 -0.1686 0.0699
vn -0.9832 -0.0000 0.1825
vn -0.9832 -0.0356 0.1790
vn -0.9832 -0.1014 -0.1518
vn -0.9832 -0.1291 0.1291
vn -0.9832 -0.1825 -0.0000
vn -0.9832 -0.1790 -0.0356
vn -0.9832 -0.0698 -0.1686
vn -0.9832 -0.1014 0.1518
vn -0.9832 -0.0000 -0.1825
vn -0.9832 0.0356 -0.1790
vn -0.9832 -0.0356 -0.1790
vn -0.9832 -0.0699 0.1686
vn -0.9832 0.1825 -0.0000
vn -0.9832 0.1790 0.0356
vn -0.9832 0.1686 0.0699
vn -0.9832 0.1686 -0.0699
vn -0.9832 0.1790 -0.0356
vn -0.9832 0.1518 0.1014
vn -0.9832 0.1518 -0.1014
vn -0.9832 0.1291 0.1291
vn -0.9832 0.1291 -0.1291
vn -0.9832 0.1014 0.1518
vn -0.9832 0.1014 -0.1518
vn -0.9832 0.0699 0.1686
vn -0.9832 0.0698 -0.1686
vn -0.9832 0.0356 0.1790
vn -0.9832 -0.1686 -0.0699
vn -0.9832 -0.1790 0.0356
vn -0.3843 0.3533 0.8529
vn -0.3843 0.3533 -0.8530
vn -0.3843 -0.3533 -0.8530
vt 0.539630 0.042429
vt 0.538556 0.032211
vt 0.545354 0.030944
vt 0.545354 0.041362
vt 0.516578 0.107696
vt 0.511177 0.109728
vt 0.510507 0.096867
vt 0.516015 0.096867
vt 0.538556 0.161524
vt 0.532019 0.157772
vt 0.052045 0.068541
vt 0.081784 0.068541
vt 0.081784 0.054482
vt 0.052045 0.054482
vt 0.052045 0.086116
vt 0.081784 0.086116
vt 0.052045 0.100176
vt 0.081784 0.100176
vt 0.081784 0.114235
vt 0.052045 0.114235
vt 0.052045 0.131810
vt 0.081784 0.131810
vt 0.052045 0.144112
vt 0.081784 0.144112
vt 0.052045 0.158172
vt 0.081784 0.158172
vt 0.081784 0.042179
vt 0.052045 0.042179
vt 0.498708 0.114420
vt 0.497794 0.096867
vt 0.527286 0.148025
vt 0.532908 0.153710
vt 0.511177 0.084006
vt 0.498708 0.079314
vt 0.552152 0.032211
vt 0.545354 0.006892
vt 0.554632 0.008621
vt 0.579530 0.109728
vt 0.580200 0.096867
vt 0.592914 0.096867
vt 0.592000 0.114420
vt 0.545354 0.162790
vt 0.545354 0.186842
vt 0.536075 0.185113
vt 0.532019 0.035962
vt 0.527153 0.013741
vt 0.536075 0.008621
vt 0.564713 0.042054
vt 0.558689 0.035962
vt 0.563554 0.013741
vt 0.571777 0.022056
vt 0.569994 0.050253
vt 0.571777 0.022056
vt 0.578984 0.033245
vt 0.574327 0.060242
vt 0.584898 0.046880
vt 0.577547 0.071640
vt 0.589293 0.062435
vt 0.558689 0.157772
vt 0.564713 0.151680
vt 0.571777 0.171679
vt 0.563554 0.179993
vt 0.552152 0.161524
vt 0.554632 0.185113
vt 0.569994 0.143482
vt 0.578984 0.160489
vt 0.571777 0.171679
vt 0.574327 0.133492
vt 0.584898 0.146855
vt 0.577547 0.122095
vt 0.589294 0.131299
vt 0.592000 0.114420
vt 0.525994 0.042054
vt 0.518931 0.022056
vt 0.579530 0.084006
vt 0.592000 0.079314
vt 0.520714 0.050253
vt 0.511724 0.033245
vt 0.516380 0.060242
vt 0.505809 0.046880
vt 0.513160 0.071640
vt 0.501414 0.062435
vt 0.498708 0.079314
vt 0.527153 0.179993
vt 0.513160 0.122095
vt 0.501414 0.131299
vt 0.554632 0.185113
vt 0.525994 0.151680
vt 0.518931 0.171679
vt 0.520714 0.143482
vt 0.511724 0.160489
vt 0.516380 0.133492
vt 0.505809 0.146855
vt 0.525461 0.096867
vt 0.525844 0.104209
vt 0.518528 0.106962
vt 0.518003 0.096867
vt 0.545354 0.059235
vt 0.549235 0.059958
vt 0.552966 0.062099
vt 0.556405 0.065577
vt 0.559420 0.070257
vt 0.561894 0.075960
vt 0.563732 0.082466
vt 0.564864 0.089525
vt 0.565246 0.096867
vt 0.564863 0.104209
vt 0.563732 0.111269
vt 0.561894 0.117775
vt 0.559420 0.123477
vt 0.556405 0.128157
vt 0.552966 0.131635
vt 0.549234 0.133777
vt 0.545354 0.134500
vt 0.541473 0.133777
vt 0.537741 0.131635
vt 0.534302 0.128157
vt 0.531288 0.123477
vt 0.528814 0.117775
vt 0.526976 0.111269
vt 0.525844 0.089525
vt 0.526976 0.082466
vt 0.528814 0.075960
vt 0.531288 0.070257
vt 0.534302 0.065577
vt 0.537741 0.062099
vt 0.541473 0.059958
vt 0.518528 0.086773
vt 0.545354 0.045124
vt 0.550690 0.046119
vt 0.572704 0.096867
vt 0.572179 0.106962
vt 0.545354 0.148610
vt 0.540018 0.147616
vt 0.534887 0.049063
vt 0.540018 0.046119
vt 0.555820 0.049063
vt 0.560549 0.053845
vt 0.560549 0.053845
vt 0.564694 0.060279
vt 0.568095 0.068120
vt 0.568095 0.068120
vt 0.570622 0.077066
vt 0.560549 0.139890
vt 0.555820 0.144671
vt 0.550690 0.147616
vt 0.564694 0.133455
vt 0.568095 0.125614
vt 0.570623 0.116668
vt 0.572179 0.106962
vt 0.530159 0.053845
vt 0.534887 0.049063
vt 0.572179 0.086773
vt 0.526014 0.060279
vt 0.522612 0.068120
vt 0.526014 0.060279
vt 0.520085 0.077066
vt 0.518528 0.086773
vt 0.520085 0.077066
vt 0.534887 0.144671
vt 0.520085 0.116668
vt 0.518528 0.106962
vt 0.530159 0.139890
vt 0.530159 0.139890
vt 0.526014 0.133455
vt 0.522613 0.125614
vt 0.522613 0.125614
vt 0.540018 0.046119
vt 0.496422 0.115153
vt 0.495476 0.096993
vt 0.083643 0.100176
vt 0.083643 0.114235
vt 0.535688 0.004297
vt 0.545287 0.002508
vt 0.083643 0.086116
vt 0.536075 0.008621
vt 0.545354 0.006892
vt 0.050186 0.086116
vt 0.050186 0.100176
vt 0.592914 0.096867
vt 0.594286 0.115153
vt 0.595231 0.096993
vt 0.050186 0.114235
vt 0.594286 0.078582
vt 0.595231 0.096742
vt 0.555019 0.189438
vt 0.545420 0.191226
vt 0.545354 0.186842
vt 0.536075 0.185113
vt 0.535688 0.189438
vt 0.545287 0.191226
vt 0.497794 0.096867
vt 0.498708 0.079314
vt 0.496422 0.078582
vt 0.495476 0.096742
vt 0.545420 0.002508
vt 0.555019 0.004297
vt 0.554632 0.008621
vt 0.555019 0.004297
vt 0.555150 0.004346
vt 0.564380 0.009643
vt 0.083643 0.131810
vt 0.083643 0.115993
vt 0.563554 0.013741
vt 0.564380 0.009643
vt 0.555149 0.004346
vt 0.050186 0.115993
vt 0.050186 0.131810
vt 0.564502 0.009739
vt 0.573009 0.018341
vt 0.083643 0.144112
vt 0.571777 0.022056
vt 0.573009 0.018341
vt 0.564502 0.009739
vt 0.050186 0.144112
vt 0.573119 0.018480
vt 0.580576 0.030056
vt 0.083643 0.158172
vt 0.578984 0.033245
vt 0.580576 0.030056
vt 0.050186 0.158172
vt 0.580670 0.030234
vt 0.586788 0.044340
vt 0.083643 0.054482
vt 0.083643 0.042179
vt 0.584898 0.046880
vt 0.586788 0.044340
vt 0.580669 0.030234
vt 0.050186 0.042179
vt 0.050186 0.054482
vt 0.586862 0.044549
vt 0.591409 0.060642
vt 0.083643 0.068541
vt 0.589293 0.062435
vt 0.591409 0.060642
vt 0.050186 0.068541
vt 0.591460 0.060874
vt 0.594260 0.078335
vt 0.592000 0.079314
vt 0.594260 0.078335
vt 0.594286 0.078582
vt 0.554632 0.185113
vt 0.563554 0.179993
vt 0.555149 0.189389
vt 0.564380 0.184092
vt 0.564380 0.184092
vt 0.571777 0.171679
vt 0.564502 0.183996
vt 0.573009 0.175394
vt 0.564502 0.183996
vt 0.578984 0.160489
vt 0.573119 0.175254
vt 0.580576 0.163678
vt 0.580576 0.163678
vt 0.573119 0.175254
vt 0.580670 0.163500
vt 0.586788 0.149395
vt 0.586788 0.149395
vt 0.580670 0.163500
vt 0.589294 0.131299
vt 0.586862 0.149186
vt 0.591409 0.133093
vt 0.591409 0.133093
vt 0.591460 0.132861
vt 0.594260 0.115399
vt 0.594260 0.115399
vt 0.591460 0.132861
vt 0.594286 0.115153
vt 0.527154 0.013741
vt 0.535558 0.004346
vt 0.526328 0.009643
vt 0.518931 0.022056
vt 0.526205 0.009739
vt 0.517699 0.018341
vt 0.511724 0.033245
vt 0.517588 0.018480
vt 0.510132 0.030056
vt 0.510132 0.030056
vt 0.505809 0.046880
vt 0.510038 0.030234
vt 0.503919 0.044340
vt 0.503919 0.044340
vt 0.510038 0.030234
vt 0.501414 0.062435
vt 0.503845 0.044549
vt 0.499298 0.060642
vt 0.499298 0.060642
vt 0.499248 0.060874
vt 0.496448 0.078335
vt 0.496448 0.078335
vt 0.496422 0.078582
vt 0.535688 0.189438
vt 0.535558 0.189389
vt 0.526328 0.184092
vt 0.527153 0.179993
vt 0.526328 0.184092
vt 0.535558 0.189389
vt 0.526205 0.183996
vt 0.517699 0.175394
vt 0.518931 0.171679
vt 0.526205 0.183996
vt 0.517588 0.175254
vt 0.510132 0.163678
vt 0.511724 0.160489
vt 0.510132 0.163678
vt 0.517588 0.175254
vt 0.510038 0.163500
vt 0.503919 0.149395
vt 0.505809 0.146855
vt 0.503919 0.149395
vt 0.510038 0.163500
vt 0.503845 0.149186
vt 0.499299 0.133093
vt 0.501414 0.131299
vt 0.499299 0.133093
vt 0.499248 0.132861
vt 0.496448 0.115399
vt 0.498708 0.114420
vt 0.496448 0.115399
vt 0.499248 0.132861
vt 0.496422 0.115153
vt 0.574129 0.086039
vt 0.574693 0.096867
vt 0.551077 0.042429
vt 0.556581 0.045587
vt 0.556581 0.148147
vt 0.551078 0.151305
vt 0.545354 0.152372
vt 0.561654 0.050717
vt 0.566100 0.057619
vt 0.572460 0.075626
vt 0.569749 0.066030
vt 0.566100 0.136115
vt 0.561654 0.143018
vt 0.574129 0.107696
vt 0.572460 0.118108
vt 0.569749 0.127704
vt 0.516578 0.086039
vt 0.518248 0.075626
vt 0.529054 0.050717
vt 0.534126 0.045588
vt 0.524608 0.057619
vt 0.534126 0.148147
vt 0.529054 0.143018
vt 0.520959 0.066030
vt 0.539630 0.151305
vt 0.518248 0.118108
vt 0.524608 0.136115
vt 0.520959 0.127704
vt 0.539009 0.036523
vt 0.532908 0.040024
vt 0.577876 0.096867
vt 0.577251 0.084864
vt 0.577251 0.084864
vt 0.577251 0.108870
vt 0.512832 0.096867
vt 0.513456 0.108871
vt 0.575401 0.073322
vt 0.545354 0.158394
vt 0.551699 0.157212
vt 0.557800 0.040024
vt 0.551699 0.036523
vt 0.563422 0.045710
vt 0.557800 0.040024
vt 0.568351 0.053361
vt 0.572395 0.062685
vt 0.545354 0.035341
vt 0.551699 0.157212
vt 0.557800 0.153710
vt 0.557800 0.153710
vt 0.563422 0.148025
vt 0.563422 0.148025
vt 0.568351 0.140373
vt 0.568351 0.140373
vt 0.572395 0.131050
vt 0.575401 0.120412
vt 0.575401 0.120412
vt 0.577251 0.108870
vt 0.527286 0.045710
vt 0.527286 0.045710
vt 0.522357 0.053361
vt 0.518313 0.062685
vt 0.515307 0.073322
vt 0.513456 0.084864
vt 0.539009 0.157212
vt 0.522357 0.140373
vt 0.525893 0.151967
vt 0.520585 0.143726
vt 0.518313 0.131050
vt 0.515307 0.120412
vt 0.515307 0.120412
vt 0.564815 0.151967
vt 0.558759 0.158091
vt 0.580383 0.096867
vt 0.579709 0.109795
vt 0.516229 0.133684
vt 0.570123 0.143726
vt 0.545354 0.163135
vt 0.538520 0.161862
vt 0.512992 0.122227
vt 0.574479 0.133684
vt 0.570123 0.143726
vt 0.510325 0.096867
vt 0.510998 0.083939
vt 0.512992 0.122227
vt 0.510998 0.109796
vt 0.577716 0.122227
vt 0.545354 0.030599
vt 0.552188 0.031873
vt 0.510998 0.109796
vt 0.558759 0.035644
vt 0.531949 0.035644
vt 0.538520 0.031873
vt 0.558759 0.035644
vt 0.564815 0.041767
vt 0.525893 0.041767
vt 0.531949 0.035644
vt 0.570123 0.050009
vt 0.520585 0.050009
vt 0.574479 0.060051
vt 0.516229 0.060051
vt 0.577716 0.071508
vt 0.512992 0.071508
vt 0.516229 0.060051
vt 0.577716 0.071508
vt 0.579709 0.083939
vt 0.510998 0.083939
vt 0.531949 0.158091
vt 0.552188 0.161862
vt 0.525893 0.151967
s 1
usemtl van_3
f 1988/2067/1743 1760/2068/1743 1759/2069/1744 1986/2070/1744
f 1984/2071/1745 1758/2072/1745 1757/2073/1746 1982/2074/1746
f 1734/2075/1747 1735/2076/1748 1784/2076/1748 1783/2075/1747
f 1823/2077/1749 1946/2078/1750 1949/2079/1751 1825/2080/1752
f 1924/2078/1753 1857/2077/1754 1855/2081/1755 1901/2082/1756
f 1869/2083/1757 1903/2084/1758 1907/2085/1759 1871/2086/1760
f 1909/2085/1761 1867/2086/1762 1865/2087/1763 1912/2088/1764
f 1912/2088/1764 1865/2087/1763 1863/2089/1765 1915/2090/1766
f 1915/2090/1766 1863/2089/1765 1861/2091/1767 1918/2092/1768
f 1918/2093/1768 1861/2094/1767 1859/2080/1769 1921/2079/1770
f 1921/2079/1770 1859/2080/1769 1857/2077/1754 1924/2078/1753
f 1891/2084/1771 1853/2083/1772 1867/2086/1762 1909/2085/1761
f 1871/2086/1760 1907/2085/1759 1928/2088/1773 1873/2087/1774
f 1873/2087/1774 1928/2088/1773 1931/2090/1775 1875/2089/1776
f 1875/2089/1776 1931/2090/1775 1934/2092/1777 1877/2091/1778
f 1877/2091/1778 1934/2092/1777 1937/2090/1779 1879/2089/1780
f 1879/2089/1780 1937/2090/1779 1940/2088/1781 1881/2087/1782
f 1881/2087/1782 1940/2088/1781 1943/2085/1783 1883/2086/1784
f 1725/2073/1785 1740/2072/1785 1888/2095/1786 1886/2096/1787
f 1901/2082/1756 1855/2081/1755 1851/2083/1788 1897/2084/1789
f 1821/2081/1790 1895/2082/1791 1946/2078/1750 1823/2077/1749
f 2145/2097/1792 2148/2098/1793 2103/2098/1794 2104/2097/1795
f 1825/2080/1752 1949/2079/1751 1952/2093/1796 1827/2094/1797
f 1827/2094/1797 1952/2093/1796 1955/2079/1798 1829/2080/1799
f 1829/2080/1799 1955/2079/1798 1958/2078/1800 1831/2077/1801
f 1831/2077/1801 1958/2078/1800 1961/2082/1802 1833/2081/1803
f 1833/2081/1803 1961/2082/1802 1885/2084/1804 1835/2083/1805
f 1889/2085/1806 1837/2086/1807 1835/2083/1805 1885/2084/1804
f 1883/2086/1784 1943/2085/1783 1897/2084/1789 1851/2083/1788
f 1903/2084/1758 1869/2083/1757 1849/2081/1808 1963/2082/1809
f 1963/2082/1809 1849/2081/1808 1847/2077/1810 1966/2078/1811
f 1966/2078/1811 1847/2077/1810 1845/2080/1812 1969/2079/1813
f 1969/2079/1813 1845/2080/1812 1843/2094/1814 1972/2093/1815
f 1972/2092/1815 1843/2091/1814 1841/2089/1816 1975/2090/1817
f 1975/2090/1817 1841/2089/1816 1839/2087/1818 1978/2088/1819
f 1978/2088/1819 1839/2087/1818 1837/2086/1807 1889/2085/1806
f 1726/2099/1785 1725/2073/1785 1886/2096/1787 1960/2100/1820
f 1742/2101/1785 1741/2069/1785 1892/2102/1821 1910/2103/1822
f 1750/2104/1785 1749/2105/1785 1898/2106/1823 1942/2107/1824
f 1734/2075/1785 1733/2108/1785 1904/2109/1825 1964/2110/1826
f 1732/2068/1785 1731/2111/1785 1945/2112/1827 1894/2113/1828
f 1744/2114/1785 1743/2115/1785 1913/2116/1829 1916/2117/1830
f 1745/2118/1785 1744/2114/1785 1916/2119/1830 1919/2120/1831
f 1746/2121/1785 1745/2118/1785 1919/2120/1831 1922/2122/1832
f 1747/2123/1785 1746/2121/1785 1922/2122/1832 1925/2124/1833
f 1755/2125/1785 1754/2126/1785 1930/2127/1834 1927/2128/1835
f 1733/2108/1785 1756/2129/1785 1906/2130/1836 1904/2109/1825
f 1743/2115/1785 1742/2101/1785 1910/2103/1822 1913/2116/1829
f 1754/2126/1785 1753/2131/1785 1933/2132/1837 1930/2133/1834
f 1753/2131/1785 1752/2134/1785 1936/2135/1838 1933/2132/1837
f 1752/2134/1785 1751/2136/1785 1939/2137/1839 1936/2135/1838
f 1751/2136/1785 1750/2104/1785 1942/2138/1824 1939/2137/1839
f 1731/2111/1785 1730/2139/1785 1948/2140/1840 1945/2112/1827
f 1748/2141/1785 1747/2123/1785 1925/2124/1833 1900/2142/1841
f 1749/2105/1785 1748/2141/1785 1900/2142/1841 1898/2106/1823
f 1730/2139/1785 1729/2143/1785 1951/2144/1842 1948/2140/1840
f 1729/2143/1785 1728/2145/1785 1954/2146/1843 1951/2144/1842
f 1728/2145/1785 1727/2147/1785 1957/2148/1844 1954/2146/1843
f 1727/2147/1785 1726/2099/1785 1960/2149/1820 1957/2148/1844
f 1735/2076/1785 1734/2075/1785 1964/2110/1826 1967/2150/1845
f 1740/2072/1785 1739/2151/1785 1979/2152/1846 1888/2095/1786
f 1756/2129/1785 1755/2125/1785 1927/2128/1835 1906/2153/1836
f 1736/2154/1785 1735/2076/1785 1967/2150/1845 1970/2155/1847
f 1737/2156/1785 1736/2154/1785 1970/2155/1847 1973/2157/1848
f 1738/2158/1785 1737/2156/1785 1973/2157/1848 1976/2159/1849
f 1739/2151/1785 1738/2158/1785 1976/2159/1849 1979/2152/1846
f 1741/2069/1785 1732/2068/1785 1894/2113/1828 1892/2102/1821
f 1753/2131/1850 1754/2126/1851 1772/2126/1851 1773/2131/1850
f 1740/2072/1852 1725/2073/1853 1757/2073/1853 1758/2072/1852
f 1735/2076/1748 1736/2154/1854 1785/2154/1854 1784/2076/1748
f 1752/2134/1855 1753/2131/1850 1773/2131/1850 1774/2134/1855
f 1732/2068/1856 1741/2069/1857 1759/2069/1857 1760/2068/1856
f 1736/2154/1854 1737/2156/1858 1786/2156/1858 1785/2154/1854
f 1751/2136/1859 1752/2134/1855 1774/2134/1855 1775/2136/1859
f 1748/2141/1860 1749/2105/1861 1761/2105/1861 1762/2141/1860
f 1737/2156/1858 1738/2158/1862 1787/2158/1862 1786/2156/1858
f 1750/2104/1863 1751/2136/1859 1775/2136/1859 1776/2104/1863
f 1756/2129/1864 1733/2108/1865 1763/2108/1865 1764/2129/1864
f 1738/2158/1862 1739/2151/1866 1788/2151/1866 1787/2158/1862
f 1749/2105/1861 1750/2104/1863 1776/2104/1863 1761/2105/1861
f 1741/2069/1857 1742/2101/1867 1765/2101/1867 1759/2069/1857
f 1739/2151/1866 1740/2072/1852 1758/2072/1852 1788/2151/1866
f 1731/2111/1868 1732/2068/1856 1760/2068/1856 1777/2111/1868
f 1742/2101/1867 1743/2115/1794 1766/2115/1794 1765/2101/1867
f 1730/2139/1869 1731/2111/1868 1777/2111/1868 1778/2139/1869
f 1743/2115/1794 1744/2114/1795 1767/2114/1795 1766/2115/1794
f 1729/2143/1870 1730/2139/1869 1778/2139/1869 1779/2143/1870
f 1744/2114/1795 1745/2118/1871 1768/2118/1871 1767/2114/1795
f 1728/2145/1872 1729/2143/1870 1779/2143/1870 1780/2145/1872
f 1745/2118/1871 1746/2121/1873 1769/2121/1873 1768/2118/1871
f 1727/2147/1874 1728/2145/1872 1780/2145/1872 1781/2147/1874
f 1746/2121/1873 1747/2123/1875 1770/2123/1875 1769/2121/1873
f 1726/2099/1876 1727/2147/1874 1781/2147/1874 1782/2099/1876
f 1747/2123/1875 1748/2141/1860 1762/2141/1860 1770/2123/1875
f 1725/2073/1853 1726/2099/1876 1782/2099/1876 1757/2073/1853
f 1755/2125/1877 1756/2129/1864 1764/2129/1864 1771/2125/1877
f 1733/2108/1865 1734/2075/1747 1783/2075/1747 1763/2108/1865
f 1754/2126/1851 1755/2125/1877 1771/2125/1877 1772/2126/1851
f 1789/2160/1878 1790/2161/1879 1983/2162/1880 1981/2163/1881
f 1791/2164/1882 1797/2165/1883 1798/2166/1884 1799/2167/1885 1800/2168/1886 1801/2169/1887 1802/2170/1888 1794/2171/1889 1793/2172/1890 1808/2173/1891 1807/2174/1892 1806/2175/1893 1805/2176/1894 1804/2177/1895 1803/2178/1896 1796/2179/1897 1795/2180/1898 1815/2181/1899 1816/2182/1900 1817/2183/1901 1818/2184/1902 1819/2185/1903 1820/2186/1904 1790/2161/1879 1789/2160/1878 1814/2187/1905 1813/2188/1906 1812/2189/1907 1811/2190/1908 1810/2191/1909 1809/2192/1910 1792/2193/1911
f 1814/2187/1905 1789/2160/1878 1981/2163/1881 2031/2194/1912
f 1797/2165/1883 1791/2164/1882 1985/2195/1913 1997/2196/1914
f 1808/2173/1891 1793/2172/1890 1989/2197/1915 2019/2198/1916
f 1815/2181/1899 1795/2180/1898 1993/2199/1917 2033/2200/1918
f 1792/2193/1911 1809/2192/1910 2021/2201/1919 1987/2202/1920
f 1799/2167/1885 1798/2166/1884 1999/2203/1921 2001/2204/1922
f 1800/2168/1886 1799/2167/1885 2001/2205/1922 2003/2206/1923
f 1801/2169/1887 1800/2168/1886 2003/2206/1923 2005/2207/1924
f 1802/2170/1888 1801/2169/1887 2005/2208/1924 2007/2209/1925
f 1803/2178/1896 1804/2177/1895 2011/2210/1926 2009/2211/1927
f 1795/2180/1898 1796/2179/1897 1995/2212/1928 1993/2199/1917
f 1798/2166/1884 1797/2165/1883 1997/2196/1914 1999/2203/1921
f 1804/2177/1895 1805/2176/1894 2013/2213/1929 2011/2210/1926
f 1805/2176/1894 1806/2175/1893 2015/2214/1930 2013/2213/1929
f 1806/2175/1893 1807/2174/1892 2017/2215/1931 2015/2214/1930
f 1807/2174/1892 1808/2173/1891 2019/2216/1916 2017/2215/1931
f 1809/2192/1910 1810/2191/1909 2023/2217/1932 2021/2218/1919
f 1794/2171/1889 1802/2170/1888 2007/2209/1925 1991/2219/1933
f 1793/2172/1890 1794/2171/1889 1991/2219/1933 1989/2197/1915
f 1810/2191/1909 1811/2190/1908 2025/2220/1934 2023/2217/1932
f 1811/2190/1908 1812/2189/1907 2027/2221/1935 2025/2222/1934
f 1812/2189/1907 1813/2188/1906 2029/2223/1936 2027/2221/1935
f 1813/2188/1906 1814/2187/1905 2031/2224/1912 2029/2225/1936
f 1816/2182/1900 1815/2181/1899 2033/2200/1918 2035/2226/1937
f 1790/2161/1879 1820/2186/1904 2043/2227/1938 1983/2228/1880
f 1796/2179/1897 1803/2178/1896 2009/2211/1927 1995/2212/1928
f 1817/2183/1901 1816/2182/1900 2035/2226/1937 2037/2229/1939
f 1818/2184/1902 1817/2183/1901 2037/2230/1939 2039/2231/1940
f 1819/2185/1903 1818/2184/1902 2039/2231/1940 2041/2232/1941
f 1820/2186/1904 1819/2185/1903 2041/2233/1941 2043/2227/1938
f 1791/2164/1882 1792/2193/1911 1987/2234/1920 1985/2195/1913
f 1886/2096/1787 1888/2095/1786 1890/2235/1942 1887/2236/1943
f 1887/2237/1944 1890/2238/1945 1889/2085/1806 1885/2084/1804
f 1892/2102/1821 1894/2113/1828 1896/2239/1946 1893/2240/1947
f 1893/2237/1948 1896/2241/1949 1895/2082/1791 1891/2084/1771
f 2045/2242/1950 2046/2243/1951 1854/2240/1952 1822/2239/1953
f 1822/2244/1954 1854/2245/1955 1853/2083/1772 1821/2081/1790
f 2047/2246/1956 2048/2138/1957 1884/2247/1958 1852/2248/1959
f 1852/2245/1960 1884/2249/1961 1883/2086/1784 1851/2083/1788
f 1898/2106/1823 1900/2142/1841 1902/2250/1962 1899/2251/1963
f 1899/2237/1964 1902/2241/1965 1901/2082/1756 1897/2084/1789
f 1904/2109/1825 1906/2130/1836 1908/2252/1966 1905/2253/1967
f 1905/2237/1968 1908/2238/1969 1907/2085/1759 1903/2084/1758
f 2049/2254/1970 2050/2255/1971 1850/2256/1972 1870/2257/1973
f 1870/2245/1974 1850/2244/1975 1849/2081/1808 1869/2083/1757
f 2051/2258/1976 2052/2259/1977 1834/2260/1978 1836/2261/1979
f 1836/2245/1980 1834/2244/1981 1833/2081/1803 1835/2083/1805
f 1910/2103/1822 1892/2102/1821 1893/2262/1947 1911/2263/1982
f 1911/2238/1983 1893/2237/1948 1891/2084/1771 1909/2085/1761
f 2046/2243/1951 2053/2264/1984 1868/2265/1985 1854/2262/1952
f 1854/2245/1955 1868/2249/1986 1867/2086/1762 1853/2083/1772
f 1913/2116/1829 1910/2103/1822 1911/2266/1982 1914/2267/1987
f 1914/2268/1988 1911/2269/1983 1909/2085/1761 1912/2088/1764
f 2053/2264/1984 2054/2270/1989 1866/2271/1990 1868/2272/1985
f 1868/2273/1986 1866/2274/1991 1865/2087/1763 1867/2086/1762
f 1916/2117/1830 1913/2116/1829 1914/2275/1987 1917/2276/1992
f 1917/2277/1993 1914/2268/1988 1912/2088/1764 1915/2090/1766
f 2054/2270/1989 2055/2278/1994 1864/2279/1995 1866/2280/1990
f 1866/2274/1991 1864/2281/1996 1863/2089/1765 1865/2087/1763
f 1919/2120/1831 1916/2119/1830 1917/2282/1992 1920/2283/1997
f 1920/2284/1998 1917/2277/1993 1915/2090/1766 1918/2092/1768
f 2055/2278/1994 2056/2285/1999 1862/2286/2000 1864/2282/1995
f 1864/2281/1996 1862/2287/2001 1861/2091/1767 1863/2089/1765
f 1922/2122/1832 1919/2120/1831 1920/2288/1997 1923/2289/2002
f 1923/2290/2003 1920/2291/1998 1918/2093/1768 1921/2079/1770
f 2056/2285/1999 2057/2292/2004 1860/2293/2005 1862/2294/2000
f 1862/2295/2001 1860/2296/2006 1859/2080/1769 1861/2094/1767
f 1925/2124/1833 1922/2122/1832 1923/2297/2002 1926/2298/2007
f 1926/2299/2008 1923/2290/2003 1921/2079/1770 1924/2078/1753
f 2057/2292/2004 2058/2300/2009 1858/2301/2010 1860/2297/2005
f 1860/2296/2006 1858/2302/2011 1857/2077/1754 1859/2080/1769
f 1900/2142/1841 1925/2124/1833 1926/2303/2007 1902/2304/1962
f 1902/2241/1965 1926/2299/2008 1924/2078/1753 1901/2082/1756
f 2058/2300/2009 2059/2305/2012 1856/2306/2013 1858/2303/2010
f 1858/2302/2011 1856/2244/2014 1855/2081/1755 1857/2077/1754
f 2059/2305/2012 2047/2246/1956 1852/2251/1959 1856/2307/2013
f 1856/2244/2014 1852/2245/1960 1851/2083/1788 1855/2081/1755
f 2060/2308/2015 2049/2254/1970 1870/2253/1973 1872/2252/2016
f 1872/2249/2017 1870/2245/1974 1869/2083/1757 1871/2086/1760
f 2061/2309/2018 2060/2308/2015 1872/2310/2016 1874/2311/2019
f 1874/2274/2020 1872/2273/2017 1871/2086/1760 1873/2087/1774
f 1906/2153/1836 1927/2128/1835 1929/2312/2021 1908/2310/1966
f 1908/2269/1969 1929/2268/2022 1928/2088/1773 1907/2085/1759
f 2062/2313/2023 2061/2309/2018 1874/2314/2019 1876/2315/2024
f 1876/2281/2025 1874/2274/2020 1873/2087/1774 1875/2089/1776
f 1927/2128/1835 1930/2127/1834 1932/2315/2026 1929/2316/2021
f 1929/2268/2022 1932/2277/2027 1931/2090/1775 1928/2088/1773
f 2063/2317/2028 2062/2313/2023 1876/2318/2024 1878/2319/2029
f 1878/2287/2030 1876/2281/2025 1875/2089/1776 1877/2091/1778
f 1930/2133/1834 1933/2132/1837 1935/2320/2031 1932/2321/2026
f 1932/2277/2027 1935/2284/2032 1934/2092/1777 1931/2090/1775
f 2064/2135/2033 2063/2317/2028 1878/2322/2029 1880/2323/2034
f 1880/2281/2035 1878/2287/2030 1877/2091/1778 1879/2089/1780
f 1933/2132/1837 1936/2135/1838 1938/2324/2036 1935/2325/2031
f 1935/2284/2032 1938/2277/2037 1937/2090/1779 1934/2092/1777
f 2065/2326/2038 2064/2135/2033 1880/2327/2034 1882/2328/2039
f 1882/2274/2040 1880/2281/2035 1879/2089/1780 1881/2087/1782
f 1936/2135/1838 1939/2137/1839 1941/2329/2041 1938/2327/2036
f 1938/2277/2037 1941/2268/2042 1940/2088/1781 1937/2090/1779
f 2048/2138/1957 2065/2326/2038 1882/2330/2039 1884/2331/1958
f 1884/2273/1961 1882/2274/2040 1881/2087/1782 1883/2086/1784
f 1939/2137/1839 1942/2138/1824 1944/2332/2043 1941/2333/2041
f 1941/2268/2042 1944/2269/2044 1943/2085/1783 1940/2088/1781
f 1942/2107/1824 1898/2106/1823 1899/2248/1963 1944/2334/2043
f 1944/2238/2044 1899/2237/1964 1897/2084/1789 1943/2085/1783
f 2066/2335/2045 2045/2242/1950 1822/2336/1953 1824/2337/2046
f 1824/2302/2047 1822/2244/1954 1821/2081/1790 1823/2077/1749
f 1894/2113/1828 1945/2112/1827 1947/2337/2048 1896/2336/1946
f 1896/2241/1949 1947/2299/2049 1946/2078/1750 1895/2082/1791
f 2067/2338/2050 2066/2335/2045 1824/2339/2046 1826/2340/2051
f 1826/2296/2052 1824/2302/2047 1823/2077/1749 1825/2080/1752
f 1945/2112/1827 1948/2140/1840 1950/2340/2053 1947/2339/2048
f 1947/2299/2049 1950/2290/2054 1949/2079/1751 1946/2078/1750
f 2068/2341/2055 2067/2338/2050 1826/2342/2051 1828/2343/2056
f 1828/2295/2057 1826/2296/2052 1825/2080/1752 1827/2094/1797
f 1948/2140/1840 1951/2144/1842 1953/2344/2058 1950/2342/2053
f 1950/2290/2054 1953/2291/2059 1952/2093/1796 1949/2079/1751
f 2069/2345/2060 2068/2341/2055 1828/2346/2056 1830/2347/2061
f 1830/2296/2062 1828/2295/2057 1827/2094/1797 1829/2080/1799
f 1951/2144/1842 1954/2146/1843 1956/2348/2063 1953/2349/2058
f 1953/2291/2059 1956/2290/2064 1955/2079/1798 1952/2093/1796
f 2070/2350/2065 2069/2345/2060 1830/2351/2061 1832/2352/2066
f 1832/2302/2067 1830/2296/2062 1829/2080/1799 1831/2077/1801
f 1954/2146/1843 1957/2148/1844 1959/2353/2068 1956/2351/2063
f 1956/2290/2064 1959/2299/2069 1958/2078/1800 1955/2079/1798
f 2052/2259/1977 2070/2350/2065 1832/2354/2066 1834/2355/1978
f 1834/2244/1981 1832/2302/2067 1831/2077/1801 1833/2081/1803
f 1957/2148/1844 1960/2149/1820 1962/2356/2070 1959/2354/2068
f 1959/2299/2069 1962/2241/2071 1961/2082/1802 1958/2078/1800
f 1960/2100/1820 1886/2096/1787 1887/2261/1943 1962/2357/2070
f 1962/2241/2071 1887/2237/1944 1885/2084/1804 1961/2082/1802
f 1964/2110/1826 1904/2109/1825 1905/2257/1967 1965/2358/2072
f 1965/2241/2073 1905/2237/1968 1903/2084/1758 1963/2082/1809
f 1967/2150/1845 1964/2110/1826 1965/2359/2072 1968/2360/2074
f 1968/2299/2075 1965/2241/2073 1963/2082/1809 1966/2078/1811
f 2050/2255/1971 2071/2361/2076 1848/2362/2077 1850/2363/1972
f 1850/2244/1975 1848/2302/2078 1847/2077/1810 1849/2081/1808
f 1970/2155/1847 1967/2150/1845 1968/2364/2074 1971/2365/2079
f 1971/2290/2080 1968/2299/2075 1966/2078/1811 1969/2079/1813
f 2071/2361/2076 2072/2366/2081 1846/2365/2082 1848/2367/2077
f 1848/2302/2078 1846/2296/2083 1845/2080/1812 1847/2077/1810
f 1973/2157/1848 1970/2155/1847 1971/2368/2079 1974/2369/2084
f 1974/2291/2085 1971/2290/2080 1969/2079/1813 1972/2093/1815
f 2072/2366/2081 2073/2370/2086 1844/2371/2087 1846/2372/2082
f 1846/2296/2083 1844/2295/2088 1843/2094/1814 1845/2080/1812
f 1976/2159/1849 1973/2157/1848 1974/2373/2084 1977/2374/2089
f 1977/2277/2090 1974/2284/2085 1972/2092/1815 1975/2090/1817
f 2073/2370/2086 2074/2375/2091 1842/2376/2092 1844/2377/2087
f 1844/2287/2088 1842/2281/2093 1841/2089/1816 1843/2091/1814
f 1979/2152/1846 1976/2159/1849 1977/2378/2089 1980/2379/2094
f 1980/2268/2095 1977/2277/2090 1975/2090/1817 1978/2088/1819
f 2074/2375/2091 2075/2380/2096 1840/2381/2097 1842/2378/2092
f 1842/2281/2093 1840/2274/2098 1839/2087/1818 1841/2089/1816
f 1888/2095/1786 1979/2152/1846 1980/2382/2094 1890/2383/1942
f 1890/2269/1945 1980/2268/2095 1978/2088/1819 1889/2085/1806
f 2075/2380/2096 2076/2384/2099 1838/2385/2100 1840/2386/2097
f 1840/2274/2098 1838/2273/2101 1837/2086/1807 1839/2087/1818
f 2076/2384/2099 2051/2258/1976 1836/2236/1979 1838/2387/2100
f 1838/2249/2101 1836/2245/1980 1835/2083/1805 1837/2086/1807
f 1992/2388/2102 1762/2141/2102 1761/2105/2103 1990/2389/2103
f 1986/2070/1744 1759/2069/1744 1765/2101/2104 1998/2390/2104
f 1998/2390/2104 1765/2101/2104 1766/2115/2105 2000/2391/2105
f 2010/2392/2106 1771/2125/2106 1764/2129/2107 1996/2393/2107
f 1994/2394/2108 1996/2393/2107 1764/2129/2107 1763/2108/2108
f 2002/2395/2109 1767/2114/2109 1768/2118/2110 2004/2396/2110
f 2000/2391/2105 1766/2115/2105 1767/2114/2109 2002/2395/2109
f 2008/2397/2111 1770/2123/2111 1762/2141/2102 1992/2388/2102
f 2004/2396/2110 1768/2118/2110 1769/2121/2112 2006/2398/2112
f 2006/2398/2112 1769/2121/2112 1770/2123/2111 2008/2397/2111
f 2014/2399/2113 1773/2131/2113 1772/2126/2114 2012/2400/2114
f 2012/2400/2114 1772/2126/2114 1771/2125/2106 2010/2392/2106
f 2020/2401/2115 1776/2104/2115 1775/2136/2116 2018/2402/2116
f 2018/2402/2116 1775/2136/2116 1774/2134/2117 2016/2403/2117
f 2016/2403/2117 1774/2134/2117 1773/2131/2113 2014/2399/2113
f 2032/2404/2118 1782/2099/2118 1781/2147/2119 2030/2405/2119
f 1990/2389/2103 1761/2105/2103 1776/2104/2115 2020/2401/2115
f 2024/2406/2120 1778/2139/2120 1777/2111/2121 2022/2407/2121
f 2022/2407/2121 1777/2111/2121 1760/2068/1743 1988/2067/1743
f 2026/2408/2122 1779/2143/2122 1778/2139/2120 2024/2406/2120
f 2036/2409/2123 1784/2076/2123 1785/2154/2124 2038/2410/2124
f 2028/2411/2125 1780/2145/2125 1779/2143/2122 2026/2408/2122
f 2030/2405/2119 1781/2147/2119 1780/2145/2125 2028/2411/2125
f 1982/2074/1746 1757/2073/1746 1782/2099/2118 2032/2404/2118
f 1994/2394/2108 1763/2108/2108 1783/2075/2126 2034/2412/2126
f 2034/2412/2126 1783/2075/2126 1784/2076/2123 2036/2409/2123
f 2044/2413/2127 1788/2151/2127 1758/2072/1745 1984/2071/1745
f 2038/2410/2124 1785/2154/2124 1786/2156/2128 2040/2414/2128
f 2040/2414/2128 1786/2156/2128 1787/2158/2129 2042/2415/2129
f 2042/2415/2129 1787/2158/2129 1788/2151/2127 2044/2413/2127
f 1981/2163/1881 1983/2162/1880 1984/2071/2130 1982/2074/2131
f 1985/2195/1913 1987/2234/1920 1988/2067/2132 1986/2070/2133
f 1989/2197/1915 1991/2219/1933 1992/2388/2134 1990/2389/2135
f 1993/2199/1917 1995/2212/1928 1996/2393/2136 1994/2394/2137
f 1997/2196/1914 1985/2195/1913 1986/2070/2133 1998/2390/2138
f 1999/2203/1921 1997/2196/1914 1998/2390/2138 2000/2391/2139
f 2001/2204/1922 1999/2203/1921 2000/2391/2139 2002/2395/2140
f 2003/2206/1923 2001/2205/1922 2002/2395/2140 2004/2396/2141
f 2005/2207/1924 2003/2206/1923 2004/2396/2141 2006/2398/2142
f 2007/2209/1925 2005/2208/1924 2006/2398/2142 2008/2397/2143
f 1991/2219/1933 2007/2209/1925 2008/2397/2143 1992/2388/2134
f 1995/2212/1928 2009/2211/1927 2010/2392/2144 1996/2393/2136
f 2009/2211/1927 2011/2210/1926 2012/2400/2145 2010/2392/2144
f 2011/2210/1926 2013/2213/1929 2014/2399/2146 2012/2400/2145
f 2013/2213/1929 2015/2214/1930 2016/2403/2147 2014/2399/2146
f 2015/2214/1930 2017/2215/1931 2018/2402/2148 2016/2403/2147
f 2017/2215/1931 2019/2216/1916 2020/2401/2149 2018/2402/2148
f 2019/2198/1916 1989/2197/1915 1990/2389/2135 2020/2401/2149
f 1987/2202/1920 2021/2201/1919 2022/2407/2150 1988/2067/2132
f 2021/2218/1919 2023/2217/1932 2024/2406/2151 2022/2407/2150
f 2023/2217/1932 2025/2220/1934 2026/2408/2152 2024/2406/2151
f 2025/2222/1934 2027/2221/1935 2028/2411/2153 2026/2408/2152
f 2027/2221/1935 2029/2223/1936 2030/2405/2154 2028/2411/2153
f 2029/2225/1936 2031/2224/1912 2032/2404/2155 2030/2405/2154
f 2031/2194/1912 1981/2163/1881 1982/2074/2131 2032/2404/2155
f 2033/2200/1918 1993/2199/1917 1994/2394/2137 2034/2412/2156
f 2035/2226/1937 2033/2200/1918 2034/2412/2156 2036/2409/2157
f 2037/2229/1939 2035/2226/1937 2036/2409/2157 2038/2410/2158
f 2039/2231/1940 2037/2230/1939 2038/2410/2158 2040/2414/2159
f 2041/2232/1941 2039/2231/1940 2040/2414/2159 2042/2415/2160
f 2043/2227/1938 2041/2233/1941 2042/2415/2160 2044/2413/2161
f 1983/2228/1880 2043/2227/1938 2044/2413/2161 1984/2071/2130
f 1853/2083/1772 1891/2084/1771 1895/2082/1791 1821/2081/1790
f 2110/2416/2162 2113/2417/2163 2098/2417/1877 2077/2416/1864
f 2155/2418/2164 2160/2419/2165 2091/2420/1852 2079/2418/1853
f 2202/2421/2166 2155/2418/2164 2079/2418/1853 2080/2421/1876
f 2131/2422/2167 2133/2423/2168 2108/2423/1860 2083/2422/1861
f 2160/2420/2165 2163/2424/2169 2090/2424/1866 2091/2420/1852
f 2182/2425/2170 2185/2426/2171 2092/2426/1856 2081/2425/1857
f 2175/2427/2172 2178/2428/2173 2085/2428/1747 2086/2427/1748
f 2172/2429/2174 2175/2430/2172 2086/2427/1748 2087/2429/1854
f 2169/2431/2175 2172/2429/2174 2087/2429/1854 2088/2431/1858
f 2166/2432/2176 2169/2431/2175 2088/2431/1858 2089/2432/1862
f 2163/2424/2169 2166/2432/2176 2089/2432/1862 2090/2424/1866
f 2178/2428/2173 2157/2433/2177 2078/2433/1865 2085/2428/1747
f 2185/2434/2171 2188/2435/2178 2093/2435/1868 2092/2426/1856
f 2188/2436/2178 2191/2437/2179 2094/2438/1869 2093/2435/1868
f 2191/2438/2179 2194/2439/2180 2095/2440/1870 2094/2438/1869
f 2194/2440/2180 2197/2441/2181 2096/2441/1872 2095/2440/1870
f 2197/2441/2181 2200/2442/2182 2097/2443/1874 2096/2441/1872
f 2200/2443/2182 2202/2444/2166 2080/2421/1876 2097/2443/1874
f 2113/2417/2163 2116/2445/2183 2099/2446/1851 2098/2417/1877
f 2116/2446/2183 2119/2447/2184 2100/2447/1850 2099/2446/1851
f 2119/2447/2184 2122/2448/2185 2101/2448/1855 2100/2447/1850
f 2122/2448/2185 2125/2449/2186 2102/2449/1859 2101/2448/1855
f 2125/2449/2186 2127/2450/2187 2084/2450/1863 2102/2449/1859
f 2127/2450/2187 2131/2422/2167 2083/2422/1861 2084/2450/1863
f 2151/2451/2188 2182/2425/2170 2081/2425/1857 2082/2451/1867
f 2148/2098/1793 2151/2451/2188 2082/2451/1867 2103/2098/1794
f 2142/2452/2189 2145/2097/1792 2104/2097/1795 2105/2452/1871
f 2146/2453/2190 2143/2454/2191 2073/2370/2086 2072/2366/2081
f 2139/2455/2192 2142/2452/2189 2105/2452/1871 2106/2455/1873
f 2136/2456/2193 2139/2455/2192 2106/2455/1873 2107/2456/1875
f 2133/2423/2168 2136/2457/2193 2107/2456/1875 2108/2423/1860
f 2078/2433/2194 2077/2416/2194 2098/2417/2194 2099/2446/2194 2100/2447/2194 2101/2448/2194 2102/2449/2194 2084/2450/2194 2083/2422/2194 2108/2423/2194 2107/2456/2194 2106/2455/2194 2105/2452/2194 2104/2097/2194 2103/2098/2194 2082/2451/2194 2081/2425/2194 2092/2426/2194 2093/2435/2194 2094/2438/2194 2095/2440/2194 2096/2441/2194 2097/2443/2194 2080/2421/2194 2079/2418/2194 2091/2420/2194 2090/2424/2194 2089/2432/2194 2088/2431/2194 2087/2429/2194 2086/2427/2194 2085/2428/2194
f 2190/2458/2195 2187/2459/2196 2061/2309/2018 2062/2313/2023
f 2154/2460/2197 2203/2461/2198 2048/2138/1957 2047/2246/1956
f 2143/2454/2191 2140/2462/2199 2074/2375/2091 2073/2370/2086
f 2193/2463/2200 2190/2458/2195 2062/2313/2023 2063/2317/2028
f 2181/2464/2201 2152/2465/2202 2050/2255/1971 2049/2254/1970
f 2140/2462/2199 2137/2466/2203 2075/2380/2096 2074/2375/2091
f 2196/2467/2204 2193/2468/2200 2063/2317/2028 2064/2135/2033
f 2130/2469/2205 2128/2470/2206 2052/2259/1977 2051/2258/1976
f 2137/2471/2203 2134/2472/2207 2076/2384/2099 2075/2380/2096
f 2199/2473/2208 2196/2467/2204 2064/2135/2033 2065/2326/2038
f 2158/2474/2209 2179/2475/2210 2053/2264/1984 2046/2243/1951
f 2134/2476/2207 2130/2469/2205 2051/2258/1976 2076/2384/2099
f 2203/2461/2198 2199/2473/2208 2065/2326/2038 2048/2138/1957
f 2179/2475/2210 2176/2477/2211 2054/2270/1989 2053/2264/1984
f 2112/2478/2212 2109/2479/2213 2045/2242/1950 2066/2335/2045
f 2176/2480/2211 2173/2481/2214 2055/2278/1994 2054/2270/1989
f 2115/2482/2215 2112/2483/2212 2066/2335/2045 2067/2338/2050
f 2173/2481/2214 2170/2484/2216 2056/2285/1999 2055/2278/1994
f 2118/2485/2217 2115/2482/2215 2067/2338/2050 2068/2341/2055
f 2170/2484/2216 2167/2486/2218 2057/2292/2004 2056/2285/1999
f 2121/2487/2219 2118/2485/2217 2068/2341/2055 2069/2345/2060
f 2167/2486/2218 2164/2488/2220 2058/2300/2009 2057/2292/2004
f 2124/2489/2221 2121/2490/2219 2069/2345/2060 2070/2350/2065
f 2164/2491/2220 2161/2492/2222 2059/2305/2012 2058/2300/2009
f 2128/2493/2206 2124/2489/2221 2070/2350/2065 2052/2259/1977
f 2161/2492/2222 2154/2460/2197 2047/2246/1956 2059/2305/2012
f 2152/2465/2202 2149/2494/2223 2071/2361/2076 2050/2255/1971
f 2184/2495/2224 2181/2464/2201 2049/2254/1970 2060/2308/2015
f 2149/2494/2223 2146/2496/2190 2072/2366/2081 2071/2361/2076
f 2187/2459/2196 2184/2495/2224 2060/2308/2015 2061/2309/2018
f 2109/2479/2213 2158/2474/2209 2046/2243/1951 2045/2242/1950
f 2110/2416/2162 2157/2433/2177 2159/2433/1974 2111/2416/2017
f 2111/2416/2016 2159/2433/1973 2158/2474/2209 2109/2479/2213
f 2155/2418/2164 2202/2421/2166 2204/2421/1981 2156/2418/1980
f 2156/2418/1979 2204/2421/1978 2203/2461/2198 2154/2460/2197
f 2182/2425/2170 2151/2451/2188 2153/2451/1986 2183/2425/1955
f 2183/2425/1952 2153/2451/1985 2152/2465/2202 2181/2464/2201
f 2131/2422/2167 2127/2450/2187 2129/2450/1961 2132/2422/1960
f 2132/2422/1959 2129/2450/1958 2128/2470/2206 2130/2469/2205
f 2157/2433/2177 2178/2428/2173 2180/2428/1975 2159/2433/1974
f 2159/2433/1973 2180/2428/1972 2179/2475/2210 2158/2474/2209
f 2178/2428/2173 2175/2427/2172 2177/2427/2078 2180/2428/1975
f 2180/2428/1972 2177/2427/2077 2176/2477/2211 2179/2475/2210
f 2175/2430/2172 2172/2429/2174 2174/2429/2083 2177/2427/2078
f 2177/2427/2077 2174/2429/2082 2173/2481/2214 2176/2480/2211
f 2172/2429/2174 2169/2431/2175 2171/2431/2088 2174/2429/2083
f 2174/2429/2082 2171/2431/2087 2170/2484/2216 2173/2481/2214
f 2169/2431/2175 2166/2432/2176 2168/2432/2093 2171/2431/2088
f 2171/2431/2087 2168/2432/2092 2167/2486/2218 2170/2484/2216
f 2166/2432/2176 2163/2424/2169 2165/2424/2225 2168/2432/2093
f 2168/2432/2092 2165/2424/2097 2164/2488/2220 2167/2486/2218
f 2163/2424/2169 2160/2420/2165 2162/2420/2101 2165/2424/2225
f 2165/2424/2097 2162/2420/2100 2161/2492/2222 2164/2491/2220
f 2160/2419/2165 2155/2418/2164 2156/2418/1980 2162/2420/2101
f 2162/2420/2100 2156/2418/1979 2154/2460/2197 2161/2492/2222
f 2185/2426/2171 2182/2425/2170 2183/2425/1955 2186/2426/1954
f 2186/2426/1953 2183/2425/1952 2181/2464/2201 2184/2495/2224
f 2188/2435/2178 2185/2434/2171 2186/2426/1954 2189/2435/2047
f 2189/2435/2046 2186/2426/1953 2184/2495/2224 2187/2459/2196
f 2191/2437/2179 2188/2436/2178 2189/2435/2047 2192/2438/2052
f 2192/2438/2051 2189/2435/2046 2187/2459/2196 2190/2458/2195
f 2194/2439/2180 2191/2438/2179 2192/2438/2052 2195/2440/2057
f 2195/2440/2056 2192/2438/2051 2190/2458/2195 2193/2463/2200
f 2197/2441/2181 2194/2440/2180 2195/2440/2057 2198/2441/2062
f 2198/2441/2061 2195/2440/2056 2193/2468/2200 2196/2467/2204
f 2200/2442/2182 2197/2441/2181 2198/2441/2062 2201/2443/2067
f 2201/2443/2066 2198/2441/2061 2196/2467/2204 2199/2473/2208
f 2202/2444/2166 2200/2443/2182 2201/2443/2067 2204/2421/1981
f 2204/2421/1978 2201/2443/2066 2199/2473/2208 2203/2461/2198
f 2113/2417/2163 2110/2416/2162 2111/2416/2017 2114/2417/2020
f 2114/2417/2019 2111/2416/2016 2109/2479/2213 2112/2478/2212
f 2116/2445/2183 2113/2417/2163 2114/2417/2020 2117/2446/2025
f 2117/2446/2024 2114/2417/2019 2112/2483/2212 2115/2482/2215
f 2119/2447/2184 2116/2446/2183 2117/2446/2025 2120/2447/2030
f 2120/2447/2029 2117/2446/2024 2115/2482/2215 2118/2485/2217
f 2122/2448/2185 2119/2447/2184 2120/2447/2030 2123/2448/2035
f 2123/2448/2034 2120/2447/2029 2118/2485/2217 2121/2487/2219
f 2125/2449/2186 2122/2448/2185 2123/2448/2035 2126/2449/2226
f 2126/2449/2039 2123/2448/2034 2121/2490/2219 2124/2489/2221
f 2127/2450/2187 2125/2449/2186 2126/2449/2226 2129/2450/1961
f 2129/2450/1958 2126/2449/2039 2124/2489/2221 2128/2493/2206
f 2151/2451/2188 2148/2098/1793 2150/2098/1991 2153/2451/1986
f 2153/2451/1985 2150/2098/1990 2149/2494/2223 2152/2465/2202
f 2148/2098/1793 2145/2097/1792 2147/2097/1996 2150/2098/1991
f 2150/2098/1990 2147/2097/1995 2146/2496/2190 2149/2494/2223
f 2145/2097/1792 2142/2452/2189 2144/2452/2001 2147/2097/1996
f 2147/2097/1995 2144/2452/2000 2143/2454/2191 2146/2453/2190
f 2142/2452/2189 2139/2455/2192 2141/2455/2006 2144/2452/2001
f 2144/2452/2000 2141/2455/2005 2140/2462/2199 2143/2454/2191
f 2139/2455/2192 2136/2456/2193 2138/2456/2227 2141/2455/2006
f 2141/2455/2005 2138/2456/2010 2137/2466/2203 2140/2462/2199
f 2136/2457/2193 2133/2423/2168 2135/2423/2014 2138/2456/2227
f 2138/2456/2010 2135/2423/2013 2134/2472/2207 2137/2471/2203
f 2133/2423/2168 2131/2422/2167 2132/2422/1960 2135/2423/2014
f 2135/2423/2013 2132/2422/1959 2130/2469/2205 2134/2476/2207
f 2157/2433/2177 2110/2416/2162 2077/2416/1864 2078/2433/1865
o van_3_wheel_rr
v -0.182535 0.000000 -0.319351
v -0.182535 -0.061671 -0.313276
v -0.182535 -0.120973 -0.295288
v -0.182535 -0.175625 -0.266075
v -0.182535 -0.223528 -0.226762
v -0.182535 -0.262842 -0.178859
v -0.182535 -0.292054 -0.124206
v -0.182535 -0.310043 -0.064905
v -0.182535 0.316117 -0.003234
v -0.182535 0.310043 -0.064905
v -0.182535 0.292054 -0.124206
v -0.182535 0.262842 -0.178859
v -0.182535 0.223528 -0.226762
v -0.182535 0.175625 -0.266075
v -0.182535 0.120973 -0.295288
v -0.182535 0.061671 -0.313276
v -0.182535 -0.316117 -0.003234
v -0.182535 -0.310043 0.058438
v -0.182535 -0.292054 0.117739
v -0.182535 -0.262842 0.172392
v -0.182535 -0.223528 0.220295
v -0.182535 -0.175625 0.259608
v -0.182535 -0.120973 0.288820
v -0.182535 -0.061671 0.306809
v -0.182534 0.000000 0.312883
v -0.182535 0.061671 0.306809
v -0.182535 0.120973 0.288820
v -0.182535 0.175625 0.259608
v -0.182535 0.223528 0.220295
v -0.182535 0.262842 0.172392
v -0.182535 0.292054 0.117739
v -0.182535 0.310043 0.058438
v -0.192535 0.000000 -0.319351
v -0.192535 0.061671 -0.313276
v -0.192535 -0.316117 -0.003234
v -0.192535 -0.310043 -0.064905
v -0.192535 0.000000 0.312883
v -0.192535 -0.061671 0.306809
v -0.192535 0.316117 -0.003234
v -0.192535 0.310043 0.058438
v -0.192535 -0.310043 0.058438
v -0.192535 -0.292054 0.117739
v -0.192535 -0.262842 0.172392
v -0.192535 -0.223528 0.220295
v -0.192535 -0.175625 0.259608
v -0.192535 -0.120973 0.288820
v -0.192535 0.292054 0.117739
v -0.192535 0.262842 0.172392
v -0.192535 0.223528 0.220295
v -0.192535 0.175625 0.259608
v -0.192535 0.120973 0.288820
v -0.192535 0.061671 0.306809
v -0.192535 -0.292054 -0.124206
v -0.192535 -0.262842 -0.178859
v -0.192535 -0.223528 -0.226762
v -0.192535 -0.175625 -0.266075
v -0.192535 -0.120973 -0.295288
v -0.192535 -0.061671 -0.313276
v -0.192535 0.310043 -0.064905
v -0.192535 0.292054 -0.124206
v -0.192535 0.262842 -0.178859
v -0.192535 0.223528 -0.226762
v -0.192535 0.175625 -0.266075
v -0.192535 0.120973 -0.295288
v -0.201647 0.000000 -0.183691
v -0.201647 0.035205 -0.180223
v -0.201647 -0.180457 -0.003234
v -0.201647 -0.176989 -0.038439
v -0.201647 -0.000000 0.177223
v -0.201647 -0.035205 0.173756
v -0.201647 0.180457 -0.003234
v -0.201647 0.176989 0.031972
v -0.201647 -0.176989 0.031972
v -0.201647 -0.166720 0.065824
v -0.201647 -0.150044 0.097023
v -0.201647 -0.127602 0.124369
v -0.201647 -0.100256 0.146811
v -0.201647 -0.069058 0.163487
v -0.201647 0.166720 0.065824
v -0.201647 0.150044 0.097023
v -0.201647 0.127602 0.124369
v -0.201647 0.100256 0.146811
v -0.201647 0.069058 0.163487
v -0.201647 0.035205 0.173756
v -0.201647 -0.166720 -0.072291
v -0.201647 -0.150044 -0.103490
v -0.201647 -0.127602 -0.130836
v -0.201647 -0.100256 -0.153278
v -0.201647 -0.069058 -0.169954
v -0.201647 -0.035205 -0.180223
v -0.201647 0.176989 -0.038439
v -0.201647 0.166720 -0.072292
v -0.201647 0.150044 -0.103490
v -0.201647 0.127602 -0.130836
v -0.201647 0.100256 -0.153278
v -0.201647 0.069058 -0.169954
v 0.171553 -0.443839 -0.091519
v 0.186388 -0.437782 -0.090314
v 0.171553 -0.418087 -0.176411
v 0.186388 -0.412382 -0.174048
v 0.171553 -0.376268 -0.254648
v 0.186388 -0.371134 -0.251218
v 0.171553 -0.319990 -0.323223
v 0.186388 -0.315624 -0.318857
v 0.171553 -0.251414 -0.379502
v 0.186388 -0.247984 -0.374368
v 0.171553 -0.173177 -0.421321
v 0.186388 -0.170814 -0.415616
v 0.171553 -0.088285 -0.447073
v 0.186388 -0.087080 -0.441016
v 0.171553 -0.000000 -0.455768
v 0.186388 0.000000 -0.449593
v 0.171553 0.088285 -0.447073
v 0.186388 0.087080 -0.441016
v 0.171553 0.173177 -0.421320
v 0.186388 0.170814 -0.415616
v 0.171553 0.251414 -0.379502
v 0.186388 0.247984 -0.374368
v 0.171553 0.319990 -0.323224
v 0.186388 0.315624 -0.318857
v 0.171553 0.376268 -0.254648
v 0.186388 0.371134 -0.251218
v 0.171553 0.418087 -0.176411
v 0.186388 0.412382 -0.174048
v 0.171553 0.443839 -0.091519
v 0.186388 0.437782 -0.090314
v 0.171553 -0.000000 0.449300
v 0.186388 -0.000000 0.443126
v 0.171553 -0.452534 -0.003234
v 0.186388 -0.446359 -0.003234
v 0.171553 -0.088285 0.440605
v 0.186388 -0.087080 0.434549
v 0.171553 -0.173177 0.414853
v 0.186388 -0.170814 0.409148
v 0.171553 -0.251414 0.373035
v 0.186388 -0.247984 0.367900
v 0.171553 -0.319990 0.316756
v 0.186388 -0.315624 0.312390
v 0.171553 -0.376268 0.248181
v 0.186388 -0.371134 0.244750
v 0.171553 -0.418087 0.169944
v 0.186388 -0.412382 0.167581
v 0.171553 -0.443839 0.085051
v 0.186388 -0.437782 0.083847
v 0.171553 0.452534 -0.003234
v 0.186388 0.446359 -0.003234
v 0.171553 0.443839 0.085051
v 0.186388 0.437782 0.083847
v 0.171553 0.418087 0.169944
v 0.186388 0.412382 0.167581
v 0.171553 0.376268 0.248181
v 0.186388 0.371134 0.244750
v 0.171553 0.319990 0.316756
v 0.186388 0.315624 0.312390
v 0.171553 0.251414 0.373035
v 0.186388 0.247984 0.367900
v 0.171553 0.173177 0.414853
v 0.186388 0.170814 0.409148
v 0.171553 0.088285 0.440605
v 0.186388 0.087080 0.434549
v -0.161554 -0.000000 -0.455768
v -0.182535 0.000000 -0.434686
v -0.176390 0.000000 -0.449593
v -0.182535 0.084172 -0.426396
v -0.161554 0.088285 -0.447073
v -0.176390 0.087080 -0.441016
v -0.161554 -0.452534 -0.003234
v -0.182535 -0.431452 -0.003234
v -0.176389 -0.446359 -0.003234
v -0.182535 -0.423162 -0.087406
v -0.161554 -0.443839 -0.091519
v -0.176389 -0.437783 -0.090314
v -0.161554 -0.000000 0.449300
v -0.182534 0.000000 0.428218
v -0.176389 -0.000000 0.443126
v -0.182534 -0.084172 0.419928
v -0.161554 -0.088285 0.440605
v -0.176389 -0.087080 0.434549
v -0.161554 0.452534 -0.003234
v -0.182535 0.431452 -0.003234
v -0.176389 0.446359 -0.003234
v -0.182535 0.423162 0.080938
v -0.161554 0.443839 0.085051
v -0.176389 0.437783 0.083847
v -0.161554 -0.443839 0.085051
v -0.182535 -0.423162 0.080938
v -0.176389 -0.437783 0.083847
v -0.161554 -0.418087 0.169944
v -0.182535 -0.398610 0.161876
v -0.176389 -0.412382 0.167581
v -0.161554 -0.376268 0.248181
v -0.182535 -0.358739 0.236468
v -0.176389 -0.371134 0.244750
v -0.161554 -0.319990 0.316756
v -0.182535 -0.305082 0.301849
v -0.176389 -0.315624 0.312390
v -0.161554 -0.251414 0.373035
v -0.182534 -0.239702 0.355506
v -0.176389 -0.247984 0.367900
v -0.161554 -0.173177 0.414853
v -0.182534 -0.165110 0.395376
v -0.176389 -0.170814 0.409149
v -0.182535 0.398610 0.161876
v -0.161554 0.418087 0.169944
v -0.176389 0.412382 0.167581
v -0.182535 0.358739 0.236468
v -0.161554 0.376268 0.248181
v -0.176389 0.371134 0.244750
v -0.182535 0.305083 0.301849
v -0.161554 0.319990 0.316756
v -0.176389 0.315624 0.312390
v -0.182534 0.239702 0.355506
v -0.161554 0.251414 0.373035
v -0.176389 0.247984 0.367900
v -0.182534 0.165110 0.395376
v -0.161554 0.173177 0.414853
v -0.176389 0.170814 0.409149
v -0.182534 0.084172 0.419928
v -0.161554 0.088285 0.440605
v -0.176389 0.087080 0.434549
v -0.182535 -0.398610 -0.168343
v -0.161554 -0.418087 -0.176411
v -0.176389 -0.412382 -0.174048
v -0.182535 -0.358739 -0.242935
v -0.161554 -0.376268 -0.254648
v -0.176389 -0.371134 -0.251218
v -0.182535 -0.305083 -0.308316
v -0.161554 -0.319990 -0.323223
v -0.176390 -0.315624 -0.318857
v -0.182535 -0.239702 -0.361973
v -0.161554 -0.251414 -0.379502
v -0.176390 -0.247984 -0.374368
v -0.182535 -0.165110 -0.401843
v -0.161554 -0.173177 -0.421321
v -0.176390 -0.170814 -0.415616
v -0.182535 -0.084172 -0.426396
v -0.161554 -0.088285 -0.447073
v -0.176390 -0.087080 -0.441016
v -0.161554 0.443839 -0.091519
v -0.182535 0.423162 -0.087406
v -0.176389 0.437782 -0.090314
v -0.161554 0.418087 -0.176411
v -0.182535 0.398610 -0.168343
v -0.176389 0.412382 -0.174048
v -0.161554 0.376268 -0.254648
v -0.182535 0.358739 -0.242936
v -0.176389 0.371134 -0.251217
v -0.161554 0.319990 -0.323224
v -0.182535 0.305083 -0.308316
v -0.176390 0.315624 -0.318857
v -0.161554 0.251414 -0.379502
v -0.182535 0.239702 -0.361973
v -0.176390 0.247984 -0.374368
v -0.161554 0.173177 -0.421320
v -0.182535 0.165109 -0.401843
v -0.176390 0.170814 -0.415616
v -0.161348 0.000000 -0.251353
v -0.159874 0.000000 -0.264145
v -0.161348 0.048406 -0.246586
v -0.159874 0.050901 -0.259132
v -0.161348 -0.248120 -0.003234
v -0.159874 -0.260911 -0.003234
v -0.161348 -0.243352 -0.051639
v -0.159874 -0.255898 -0.054135
v -0.161348 -0.000000 0.244886
v -0.159874 -0.000000 0.257678
v -0.161348 -0.048406 0.240119
v -0.159874 -0.050901 0.252664
v -0.161348 0.248120 -0.003234
v -0.159874 0.260911 -0.003234
v -0.161348 0.243352 0.045172
v -0.159874 0.255898 0.047668
v -0.161348 -0.243352 0.045172
v -0.159874 -0.255898 0.047668
v -0.161348 -0.229233 0.091718
v -0.159874 -0.241051 0.096613
v -0.161348 -0.206304 0.134614
v -0.159874 -0.216940 0.141721
v -0.161348 -0.175447 0.172214
v -0.159874 -0.184492 0.181259
v -0.161348 -0.137848 0.203070
v -0.159874 -0.144955 0.213706
v -0.161348 -0.094951 0.225999
v -0.159874 -0.099846 0.237817
v -0.161348 0.229233 0.091718
v -0.159874 0.241051 0.096613
v -0.161348 0.206304 0.134614
v -0.159874 0.216940 0.141721
v -0.161348 0.175447 0.172214
v -0.159874 0.184492 0.181259
v -0.161348 0.137848 0.203071
v -0.159874 0.144955 0.213706
v -0.161348 0.094951 0.225999
v -0.159874 0.099846 0.237817
v -0.161348 0.048406 0.240119
v -0.159874 0.050901 0.252664
v -0.161348 -0.229233 -0.098185
v -0.159874 -0.241051 -0.103080
v -0.161348 -0.206304 -0.141082
v -0.159874 -0.216940 -0.148188
v -0.161348 -0.175447 -0.178681
v -0.159874 -0.184492 -0.187726
v -0.161348 -0.137848 -0.209538
v -0.159874 -0.144955 -0.220174
v -0.161348 -0.094951 -0.232466
v -0.159874 -0.099846 -0.244284
v -0.161348 -0.048406 -0.246586
v -0.159874 -0.050901 -0.259132
v -0.161348 0.243352 -0.051639
v -0.159874 0.255898 -0.054135
v -0.161348 0.229233 -0.098185
v -0.159874 0.241051 -0.103080
v -0.161348 0.206304 -0.141081
v -0.159874 0.216940 -0.148188
v -0.161348 0.175447 -0.178681
v -0.159874 0.184492 -0.187726
v -0.161348 0.137848 -0.209538
v -0.159874 0.144955 -0.220173
v -0.161348 0.094951 -0.232467
v -0.159874 0.099846 -0.244284
v 0.192533 -0.423162 -0.087406
v 0.192533 -0.431452 -0.003234
v 0.192533 0.000000 0.428218
v 0.192533 0.084172 0.419928
v 0.192533 0.431452 -0.003234
v 0.192533 0.423162 -0.087406
v 0.192533 0.000000 -0.434686
v 0.192533 -0.084172 -0.426396
v 0.192533 -0.423162 0.080938
v 0.192533 -0.398610 0.161876
v 0.192533 -0.358739 0.236468
v 0.192533 -0.305082 0.301849
v 0.192533 -0.239702 0.355506
v 0.192533 -0.165109 0.395376
v 0.192533 -0.084172 0.419928
v 0.192533 0.423162 0.080938
v 0.192533 0.398610 0.161876
v 0.192533 0.358739 0.236468
v 0.192533 0.305083 0.301849
v 0.192533 0.239702 0.355505
v 0.192533 0.165109 0.395376
v 0.192533 -0.398610 -0.168343
v 0.192533 -0.358739 -0.242935
v 0.192533 -0.305083 -0.308316
v 0.192533 -0.239702 -0.361973
v 0.192533 -0.165109 -0.401843
v 0.192533 0.398610 -0.168343
v 0.192533 0.358739 -0.242936
v 0.192533 0.305083 -0.308316
v 0.192533 0.239702 -0.361973
v 0.192533 0.165109 -0.401843
v 0.192533 0.084172 -0.426396
v -0.127467 -0.289366 -0.060792
v -0.127467 -0.295035 -0.003234
v -0.127467 0.000000 0.291801
v -0.127467 0.057558 0.286132
v -0.127467 0.295035 -0.003234
v -0.127467 0.289366 -0.060792
v -0.127467 -0.000000 -0.298268
v -0.127467 -0.057558 -0.292599
v -0.127467 -0.289366 0.054325
v -0.127467 -0.272577 0.109671
v -0.127467 -0.245312 0.160679
v -0.127467 -0.208621 0.205387
v -0.127467 -0.163913 0.242079
v -0.127467 -0.112905 0.269343
v -0.127467 -0.057558 0.286132
v -0.127467 0.289366 0.054325
v -0.127467 0.272577 0.109671
v -0.127467 0.245312 0.160679
v -0.127467 0.208621 0.205387
v -0.127467 0.163913 0.242079
v -0.127467 0.112905 0.269343
v -0.127467 -0.272577 -0.116139
v -0.127467 -0.245312 -0.167146
v -0.127467 -0.208621 -0.211855
v -0.127467 -0.163913 -0.248546
v -0.127467 -0.112905 -0.275810
v -0.127467 0.272577 -0.116139
v -0.127467 0.245312 -0.167146
v -0.127467 0.208621 -0.211855
v -0.127467 0.163913 -0.248546
v -0.127467 0.112905 -0.275810
v -0.127467 0.057558 -0.292599
v 0.192533 -0.311665 -0.065228
v 0.169907 -0.289366 -0.060792
v 0.185906 -0.295897 -0.062091
v 0.192533 -0.293582 -0.124839
v 0.169907 -0.272577 -0.116139
v 0.185906 -0.278729 -0.118687
v 0.192533 -0.264217 -0.179778
v 0.169907 -0.245312 -0.167146
v 0.185906 -0.250849 -0.170846
v 0.192533 -0.224698 -0.227932
v 0.169907 -0.208621 -0.211855
v 0.185906 -0.213330 -0.216563
v 0.192533 -0.176544 -0.267451
v 0.169907 -0.163913 -0.248546
v 0.185906 -0.167612 -0.254083
v 0.192533 -0.121606 -0.296816
v 0.169907 -0.112905 -0.275810
v 0.185906 -0.115453 -0.281963
v 0.169907 -0.057558 -0.292599
v 0.192533 -0.061994 -0.314899
v 0.185906 -0.058858 -0.299131
v 0.192533 0.000000 -0.321005
v 0.169907 -0.000000 -0.298268
v 0.185906 0.000000 -0.304927
v 0.169907 0.057558 -0.292599
v 0.192533 0.061994 -0.314899
v 0.185906 0.058858 -0.299131
v 0.169907 0.112905 -0.275810
v 0.192533 0.121606 -0.296816
v 0.185906 0.115453 -0.281962
v 0.169907 0.163913 -0.248546
v 0.192533 0.176544 -0.267451
v 0.185906 0.167612 -0.254083
v 0.169907 0.208621 -0.211855
v 0.192533 0.224698 -0.227932
v 0.185906 0.213330 -0.216564
v 0.169907 0.245312 -0.167146
v 0.192533 0.264217 -0.179778
v 0.185906 0.250849 -0.170846
v 0.169907 0.272577 -0.116139
v 0.192533 0.293582 -0.124839
v 0.185906 0.278729 -0.118687
v 0.169907 0.289366 -0.060792
v 0.192533 0.311665 -0.065228
v 0.185906 0.295897 -0.062091
v 0.192533 0.000000 0.314537
v 0.169907 0.000000 0.291801
v 0.185906 0.000000 0.298460
v 0.169907 -0.295035 -0.003234
v 0.192533 -0.317771 -0.003234
v 0.185906 -0.301694 -0.003234
v 0.169907 -0.057558 0.286132
v 0.192533 -0.061994 0.308431
v 0.185906 -0.058858 0.292663
v 0.169907 -0.112905 0.269343
v 0.192533 -0.121606 0.290349
v 0.185906 -0.115453 0.275495
v 0.169907 -0.163913 0.242079
v 0.192533 -0.176544 0.260983
v 0.185906 -0.167612 0.247616
v 0.169907 -0.208621 0.205387
v 0.192533 -0.224698 0.221464
v 0.185906 -0.213330 0.210096
v 0.169907 -0.245312 0.160679
v 0.192533 -0.264217 0.173310
v 0.185906 -0.250849 0.164379
v 0.169907 -0.272577 0.109671
v 0.192533 -0.293582 0.118372
v 0.185906 -0.278729 0.112220
v 0.169907 -0.289366 0.054325
v 0.192533 -0.311665 0.058760
v 0.185906 -0.295897 0.055624
v 0.192533 0.317771 -0.003234
v 0.169907 0.295035 -0.003234
v 0.185906 0.301694 -0.003234
v 0.192533 0.311665 0.058760
v 0.169907 0.289366 0.054325
v 0.185906 0.295897 0.055624
v 0.192533 0.293582 0.118372
v 0.169907 0.272577 0.109671
v 0.185906 0.278729 0.112220
v 0.192533 0.264217 0.173310
v 0.169907 0.245312 0.160679
v 0.185906 0.250849 0.164379
v 0.192533 0.224698 0.221464
v 0.169907 0.208621 0.205387
v 0.185906 0.213330 0.210096
v 0.192533 0.176544 0.260983
v 0.169907 0.163913 0.242079
v 0.185906 0.167612 0.247616
v 0.192533 0.121606 0.290348
v 0.169907 0.112905 0.269343
v 0.185906 0.115453 0.275495
v 0.169907 0.057558 0.286132
v 0.192533 0.061994 0.308431
v 0.185906 0.058858 0.292663
vn -0.8607 0.5092 -0.0000
vn -0.8607 0.4994 -0.0993
vn -0.8607 -0.0993 0.4994
vn -0.8607 -0.0000 0.5092
vn -0.0000 0.9808 -0.1951
vn -0.0000 0.9239 -0.3827
vn 0.1936 -0.9064 -0.3754
vn -0.1936 -0.9064 -0.3754
vn -0.1936 -0.8157 -0.5451
vn 0.1936 -0.8157 -0.5451
vn -0.1936 -0.3754 0.9064
vn 0.1936 -0.3754 0.9064
vn 0.1936 -0.1914 0.9622
vn -0.1936 -0.1914 0.9622
vn 0.1936 0.9811 -0.0000
vn -0.1936 0.9811 -0.0000
vn -0.1936 0.9622 0.1914
vn 0.1936 0.9622 0.1914
vn -0.1936 -0.9622 0.1914
vn 0.1936 -0.9622 0.1914
vn 0.1936 -0.9064 0.3754
vn -0.1936 -0.9064 0.3754
vn 0.1936 -0.8157 0.5451
vn -0.1936 -0.8157 0.5451
vn 0.1936 -0.6937 0.6937
vn -0.1936 -0.6937 0.6937
vn 0.1936 -0.5451 0.8157
vn -0.1936 -0.5451 0.8157
vn -0.1936 -0.9811 -0.0000
vn 0.1936 -0.9811 -0.0000
vn -0.1936 0.9064 0.3754
vn 0.1936 0.9064 0.3754
vn -0.1936 0.8157 0.5451
vn 0.1936 0.8157 0.5451
vn -0.1936 0.6937 0.6937
vn 0.1936 0.6937 0.6937
vn -0.1936 0.5451 0.8157
vn 0.1936 0.5451 0.8157
vn -0.1936 0.3754 0.9064
vn 0.1936 0.3754 0.9064
vn -0.1936 0.1914 0.9622
vn 0.1936 0.1914 0.9622
vn -1.0000 -0.0000 -0.0000
vn -0.9786 0.0402 -0.2019
vn -0.9786 -0.0000 -0.2059
vn 0.1936 -0.0000 0.9811
vn -0.1936 -0.0000 0.9811
vn 0.1936 -0.9622 -0.1914
vn -0.1936 -0.9622 -0.1914
vn 0.1983 -0.8150 0.5445
vn 0.1983 -0.9055 0.3751
vn -0.0000 -0.9239 0.3827
vn -0.0000 -0.8315 0.5556
vn -0.1936 -0.6937 -0.6937
vn 0.1936 -0.6937 -0.6937
vn -0.1936 -0.5451 -0.8157
vn 0.1936 -0.5451 -0.8157
vn -0.1936 -0.3754 -0.9064
vn 0.1936 -0.3754 -0.9064
vn -0.1936 -0.1914 -0.9622
vn 0.1936 -0.1914 -0.9622
vn -0.1936 -0.0000 -0.9811
vn 0.1936 -0.0000 -0.9811
vn -0.1936 0.1914 -0.9622
vn 0.1936 0.1914 -0.9622
vn 0.1936 0.9622 -0.1914
vn -0.1936 0.9622 -0.1914
vn 0.1936 0.9064 -0.3754
vn -0.1936 0.9064 -0.3754
vn 0.1936 0.8157 -0.5451
vn -0.1936 0.8157 -0.5451
vn 0.1936 0.6937 -0.6937
vn -0.1936 0.6937 -0.6937
vn 0.1936 0.5451 -0.8157
vn -0.1936 0.5451 -0.8157
vn 0.1936 0.3754 -0.9064
vn -0.1936 0.3754 -0.9064
vn -0.9786 -0.0402 -0.2019
vn -0.9786 -0.2059 -0.0000
vn -0.9786 -0.2019 0.0402
vn -0.9786 -0.0000 0.2059
vn -0.9786 0.0402 0.2019
vn -0.9786 0.2059 -0.0000
vn -0.9786 0.2019 -0.0402
vn -0.9786 -0.1902 -0.0788
vn -0.9786 -0.2019 -0.0402
vn -0.9786 -0.1902 0.0788
vn -0.9786 -0.1712 0.1144
vn -0.9786 -0.1456 0.1456
vn -0.9786 -0.1144 0.1712
vn -0.9786 -0.0788 0.1902
vn -0.9786 0.1712 0.1144
vn -0.9786 0.1902 0.0788
vn -0.9786 0.2019 0.0402
vn -0.9786 0.1456 0.1456
vn -0.9786 0.1144 0.1712
vn -0.9786 0.0788 0.1902
vn -0.9786 -0.1712 -0.1144
vn -0.9786 -0.0402 0.2019
vn -0.9786 -0.1456 -0.1456
vn -0.9786 -0.1144 -0.1712
vn -0.9786 -0.0788 -0.1902
vn -0.9786 0.1902 -0.0788
vn -0.9786 0.0788 -0.1902
vn -0.9786 0.1712 -0.1144
vn -0.9786 0.1456 -0.1456
vn -0.9786 0.1144 -0.1712
vn -0.0000 0.7071 0.7071
vn -0.0000 0.8315 0.5556
vn -0.0000 0.1951 -0.9808
vn -0.0000 -0.0000 -1.0000
vn -0.0000 0.8315 -0.5556
vn -0.0000 0.5556 0.8315
vn -0.0000 -0.9808 -0.1951
vn -0.0000 -1.0000 -0.0000
vn -0.0000 0.7071 -0.7071
vn -0.0000 0.3827 0.9239
vn -0.0000 -0.1951 0.9808
vn -0.0000 -0.0000 1.0000
vn -0.0000 0.5556 -0.8315
vn -0.0000 0.1951 0.9808
vn -0.0000 0.9808 0.1951
vn -0.0000 1.0000 -0.0000
vn -0.0000 0.3827 -0.9239
vn -0.0000 -0.9808 0.1951
vn -0.0000 -0.9239 -0.3827
vn -0.0000 -0.8315 -0.5556
vn -0.0000 -0.7071 -0.7071
vn -0.0000 -0.7071 0.7071
vn -0.0000 -0.5556 -0.8315
vn -0.0000 -0.5556 0.8315
vn -0.0000 -0.3827 -0.9239
vn -0.0000 -0.3827 0.9239
vn -0.0000 -0.1951 -0.9808
vn -0.0000 0.9239 0.3827
vn -0.9598 -0.0000 -0.2806
vn -0.9598 0.0548 -0.2753
vn -0.9513 0.0602 -0.3024
vn -0.9513 -0.0000 -0.3083
vn -0.9598 -0.2806 -0.0000
vn -0.9598 -0.2753 0.0548
vn -0.9598 -0.2593 0.1074
vn -0.9598 -0.2333 0.1559
vn -0.9598 -0.1984 0.1984
vn -0.9598 -0.1559 0.2333
vn -0.9598 -0.1074 0.2593
vn -0.9598 -0.0548 0.2753
vn -0.9598 -0.0000 0.2806
vn -0.9598 0.0548 0.2753
vn -0.9598 0.1074 0.2593
vn -0.9598 0.1559 0.2333
vn -0.9598 0.1984 0.1984
vn -0.9598 0.2333 0.1559
vn -0.9598 0.2593 0.1074
vn -0.9598 0.2753 0.0548
vn -0.9598 0.2806 -0.0000
vn -0.9598 0.2753 -0.0548
vn -0.9598 0.2593 -0.1074
vn -0.9598 0.2333 -0.1559
vn -0.9598 0.1984 -0.1984
vn -0.9598 0.1559 -0.2333
vn -0.9598 0.1074 -0.2593
vn -0.9598 -0.0548 -0.2753
vn -0.9598 -0.1074 -0.2593
vn -0.9598 -0.1559 -0.2333
vn -0.9598 -0.1984 -0.1984
vn -0.9598 -0.2333 -0.1559
vn -0.9598 -0.2593 -0.1074
vn -0.9598 -0.2753 -0.0548
vn -0.9513 -0.0602 -0.3024
vn -0.9513 -0.3083 -0.0000
vn -0.9513 -0.3024 0.0602
vn -0.9513 -0.0000 0.3083
vn -0.9513 0.0602 0.3024
vn -0.9513 0.3083 -0.0000
vn -0.9513 0.3024 -0.0602
vn -0.9513 -0.2849 -0.1180
vn -0.9513 -0.3024 -0.0602
vn -0.9513 -0.2849 0.1180
vn -0.9513 -0.2564 0.1713
vn -0.9513 -0.2180 0.2180
vn -0.9513 -0.1713 0.2564
vn -0.9513 -0.1180 0.2849
vn -0.9513 0.2564 0.1713
vn -0.9513 0.2849 0.1180
vn -0.9513 0.3024 0.0602
vn -0.9513 0.2180 0.2180
vn -0.9513 0.1713 0.2564
vn -0.9513 0.1180 0.2849
vn -0.9513 -0.2564 -0.1713
vn -0.9513 -0.0602 0.3024
vn -0.9513 -0.2180 -0.2180
vn -0.9513 -0.1713 -0.2564
vn -0.9513 -0.1180 -0.2849
vn -0.9513 0.2849 -0.1180
vn -0.9513 0.1180 -0.2849
vn -0.9513 0.2564 -0.1713
vn -0.9513 0.2180 -0.2180
vn -0.9513 0.1713 -0.2564
vn -0.9245 0.0744 -0.3738
vn -0.9245 -0.0000 -0.3811
vn -0.3843 -0.0000 -0.9232
vn -0.3843 0.1801 -0.9055
vn -0.9245 -0.3738 -0.0744
vn -0.9245 -0.3811 -0.0000
vn -0.3843 -0.9232 -0.0000
vn -0.3843 -0.9055 -0.1801
vn 0.9786 -0.2019 -0.0402
vn 0.9786 -0.2059 -0.0000
vn 0.9245 -0.3811 -0.0000
vn 0.9245 -0.3738 -0.0744
vn 0.3843 -0.9055 -0.1801
vn 0.3843 -0.9232 -0.0000
vn 0.9786 -0.0000 0.2059
vn 0.9786 0.0402 0.2019
vn 0.9245 0.0744 0.3738
vn 0.9245 -0.0000 0.3811
vn 0.3843 -0.0000 0.9232
vn 0.3843 0.1801 0.9055
vn -0.9245 -0.0743 0.3738
vn -0.9245 -0.0000 0.3811
vn -0.3843 -0.0000 0.9232
vn -0.3843 -0.1801 0.9055
vn -0.9245 0.3738 0.0744
vn -0.9245 0.3811 -0.0000
vn -0.3843 0.9232 -0.0000
vn -0.3843 0.9055 0.1801
vn 0.9786 0.2059 -0.0000
vn 0.9786 0.2019 -0.0402
vn 0.9245 0.3738 -0.0744
vn 0.9245 0.3811 -0.0000
vn 0.3843 0.9232 -0.0000
vn 0.3843 0.9055 -0.1801
vn 0.9786 -0.0000 -0.2059
vn 0.9786 -0.0402 -0.2019
vn 0.9245 -0.0744 -0.3738
vn 0.9245 -0.0000 -0.3811
vn 0.3843 -0.0000 -0.9232
vn 0.3843 -0.1801 -0.9055
vn -0.9245 -0.3738 0.0744
vn -0.3843 -0.9055 0.1801
vn 0.9786 -0.2019 0.0402
vn 0.9245 -0.3738 0.0744
vn 0.3843 -0.9055 0.1801
vn -0.9245 -0.3521 0.1458
vn -0.3843 -0.8529 0.3533
vn 0.9786 -0.1902 0.0788
vn 0.9245 -0.3521 0.1458
vn 0.3843 -0.8529 0.3533
vn -0.9245 -0.3169 0.2117
vn -0.3843 -0.7676 0.5129
vn 0.9786 -0.1712 0.1144
vn 0.9245 -0.3169 0.2117
vn 0.3843 -0.7676 0.5129
vn -0.9245 -0.2695 0.2695
vn -0.3843 -0.6528 0.6528
vn 0.9786 -0.1456 0.1456
vn 0.9245 -0.2695 0.2695
vn 0.3843 -0.6528 0.6528
vn -0.9245 -0.2117 0.3169
vn -0.3843 -0.5129 0.7676
vn 0.9786 -0.1144 0.1712
vn 0.9245 -0.2117 0.3169
vn 0.3843 -0.5129 0.7676
vn -0.9245 -0.1458 0.3521
vn -0.3843 -0.3533 0.8529
vn 0.9786 -0.0788 0.1902
vn 0.9245 -0.1458 0.3521
vn 0.3843 -0.3533 0.8529
vn 0.9786 -0.0402 0.2019
vn 0.9245 -0.0743 0.3738
vn 0.3843 -0.1801 0.9055
vn 0.9786 0.2019 0.0402
vn 0.9245 0.3738 0.0744
vn 0.3843 0.9055 0.1801
vn 0.9786 0.1902 0.0788
vn 0.9245 0.3521 0.1458
vn 0.3843 0.8529 0.3533
vn -0.9245 0.3521 0.1458
vn -0.3843 0.8529 0.3533
vn 0.9786 0.1712 0.1144
vn 0.9245 0.3169 0.2117
vn 0.3843 0.7676 0.5129
vn -0.9245 0.3169 0.2117
vn -0.3843 0.7676 0.5129
vn 0.9786 0.1456 0.1456
vn 0.9245 0.2695 0.2695
vn 0.3843 0.6528 0.6528
vn -0.9245 0.2695 0.2695
vn -0.3843 0.6528 0.6528
vn 0.9786 0.1144 0.1712
vn 0.9245 0.2117 0.3169
vn 0.3843 0.5129 0.7676
vn -0.9245 0.2117 0.3169
vn -0.3843 0.5129 0.7676
vn 0.9786 0.0788 0.1902
vn 0.9245 0.1458 0.3521
vn 0.3843 0.3533 0.8529
vn -0.9245 0.1458 0.3521
vn -0.3843 0.3533 0.8529
vn -0.9245 0.0743 0.3738
vn -0.3843 0.1801 0.9055
vn 0.9786 -0.1902 -0.0788
vn 0.9245 -0.3521 -0.1458
vn 0.3843 -0.8529 -0.3533
vn -0.9245 -0.3521 -0.1458
vn -0.3843 -0.8529 -0.3533
vn 0.9786 -0.1712 -0.1144
vn 0.9245 -0.3169 -0.2117
vn 0.3843 -0.7676 -0.5129
vn -0.9245 -0.3169 -0.2117
vn -0.3843 -0.7676 -0.5129
vn 0.9786 -0.1456 -0.1456
vn 0.9245 -0.2695 -0.2695
vn 0.3843 -0.6528 -0.6528
vn -0.9245 -0.2695 -0.2695
vn -0.3843 -0.6528 -0.6528
vn 0.9786 -0.1144 -0.1712
vn 0.9245 -0.2117 -0.3169
vn 0.3843 -0.5129 -0.7676
vn -0.9245 -0.2117 -0.3169
vn -0.3843 -0.5129 -0.7676
vn 0.9786 -0.0788 -0.1902
vn 0.9245 -0.1458 -0.3521
vn 0.3843 -0.3533 -0.8529
vn -0.9245 -0.1458 -0.3521
vn -0.3843 -0.3533 -0.8529
vn -0.9245 -0.0744 -0.3738
vn -0.3843 -0.1801 -0.9055
vn -0.9245 0.3738 -0.0744
vn -0.3843 0.9055 -0.1801
vn -0.9245 0.3521 -0.1458
vn -0.3843 0.8529 -0.3533
vn 0.9786 0.1902 -0.0788
vn 0.9245 0.3521 -0.1458
vn 0.3843 0.8529 -0.3533
vn -0.9245 0.3169 -0.2117
vn -0.3843 0.7676 -0.5129
vn 0.9786 0.1712 -0.1144
vn 0.9245 0.3169 -0.2117
vn 0.3843 0.7676 -0.5129
vn -0.9245 0.2695 -0.2695
vn -0.3843 0.6528 -0.6528
vn 0.9786 0.1456 -0.1456
vn 0.9245 0.2695 -0.2695
vn 0.3843 0.6528 -0.6528
vn -0.9245 0.2117 -0.3169
vn -0.3843 0.5129 -0.7676
vn 0.9786 0.1144 -0.1712
vn 0.9245 0.2117 -0.3169
vn 0.3843 0.5129 -0.7676
vn -0.9245 0.1458 -0.3521
vn -0.3843 0.3533 -0.8529
vn 0.9786 0.0788 -0.1902
vn 0.9245 0.1458 -0.3521
vn 0.3843 0.3533 -0.8530
vn 0.9786 0.0402 -0.2019
vn 0.9245 0.0743 -0.3738
vn 0.3843 0.1801 -0.9055
vn -0.8607 -0.4994 -0.0993
vn -0.8607 -0.5092 -0.0000
vn -0.8607 0.0993 -0.4994
vn -0.8607 -0.0000 -0.5092
vn -0.8607 0.4994 0.0993
vn -0.8607 0.4704 -0.1949
vn -0.8607 0.4234 -0.2829
vn -0.8607 0.3600 -0.3600
vn -0.8607 0.2829 -0.4234
vn -0.8607 0.1949 -0.4704
vn -0.8607 -0.1949 -0.4704
vn -0.8607 -0.2829 -0.4234
vn -0.8607 -0.4704 -0.1949
vn -0.8607 0.2829 0.4234
vn -0.8607 0.3600 0.3600
vn -0.8607 -0.4234 -0.2829
vn -0.8607 -0.3600 -0.3600
vn -0.8607 -0.0993 -0.4994
vn -0.8607 0.4234 0.2829
vn -0.8607 0.4704 0.1949
vn -0.8607 -0.4994 0.0993
vn -0.8607 0.1949 0.4704
vn -0.8607 -0.4704 0.1949
vn -0.8607 -0.4234 0.2829
vn -0.8607 0.0993 0.4994
vn -0.8607 -0.3600 0.3600
vn -0.8607 -0.2829 0.4234
vn -0.8607 -0.1949 0.4704
vn -0.9934 0.0223 -0.1122
vn -0.9934 -0.0000 -0.1144
vn -0.9934 -0.1122 -0.0223
vn -0.9934 -0.1144 -0.0000
vn -0.9934 -0.0223 0.1122
vn -0.9934 -0.0000 0.1144
vn -0.9934 0.1122 0.0223
vn -0.9934 0.1144 -0.0000
vn -0.9934 -0.1122 0.0223
vn -0.9934 -0.1057 0.0438
vn -0.9934 -0.0952 0.0636
vn -0.9934 -0.0809 0.0809
vn -0.9934 -0.0636 0.0952
vn -0.9934 -0.0438 0.1057
vn -0.9934 0.1057 0.0438
vn -0.9934 0.0952 0.0636
vn -0.9934 0.0809 0.0809
vn -0.9934 0.0636 0.0952
vn -0.9934 0.0438 0.1057
vn -0.9934 0.0223 0.1122
vn -0.9934 -0.1057 -0.0438
vn -0.9934 -0.0951 -0.0636
vn -0.9934 -0.0809 -0.0809
vn -0.9934 -0.0636 -0.0951
vn -0.9934 -0.0438 -0.1057
vn -0.9934 -0.0223 -0.1122
vn -0.9934 0.1122 -0.0223
vn -0.9934 0.1057 -0.0438
vn -0.9934 0.0951 -0.0636
vn -0.9934 0.0809 -0.0809
vn -0.9934 0.0636 -0.0951
vn -0.9934 0.0438 -0.1057
vn 0.1983 0.9613 0.1912
vn 0.1983 0.9055 0.3751
vn 0.1983 -0.0000 -0.9801
vn 0.1983 0.1912 -0.9613
vn 0.1983 -0.1912 -0.9613
vn 0.1983 -0.0000 0.9801
vn 0.1983 -0.1912 0.9613
vn 0.1983 0.3751 -0.9055
vn 0.1983 -0.9801 -0.0000
vn 0.1983 -0.9613 -0.1912
vn 0.1983 0.9055 -0.3751
vn 0.1983 0.9613 -0.1912
vn 0.1983 0.8150 -0.5445
vn 0.1983 0.6931 -0.6931
vn 0.1983 0.5445 -0.8150
vn 0.1983 0.9801 -0.0000
vn 0.1983 -0.9055 -0.3751
vn 0.1983 -0.8150 -0.5445
vn 0.1983 -0.6931 -0.6931
vn 0.1983 -0.5445 -0.8150
vn 0.1983 -0.3751 -0.9055
vn 0.1983 0.8150 0.5445
vn 0.1983 0.6931 0.6931
vn 0.1983 0.5445 0.8150
vn 0.1983 0.3751 0.9055
vn 0.1983 0.1912 0.9613
vn 0.1983 -0.9613 0.1912
vn 0.1983 -0.6931 0.6931
vn 0.9832 -0.1518 0.1014
vn 0.9832 -0.1291 0.1291
vn 0.1983 -0.5445 0.8150
vn 0.1983 -0.3751 0.9055
vn 1.0000 -0.0000 -0.0000
vn 0.9832 -0.1518 -0.1014
vn 0.9832 -0.1686 -0.0698
vn 0.9832 -0.0000 -0.1825
vn 0.9832 -0.0356 -0.1790
vn 0.9832 -0.1014 0.1518
vn 0.9832 -0.1291 -0.1291
vn 0.9832 -0.1825 -0.0000
vn 0.9832 -0.1790 0.0356
vn 0.9832 -0.0698 0.1686
vn 0.9832 -0.1014 -0.1518
vn 0.9832 -0.0000 0.1825
vn 0.9832 0.0356 0.1790
vn 0.9832 -0.0356 0.1790
vn 0.9832 -0.0698 -0.1686
vn 0.9832 0.1825 -0.0000
vn 0.9832 0.1790 -0.0356
vn 0.9832 0.1686 -0.0698
vn 0.9832 0.1686 0.0698
vn 0.9832 0.1790 0.0356
vn 0.9832 0.1518 -0.1014
vn 0.9832 0.1518 0.1014
vn 0.9832 0.1291 -0.1291
vn 0.9832 0.1291 0.1291
vn 0.9832 0.1014 -0.1518
vn 0.9832 0.1014 0.1518
vn 0.9832 0.0698 -0.1686
vn 0.9832 0.0698 0.1686
vn 0.9832 0.0356 -0.1790
vn 0.9832 -0.1686 0.0698
vn 0.9832 -0.1790 -0.0356
vn 0.9245 0.0743 0.3738
vn 0.3843 0.3533 -0.8529
vn 0.9245 0.0744 -0.3738
vn 0.3843 0.3533 0.8530
vn 0.3843 -0.3533 0.8530
vt 0.545354 0.041362
vt 0.545354 0.030944
vt 0.552152 0.032211
vt 0.551077 0.042429
vt 0.516578 0.107696
vt 0.511177 0.109728
vt 0.510507 0.096867
vt 0.516015 0.096867
vt 0.538556 0.161524
vt 0.532019 0.157772
vt 0.052045 0.068541
vt 0.081784 0.068541
vt 0.081784 0.054482
vt 0.052045 0.054482
vt 0.052045 0.086116
vt 0.081784 0.086116
vt 0.052045 0.100176
vt 0.081784 0.100176
vt 0.081784 0.114235
vt 0.052045 0.114235
vt 0.052045 0.131810
vt 0.081784 0.131810
vt 0.052045 0.144112
vt 0.081784 0.144112
vt 0.052045 0.158172
vt 0.081784 0.158172
vt 0.081784 0.042179
vt 0.052045 0.042179
vt 0.498708 0.114420
vt 0.497794 0.096867
vt 0.527286 0.148025
vt 0.532908 0.153710
vt 0.511177 0.084006
vt 0.498708 0.079314
vt 0.545354 0.006892
vt 0.554632 0.008621
vt 0.579530 0.109728
vt 0.580200 0.096867
vt 0.592914 0.096867
vt 0.592000 0.114420
vt 0.545354 0.162790
vt 0.545354 0.186842
vt 0.536075 0.185113
vt 0.538556 0.032211
vt 0.532019 0.035962
vt 0.527153 0.013741
vt 0.536075 0.008621
vt 0.564713 0.042054
vt 0.558689 0.035962
vt 0.563554 0.013741
vt 0.571777 0.022056
vt 0.569994 0.050253
vt 0.571777 0.022056
vt 0.578984 0.033245
vt 0.574327 0.060242
vt 0.584898 0.046880
vt 0.577547 0.071640
vt 0.589293 0.062435
vt 0.558689 0.157772
vt 0.564713 0.151680
vt 0.571777 0.171679
vt 0.563554 0.179993
vt 0.552152 0.161524
vt 0.554632 0.185113
vt 0.569994 0.143482
vt 0.578984 0.160489
vt 0.571777 0.171679
vt 0.574327 0.133492
vt 0.584898 0.146855
vt 0.577547 0.122095
vt 0.589294 0.131299
vt 0.592000 0.114420
vt 0.525994 0.042054
vt 0.518931 0.022056
vt 0.579530 0.084006
vt 0.592000 0.079314
vt 0.520714 0.050253
vt 0.511724 0.033245
vt 0.516380 0.060242
vt 0.505809 0.046880
vt 0.513160 0.071640
vt 0.501414 0.062435
vt 0.498708 0.079314
vt 0.527153 0.179993
vt 0.513160 0.122095
vt 0.501414 0.131299
vt 0.554632 0.185113
vt 0.525994 0.151680
vt 0.518931 0.171679
vt 0.520714 0.143482
vt 0.511724 0.160489
vt 0.516380 0.133492
vt 0.505809 0.146855
vt 0.525461 0.096867
vt 0.525844 0.104209
vt 0.518528 0.106962
vt 0.518003 0.096867
vt 0.545354 0.059235
vt 0.549235 0.059958
vt 0.552966 0.062099
vt 0.556405 0.065577
vt 0.559420 0.070257
vt 0.561894 0.075960
vt 0.563732 0.082466
vt 0.564864 0.089525
vt 0.565246 0.096867
vt 0.564863 0.104209
vt 0.563732 0.111269
vt 0.561894 0.117775
vt 0.559420 0.123477
vt 0.556405 0.128157
vt 0.552966 0.131635
vt 0.549234 0.133777
vt 0.545354 0.134500
vt 0.541473 0.133777
vt 0.537741 0.131635
vt 0.534302 0.128157
vt 0.531288 0.123477
vt 0.528814 0.117775
vt 0.526976 0.111269
vt 0.525844 0.089525
vt 0.526976 0.082466
vt 0.528814 0.075960
vt 0.531288 0.070257
vt 0.534302 0.065577
vt 0.537741 0.062099
vt 0.541473 0.059958
vt 0.518528 0.086773
vt 0.545354 0.045124
vt 0.550690 0.046119
vt 0.572704 0.096867
vt 0.572179 0.106962
vt 0.545354 0.148610
vt 0.540018 0.147616
vt 0.534887 0.049063
vt 0.540018 0.046119
vt 0.555820 0.049063
vt 0.560549 0.053845
vt 0.560549 0.053845
vt 0.564694 0.060279
vt 0.568095 0.068120
vt 0.568095 0.068120
vt 0.570622 0.077066
vt 0.560549 0.139890
vt 0.555820 0.144671
vt 0.550690 0.147616
vt 0.564694 0.133455
vt 0.568095 0.125614
vt 0.570623 0.116668
vt 0.572179 0.106962
vt 0.530159 0.053845
vt 0.534887 0.049063
vt 0.572179 0.086773
vt 0.526014 0.060279
vt 0.522612 0.068120
vt 0.526014 0.060279
vt 0.520085 0.077066
vt 0.518528 0.086773
vt 0.520085 0.077066
vt 0.534887 0.144671
vt 0.520085 0.116668
vt 0.518528 0.106962
vt 0.530159 0.139890
vt 0.530159 0.139890
vt 0.526014 0.133455
vt 0.522613 0.125614
vt 0.522613 0.125614
vt 0.540018 0.046119
vt 0.496422 0.115153
vt 0.495476 0.096993
vt 0.083643 0.100176
vt 0.083643 0.114235
vt 0.535688 0.004297
vt 0.545287 0.002508
vt 0.083643 0.086116
vt 0.536075 0.008621
vt 0.545354 0.006892
vt 0.050186 0.086116
vt 0.050186 0.100176
vt 0.592914 0.096867
vt 0.594286 0.115153
vt 0.595231 0.096993
vt 0.050186 0.114235
vt 0.594286 0.078582
vt 0.595231 0.096742
vt 0.555019 0.189438
vt 0.545420 0.191226
vt 0.545354 0.186842
vt 0.536075 0.185113
vt 0.535688 0.189438
vt 0.545287 0.191226
vt 0.497794 0.096867
vt 0.498708 0.079314
vt 0.496422 0.078582
vt 0.495476 0.096742
vt 0.545420 0.002508
vt 0.555019 0.004297
vt 0.554632 0.008621
vt 0.555019 0.004297
vt 0.555150 0.004346
vt 0.564380 0.009643
vt 0.083643 0.131810
vt 0.083643 0.115993
vt 0.563554 0.013741
vt 0.564380 0.009643
vt 0.555149 0.004346
vt 0.050186 0.115993
vt 0.050186 0.131810
vt 0.564502 0.009739
vt 0.573009 0.018341
vt 0.083643 0.144112
vt 0.571777 0.022056
vt 0.573009 0.018341
vt 0.564502 0.009739
vt 0.050186 0.144112
vt 0.573119 0.018480
vt 0.580576 0.030056
vt 0.083643 0.158172
vt 0.578984 0.033245
vt 0.580576 0.030056
vt 0.050186 0.158172
vt 0.580670 0.030234
vt 0.586788 0.044340
vt 0.083643 0.054482
vt 0.083643 0.042179
vt 0.584898 0.046880
vt 0.586788 0.044340
vt 0.580669 0.030234
vt 0.050186 0.042179
vt 0.050186 0.054482
vt 0.586862 0.044549
vt 0.591409 0.060642
vt 0.083643 0.068541
vt 0.589293 0.062435
vt 0.591409 0.060642
vt 0.050186 0.068541
vt 0.591460 0.060874
vt 0.594260 0.078335
vt 0.592000 0.079314
vt 0.594260 0.078335
vt 0.594286 0.078582
vt 0.554632 0.185113
vt 0.563554 0.179993
vt 0.555149 0.189389
vt 0.564380 0.184092
vt 0.564380 0.184092
vt 0.571777 0.171679
vt 0.564502 0.183996
vt 0.573009 0.175394
vt 0.564502 0.183996
vt 0.578984 0.160489
vt 0.573119 0.175254
vt 0.580576 0.163678
vt 0.580576 0.163678
vt 0.573119 0.175254
vt 0.580670 0.163500
vt 0.586788 0.149395
vt 0.586788 0.149395
vt 0.580670 0.163500
vt 0.589294 0.131299
vt 0.586862 0.149186
vt 0.591409 0.133093
vt 0.591409 0.133093
vt 0.591460 0.132861
vt 0.594260 0.115399
vt 0.594260 0.115399
vt 0.591460 0.132861
vt 0.594286 0.115153
vt 0.527154 0.013741
vt 0.535558 0.004346
vt 0.526328 0.009643
vt 0.518931 0.022056
vt 0.526205 0.009739
vt 0.517699 0.018341
vt 0.511724 0.033245
vt 0.517588 0.018480
vt 0.510132 0.030056
vt 0.510132 0.030056
vt 0.505809 0.046880
vt 0.510038 0.030234
vt 0.503919 0.044340
vt 0.503919 0.044340
vt 0.510038 0.030234
vt 0.501414 0.062435
vt 0.503845 0.044549
vt 0.499298 0.060642
vt 0.499298 0.060642
vt 0.499248 0.060874
vt 0.496448 0.078335
vt 0.496448 0.078335
vt 0.496422 0.078582
vt 0.535688 0.189438
vt 0.535558 0.189389
vt 0.526328 0.184092
vt 0.527153 0.179993
vt 0.526328 0.184092
vt 0.535558 0.189389
vt 0.526205 0.183996
vt 0.517699 0.175394
vt 0.518931 0.171679
vt 0.526205 0.183996
vt 0.517588 0.175254
vt 0.510132 0.163678
vt 0.511724 0.160489
vt 0.510132 0.163678
vt 0.517588 0.175254
vt 0.510038 0.163500
vt 0.503919 0.149395
vt 0.505809 0.146855
vt 0.503919 0.149395
vt 0.510038 0.163500
vt 0.503845 0.149186
vt 0.499299 0.133093
vt 0.501414 0.131299
vt 0.499299 0.133093
vt 0.499248 0.132861
vt 0.496448 0.115399
vt 0.498708 0.114420
vt 0.496448 0.115399
vt 0.499248 0.132861
vt 0.496422 0.115153
vt 0.551078 0.151305
vt 0.545354 0.152372
vt 0.574129 0.086039
vt 0.574693 0.096867
vt 0.539630 0.042429
vt 0.556581 0.045587
vt 0.561654 0.050717
vt 0.566100 0.057619
vt 0.569749 0.066030
vt 0.572460 0.075626
vt 0.572460 0.118108
vt 0.569749 0.127704
vt 0.556581 0.148147
vt 0.520959 0.066030
vt 0.524608 0.057619
vt 0.561654 0.143018
vt 0.566100 0.136115
vt 0.574129 0.107696
vt 0.529054 0.050717
vt 0.534126 0.045588
vt 0.539630 0.151305
vt 0.518248 0.075626
vt 0.534126 0.148147
vt 0.529054 0.143018
vt 0.516578 0.086039
vt 0.524608 0.136115
vt 0.520959 0.127704
vt 0.518248 0.118108
vt 0.539009 0.036523
vt 0.532908 0.040024
vt 0.577876 0.096867
vt 0.577251 0.084864
vt 0.577251 0.084864
vt 0.577251 0.108870
vt 0.512832 0.096867
vt 0.513456 0.108871
vt 0.575401 0.073322
vt 0.545354 0.158394
vt 0.551699 0.157212
vt 0.557800 0.040024
vt 0.551699 0.036523
vt 0.563422 0.045710
vt 0.557800 0.040024
vt 0.568351 0.053361
vt 0.572395 0.062685
vt 0.545354 0.035341
vt 0.551699 0.157212
vt 0.557800 0.153710
vt 0.557800 0.153710
vt 0.563422 0.148025
vt 0.563422 0.148025
vt 0.568351 0.140373
vt 0.568351 0.140373
vt 0.572395 0.131050
vt 0.575401 0.120412
vt 0.575401 0.120412
vt 0.577251 0.108870
vt 0.527286 0.045710
vt 0.527286 0.045710
vt 0.522357 0.053361
vt 0.518313 0.062685
vt 0.515307 0.073322
vt 0.513456 0.084864
vt 0.539009 0.157212
vt 0.522357 0.140373
vt 0.525893 0.151967
vt 0.520585 0.143726
vt 0.518313 0.131050
vt 0.515307 0.120412
vt 0.515307 0.120412
vt 0.564815 0.151967
vt 0.558759 0.158091
vt 0.580383 0.096867
vt 0.579709 0.109795
vt 0.516229 0.133684
vt 0.570123 0.143726
vt 0.545354 0.163135
vt 0.538520 0.161862
vt 0.512992 0.122227
vt 0.574479 0.133684
vt 0.570123 0.143726
vt 0.510325 0.096867
vt 0.510998 0.083939
vt 0.512992 0.122227
vt 0.510998 0.109796
vt 0.577716 0.122227
vt 0.545354 0.030599
vt 0.552188 0.031873
vt 0.510998 0.109796
vt 0.558759 0.035644
vt 0.531949 0.035644
vt 0.538520 0.031873
vt 0.558759 0.035644
vt 0.564815 0.041767
vt 0.525893 0.041767
vt 0.531949 0.035644
vt 0.570123 0.050009
vt 0.520585 0.050009
vt 0.574479 0.060051
vt 0.516229 0.060051
vt 0.577716 0.071508
vt 0.512992 0.071508
vt 0.516229 0.060051
vt 0.577716 0.071508
vt 0.579709 0.083939
vt 0.510998 0.083939
vt 0.531949 0.158091
vt 0.552188 0.161862
vt 0.525893 0.151967
s 1
usemtl van_3
f 2466/2497/2228 2239/2498/2228 2245/2499/2229 2478/2500/2229
f 2464/2501/2230 2238/2502/2230 2237/2503/2231 2462/2504/2231
f 2214/2505/2232 2215/2506/2233 2264/2506/2233 2263/2505/2232
f 2303/2507/2234 2426/2508/2235 2429/2509/2236 2305/2510/2237
f 2404/2508/2238 2337/2507/2239 2335/2511/2240 2381/2512/2241
f 2349/2513/2242 2383/2514/2243 2387/2515/2244 2351/2516/2245
f 2389/2515/2246 2347/2516/2247 2345/2517/2248 2392/2518/2249
f 2392/2518/2249 2345/2517/2248 2343/2519/2250 2395/2520/2251
f 2395/2520/2251 2343/2519/2250 2341/2521/2252 2398/2522/2253
f 2398/2523/2253 2341/2524/2252 2339/2510/2254 2401/2509/2255
f 2401/2509/2255 2339/2510/2254 2337/2507/2239 2404/2508/2238
f 2371/2514/2256 2333/2513/2257 2347/2516/2247 2389/2515/2246
f 2351/2516/2245 2387/2515/2244 2408/2518/2258 2353/2517/2259
f 2353/2517/2259 2408/2518/2258 2411/2520/2260 2355/2519/2261
f 2355/2519/2261 2411/2520/2260 2414/2522/2262 2357/2521/2263
f 2357/2521/2263 2414/2522/2262 2417/2520/2264 2359/2519/2265
f 2359/2519/2265 2417/2520/2264 2420/2518/2266 2361/2517/2267
f 2361/2517/2267 2420/2518/2266 2423/2515/2268 2363/2516/2269
f 2205/2503/2270 2220/2502/2270 2368/2525/2271 2366/2526/2272
f 2381/2512/2241 2335/2511/2240 2331/2513/2273 2377/2514/2274
f 2301/2511/2275 2375/2512/2276 2426/2508/2235 2303/2507/2234
f 2625/2527/2277 2628/2528/2278 2583/2528/2279 2584/2527/2280
f 2305/2510/2237 2429/2509/2236 2432/2523/2281 2307/2524/2282
f 2307/2524/2282 2432/2523/2281 2435/2509/2283 2309/2510/2284
f 2309/2510/2284 2435/2509/2283 2438/2508/2285 2311/2507/2286
f 2311/2507/2286 2438/2508/2285 2441/2512/2287 2313/2511/2288
f 2313/2511/2288 2441/2512/2287 2365/2514/2289 2315/2513/2290
f 2369/2515/2291 2317/2516/2292 2315/2513/2290 2365/2514/2289
f 2363/2516/2269 2423/2515/2268 2377/2514/2274 2331/2513/2273
f 2383/2514/2243 2349/2513/2242 2329/2511/2293 2443/2512/2294
f 2443/2512/2294 2329/2511/2293 2327/2507/2295 2446/2508/2296
f 2446/2508/2296 2327/2507/2295 2325/2510/2297 2449/2509/2298
f 2449/2509/2298 2325/2510/2297 2323/2524/2299 2452/2523/2300
f 2452/2522/2300 2323/2521/2299 2321/2519/2301 2455/2520/2302
f 2455/2520/2302 2321/2519/2301 2319/2517/2303 2458/2518/2304
f 2458/2518/2304 2319/2517/2303 2317/2516/2292 2369/2515/2291
f 2206/2529/2270 2205/2503/2270 2366/2526/2272 2440/2530/2305
f 2222/2499/2270 2221/2498/2270 2372/2531/2306 2390/2532/2307
f 2230/2533/2270 2229/2534/2270 2378/2535/2308 2422/2536/2309
f 2214/2505/2270 2213/2537/2270 2384/2538/2310 2444/2539/2311
f 2212/2540/2270 2211/2541/2270 2425/2542/2312 2374/2543/2313
f 2224/2544/2270 2223/2545/2270 2393/2546/2314 2396/2547/2315
f 2225/2548/2270 2224/2544/2270 2396/2549/2315 2399/2550/2316
f 2226/2551/2270 2225/2548/2270 2399/2550/2316 2402/2552/2317
f 2227/2553/2270 2226/2551/2270 2402/2552/2317 2405/2554/2318
f 2235/2555/2270 2234/2556/2270 2410/2557/2319 2407/2558/2320
f 2213/2537/2270 2236/2559/2270 2386/2560/2321 2384/2538/2310
f 2223/2545/2270 2222/2499/2270 2390/2532/2307 2393/2546/2314
f 2234/2556/2270 2233/2561/2270 2413/2562/2322 2410/2563/2319
f 2233/2561/2270 2232/2564/2270 2416/2565/2323 2413/2562/2322
f 2232/2564/2270 2231/2566/2270 2419/2567/2324 2416/2565/2323
f 2231/2566/2270 2230/2533/2270 2422/2568/2309 2419/2567/2324
f 2211/2541/2270 2210/2569/2270 2428/2570/2325 2425/2542/2312
f 2228/2571/2270 2227/2553/2270 2405/2554/2318 2380/2572/2326
f 2229/2534/2270 2228/2571/2270 2380/2572/2326 2378/2535/2308
f 2210/2569/2270 2209/2573/2270 2431/2574/2327 2428/2570/2325
f 2209/2573/2270 2208/2575/2270 2434/2576/2328 2431/2574/2327
f 2208/2575/2270 2207/2577/2270 2437/2578/2329 2434/2576/2328
f 2207/2577/2270 2206/2529/2270 2440/2579/2305 2437/2578/2329
f 2215/2506/2270 2214/2505/2270 2444/2539/2311 2447/2580/2330
f 2220/2502/2270 2219/2581/2270 2459/2582/2331 2368/2525/2271
f 2236/2559/2270 2235/2555/2270 2407/2558/2320 2386/2583/2321
f 2216/2584/2270 2215/2506/2270 2447/2580/2330 2450/2585/2332
f 2217/2586/2270 2216/2584/2270 2450/2585/2332 2453/2587/2333
f 2218/2588/2270 2217/2586/2270 2453/2587/2333 2456/2589/2334
f 2219/2581/2270 2218/2588/2270 2456/2589/2334 2459/2582/2331
f 2221/2498/2270 2212/2540/2270 2374/2543/2313 2372/2531/2306
f 2233/2561/2335 2234/2556/2336 2252/2556/2336 2253/2561/2335
f 2220/2502/2337 2205/2503/2338 2237/2503/2338 2238/2502/2337
f 2215/2506/2233 2216/2584/2339 2265/2584/2339 2264/2506/2233
f 2232/2564/2340 2233/2561/2335 2253/2561/2335 2254/2564/2340
f 2212/2540/2341 2221/2498/2342 2239/2498/2342 2240/2540/2341
f 2216/2584/2339 2217/2586/2343 2266/2586/2343 2265/2584/2339
f 2231/2566/2344 2232/2564/2340 2254/2564/2340 2255/2566/2344
f 2228/2571/2345 2229/2534/2346 2241/2534/2346 2242/2571/2345
f 2217/2586/2343 2218/2588/2347 2267/2588/2347 2266/2586/2343
f 2230/2533/2348 2231/2566/2344 2255/2566/2344 2256/2533/2348
f 2236/2559/2349 2213/2537/2350 2243/2537/2350 2244/2559/2349
f 2218/2588/2347 2219/2581/2351 2268/2581/2351 2267/2588/2347
f 2229/2534/2346 2230/2533/2348 2256/2533/2348 2241/2534/2346
f 2221/2498/2342 2222/2499/2352 2245/2499/2352 2239/2498/2342
f 2219/2581/2351 2220/2502/2337 2238/2502/2337 2268/2581/2351
f 2211/2541/2353 2212/2540/2341 2240/2540/2341 2257/2541/2353
f 2222/2499/2352 2223/2545/2279 2246/2545/2279 2245/2499/2352
f 2210/2569/2354 2211/2541/2353 2257/2541/2353 2258/2569/2354
f 2223/2545/2279 2224/2544/2280 2247/2544/2280 2246/2545/2279
f 2209/2573/2355 2210/2569/2354 2258/2569/2354 2259/2573/2355
f 2224/2544/2280 2225/2548/2356 2248/2548/2356 2247/2544/2280
f 2208/2575/2357 2209/2573/2355 2259/2573/2355 2260/2575/2357
f 2225/2548/2356 2226/2551/2358 2249/2551/2358 2248/2548/2356
f 2207/2577/2359 2208/2575/2357 2260/2575/2357 2261/2577/2359
f 2226/2551/2358 2227/2553/2360 2250/2553/2360 2249/2551/2358
f 2206/2529/2361 2207/2577/2359 2261/2577/2359 2262/2529/2361
f 2227/2553/2360 2228/2571/2345 2242/2571/2345 2250/2553/2360
f 2205/2503/2338 2206/2529/2361 2262/2529/2361 2237/2503/2338
f 2235/2555/2362 2236/2559/2349 2244/2559/2349 2251/2555/2362
f 2213/2537/2350 2214/2505/2232 2263/2505/2232 2243/2537/2350
f 2234/2556/2336 2235/2555/2362 2251/2555/2362 2252/2556/2336
f 2269/2590/2363 2270/2591/2364 2463/2592/2365 2461/2593/2366
f 2271/2594/2367 2277/2595/2368 2278/2596/2369 2279/2597/2370 2280/2598/2371 2281/2599/2372 2282/2600/2373 2274/2601/2374 2273/2602/2375 2288/2603/2376 2287/2604/2377 2286/2605/2378 2285/2606/2379 2284/2607/2380 2283/2608/2381 2276/2609/2382 2275/2610/2383 2295/2611/2384 2296/2612/2385 2297/2613/2386 2298/2614/2387 2299/2615/2388 2300/2616/2389 2270/2591/2364 2269/2590/2363 2294/2617/2390 2293/2618/2391 2292/2619/2392 2291/2620/2393 2290/2621/2394 2289/2622/2395 2272/2623/2396
f 2294/2617/2390 2269/2590/2363 2461/2593/2366 2511/2624/2397
f 2277/2595/2368 2271/2594/2367 2465/2625/2398 2477/2626/2399
f 2288/2603/2376 2273/2602/2375 2469/2627/2400 2499/2628/2401
f 2295/2611/2384 2275/2610/2383 2473/2629/2402 2513/2630/2403
f 2272/2623/2396 2289/2622/2395 2501/2631/2404 2467/2632/2405
f 2279/2597/2370 2278/2596/2369 2479/2633/2406 2481/2634/2407
f 2280/2598/2371 2279/2597/2370 2481/2635/2407 2483/2636/2408
f 2281/2599/2372 2280/2598/2371 2483/2636/2408 2485/2637/2409
f 2282/2600/2373 2281/2599/2372 2485/2638/2409 2487/2639/2410
f 2283/2608/2381 2284/2607/2380 2491/2640/2411 2489/2641/2412
f 2275/2610/2383 2276/2609/2382 2475/2642/2413 2473/2629/2402
f 2278/2596/2369 2277/2595/2368 2477/2626/2399 2479/2633/2406
f 2284/2607/2380 2285/2606/2379 2493/2643/2414 2491/2640/2411
f 2285/2606/2379 2286/2605/2378 2495/2644/2415 2493/2643/2414
f 2286/2605/2378 2287/2604/2377 2497/2645/2416 2495/2644/2415
f 2287/2604/2377 2288/2603/2376 2499/2646/2401 2497/2645/2416
f 2289/2622/2395 2290/2621/2394 2503/2647/2417 2501/2648/2404
f 2274/2601/2374 2282/2600/2373 2487/2639/2410 2471/2649/2418
f 2273/2602/2375 2274/2601/2374 2471/2649/2418 2469/2627/2400
f 2290/2621/2394 2291/2620/2393 2505/2650/2419 2503/2647/2417
f 2291/2620/2393 2292/2619/2392 2507/2651/2420 2505/2652/2419
f 2292/2619/2392 2293/2618/2391 2509/2653/2421 2507/2651/2420
f 2293/2618/2391 2294/2617/2390 2511/2654/2397 2509/2655/2421
f 2296/2612/2385 2295/2611/2384 2513/2630/2403 2515/2656/2422
f 2270/2591/2364 2300/2616/2389 2523/2657/2423 2463/2658/2365
f 2276/2609/2382 2283/2608/2381 2489/2641/2412 2475/2642/2413
f 2297/2613/2386 2296/2612/2385 2515/2656/2422 2517/2659/2424
f 2298/2614/2387 2297/2613/2386 2517/2660/2424 2519/2661/2425
f 2299/2615/2388 2298/2614/2387 2519/2661/2425 2521/2662/2426
f 2300/2616/2389 2299/2615/2388 2521/2663/2426 2523/2657/2423
f 2271/2594/2367 2272/2623/2396 2467/2664/2405 2465/2625/2398
f 2366/2526/2272 2368/2525/2271 2370/2665/2427 2367/2666/2428
f 2367/2667/2429 2370/2668/2430 2369/2515/2291 2365/2514/2289
f 2372/2531/2306 2374/2543/2313 2376/2669/2431 2373/2670/2432
f 2373/2667/2433 2376/2671/2434 2375/2512/2276 2371/2514/2256
f 2525/2672/2435 2526/2673/2436 2334/2670/2437 2302/2669/2438
f 2302/2674/2439 2334/2675/2440 2333/2513/2257 2301/2511/2275
f 2527/2676/2441 2528/2568/2442 2364/2677/2443 2332/2678/2444
f 2332/2675/2445 2364/2679/2446 2363/2516/2269 2331/2513/2273
f 2378/2535/2308 2380/2572/2326 2382/2680/2447 2379/2681/2448
f 2379/2667/2449 2382/2671/2450 2381/2512/2241 2377/2514/2274
f 2384/2538/2310 2386/2560/2321 2388/2682/2451 2385/2683/2452
f 2385/2667/2453 2388/2668/2454 2387/2515/2244 2383/2514/2243
f 2529/2684/2455 2530/2685/2456 2330/2686/2457 2350/2687/2458
f 2350/2675/2459 2330/2674/2460 2329/2511/2293 2349/2513/2242
f 2531/2688/2461 2532/2689/2462 2314/2690/2463 2316/2691/2464
f 2316/2675/2465 2314/2674/2466 2313/2511/2288 2315/2513/2290
f 2390/2532/2307 2372/2531/2306 2373/2692/2432 2391/2693/2467
f 2391/2668/2468 2373/2667/2433 2371/2514/2256 2389/2515/2246
f 2526/2673/2436 2533/2694/2469 2348/2695/2470 2334/2692/2437
f 2334/2675/2440 2348/2679/2471 2347/2516/2247 2333/2513/2257
f 2393/2546/2314 2390/2532/2307 2391/2696/2467 2394/2697/2472
f 2394/2698/2473 2391/2699/2468 2389/2515/2246 2392/2518/2249
f 2533/2694/2469 2534/2700/2474 2346/2701/2475 2348/2702/2470
f 2348/2703/2471 2346/2704/2476 2345/2517/2248 2347/2516/2247
f 2396/2547/2315 2393/2546/2314 2394/2705/2472 2397/2706/2477
f 2397/2707/2478 2394/2698/2473 2392/2518/2249 2395/2520/2251
f 2534/2700/2474 2535/2708/2479 2344/2709/2480 2346/2710/2475
f 2346/2704/2476 2344/2711/2481 2343/2519/2250 2345/2517/2248
f 2399/2550/2316 2396/2549/2315 2397/2712/2477 2400/2713/2482
f 2400/2714/2483 2397/2707/2478 2395/2520/2251 2398/2522/2253
f 2535/2708/2479 2536/2715/2484 2342/2716/2485 2344/2712/2480
f 2344/2711/2481 2342/2717/2486 2341/2521/2252 2343/2519/2250
f 2402/2552/2317 2399/2550/2316 2400/2718/2482 2403/2719/2487
f 2403/2720/2488 2400/2721/2483 2398/2523/2253 2401/2509/2255
f 2536/2715/2484 2537/2722/2489 2340/2723/2490 2342/2724/2485
f 2342/2725/2486 2340/2726/2491 2339/2510/2254 2341/2524/2252
f 2405/2554/2318 2402/2552/2317 2403/2727/2487 2406/2728/2492
f 2406/2729/2493 2403/2720/2488 2401/2509/2255 2404/2508/2238
f 2537/2722/2489 2538/2730/2494 2338/2731/2495 2340/2727/2490
f 2340/2726/2491 2338/2732/2496 2337/2507/2239 2339/2510/2254
f 2380/2572/2326 2405/2554/2318 2406/2733/2492 2382/2734/2447
f 2382/2671/2450 2406/2729/2493 2404/2508/2238 2381/2512/2241
f 2538/2730/2494 2539/2735/2497 2336/2736/2498 2338/2733/2495
f 2338/2732/2496 2336/2674/2499 2335/2511/2240 2337/2507/2239
f 2539/2735/2497 2527/2676/2441 2332/2681/2444 2336/2737/2498
f 2336/2674/2499 2332/2675/2445 2331/2513/2273 2335/2511/2240
f 2540/2738/2500 2529/2684/2455 2350/2683/2458 2352/2682/2501
f 2352/2679/2502 2350/2675/2459 2349/2513/2242 2351/2516/2245
f 2541/2739/2503 2540/2738/2500 2352/2740/2501 2354/2741/2504
f 2354/2704/2505 2352/2703/2502 2351/2516/2245 2353/2517/2259
f 2386/2583/2321 2407/2558/2320 2409/2742/2506 2388/2740/2451
f 2388/2699/2454 2409/2698/2507 2408/2518/2258 2387/2515/2244
f 2542/2743/2508 2541/2739/2503 2354/2744/2504 2356/2745/2509
f 2356/2711/2510 2354/2704/2505 2353/2517/2259 2355/2519/2261
f 2407/2558/2320 2410/2557/2319 2412/2745/2511 2409/2746/2506
f 2409/2698/2507 2412/2707/2512 2411/2520/2260 2408/2518/2258
f 2543/2747/2513 2542/2743/2508 2356/2748/2509 2358/2749/2514
f 2358/2717/2515 2356/2711/2510 2355/2519/2261 2357/2521/2263
f 2410/2563/2319 2413/2562/2322 2415/2750/2516 2412/2751/2511
f 2412/2707/2512 2415/2714/2517 2414/2522/2262 2411/2520/2260
f 2544/2565/2518 2543/2747/2513 2358/2752/2514 2360/2753/2519
f 2360/2711/2520 2358/2717/2515 2357/2521/2263 2359/2519/2265
f 2413/2562/2322 2416/2565/2323 2418/2754/2521 2415/2755/2516
f 2415/2714/2517 2418/2707/2522 2417/2520/2264 2414/2522/2262
f 2545/2756/2523 2544/2565/2518 2360/2757/2519 2362/2758/2524
f 2362/2704/2525 2360/2711/2520 2359/2519/2265 2361/2517/2267
f 2416/2565/2323 2419/2567/2324 2421/2759/2526 2418/2757/2521
f 2418/2707/2522 2421/2698/2527 2420/2518/2266 2417/2520/2264
f 2528/2568/2442 2545/2756/2523 2362/2760/2524 2364/2761/2443
f 2364/2703/2446 2362/2704/2525 2361/2517/2267 2363/2516/2269
f 2419/2567/2324 2422/2568/2309 2424/2762/2528 2421/2763/2526
f 2421/2698/2527 2424/2699/2529 2423/2515/2268 2420/2518/2266
f 2422/2536/2309 2378/2535/2308 2379/2678/2448 2424/2764/2528
f 2424/2668/2529 2379/2667/2449 2377/2514/2274 2423/2515/2268
f 2546/2765/2530 2525/2672/2435 2302/2766/2438 2304/2767/2531
f 2304/2732/2532 2302/2674/2439 2301/2511/2275 2303/2507/2234
f 2374/2543/2313 2425/2542/2312 2427/2767/2533 2376/2766/2431
f 2376/2671/2434 2427/2729/2534 2426/2508/2235 2375/2512/2276
f 2547/2768/2535 2546/2765/2530 2304/2769/2531 2306/2770/2536
f 2306/2726/2537 2304/2732/2532 2303/2507/2234 2305/2510/2237
f 2425/2542/2312 2428/2570/2325 2430/2770/2538 2427/2769/2533
f 2427/2729/2534 2430/2720/2539 2429/2509/2236 2426/2508/2235
f 2548/2771/2540 2547/2768/2535 2306/2772/2536 2308/2773/2541
f 2308/2725/2542 2306/2726/2537 2305/2510/2237 2307/2524/2282
f 2428/2570/2325 2431/2574/2327 2433/2774/2543 2430/2772/2538
f 2430/2720/2539 2433/2721/2544 2432/2523/2281 2429/2509/2236
f 2549/2775/2545 2548/2771/2540 2308/2776/2541 2310/2777/2546
f 2310/2726/2547 2308/2725/2542 2307/2524/2282 2309/2510/2284
f 2431/2574/2327 2434/2576/2328 2436/2778/2548 2433/2779/2543
f 2433/2721/2544 2436/2720/2549 2435/2509/2283 2432/2523/2281
f 2550/2780/2550 2549/2775/2545 2310/2781/2546 2312/2782/2551
f 2312/2732/2552 2310/2726/2547 2309/2510/2284 2311/2507/2286
f 2434/2576/2328 2437/2578/2329 2439/2783/2553 2436/2781/2548
f 2436/2720/2549 2439/2729/2554 2438/2508/2285 2435/2509/2283
f 2532/2689/2462 2550/2780/2550 2312/2784/2551 2314/2785/2463
f 2314/2674/2466 2312/2732/2552 2311/2507/2286 2313/2511/2288
f 2437/2578/2329 2440/2579/2305 2442/2786/2555 2439/2784/2553
f 2439/2729/2554 2442/2671/2556 2441/2512/2287 2438/2508/2285
f 2440/2530/2305 2366/2526/2272 2367/2691/2428 2442/2787/2555
f 2442/2671/2556 2367/2667/2429 2365/2514/2289 2441/2512/2287
f 2444/2539/2311 2384/2538/2310 2385/2687/2452 2445/2788/2557
f 2445/2671/2558 2385/2667/2453 2383/2514/2243 2443/2512/2294
f 2447/2580/2330 2444/2539/2311 2445/2789/2557 2448/2790/2559
f 2448/2729/2560 2445/2671/2558 2443/2512/2294 2446/2508/2296
f 2530/2685/2456 2551/2791/2561 2328/2792/2562 2330/2793/2457
f 2330/2674/2460 2328/2732/2563 2327/2507/2295 2329/2511/2293
f 2450/2585/2332 2447/2580/2330 2448/2794/2559 2451/2795/2564
f 2451/2720/2565 2448/2729/2560 2446/2508/2296 2449/2509/2298
f 2551/2791/2561 2552/2796/2566 2326/2795/2567 2328/2797/2562
f 2328/2732/2563 2326/2726/2568 2325/2510/2297 2327/2507/2295
f 2453/2587/2333 2450/2585/2332 2451/2798/2564 2454/2799/2569
f 2454/2721/2570 2451/2720/2565 2449/2509/2298 2452/2523/2300
f 2552/2796/2566 2553/2800/2571 2324/2801/2572 2326/2802/2567
f 2326/2726/2568 2324/2725/2573 2323/2524/2299 2325/2510/2297
f 2456/2589/2334 2453/2587/2333 2454/2803/2569 2457/2804/2574
f 2457/2707/2575 2454/2714/2570 2452/2522/2300 2455/2520/2302
f 2553/2800/2571 2554/2805/2576 2322/2806/2577 2324/2807/2572
f 2324/2717/2573 2322/2711/2578 2321/2519/2301 2323/2521/2299
f 2459/2582/2331 2456/2589/2334 2457/2808/2574 2460/2809/2579
f 2460/2698/2580 2457/2707/2575 2455/2520/2302 2458/2518/2304
f 2554/2805/2576 2555/2810/2581 2320/2811/2582 2322/2808/2577
f 2322/2711/2578 2320/2704/2583 2319/2517/2303 2321/2519/2301
f 2368/2525/2271 2459/2582/2331 2460/2812/2579 2370/2813/2427
f 2370/2699/2430 2460/2698/2580 2458/2518/2304 2369/2515/2291
f 2555/2810/2581 2556/2814/2584 2318/2815/2585 2320/2816/2582
f 2320/2704/2583 2318/2703/2586 2317/2516/2292 2319/2517/2303
f 2556/2814/2584 2531/2688/2461 2316/2666/2464 2318/2817/2585
f 2318/2679/2586 2316/2675/2465 2315/2513/2290 2317/2516/2292
f 2476/2818/2587 2244/2559/2587 2243/2537/2588 2474/2819/2588
f 2472/2820/2589 2242/2571/2589 2241/2534/2590 2470/2821/2590
f 2466/2497/2228 2468/2822/2591 2240/2540/2591 2239/2498/2228
f 2480/2823/2592 2246/2545/2592 2247/2544/2593 2482/2824/2593
f 2484/2825/2594 2248/2548/2594 2249/2551/2595 2486/2826/2595
f 2478/2500/2229 2245/2499/2229 2246/2545/2592 2480/2823/2592
f 2482/2824/2593 2247/2544/2593 2248/2548/2594 2484/2825/2594
f 2488/2827/2596 2250/2553/2596 2242/2571/2589 2472/2820/2589
f 2486/2826/2595 2249/2551/2595 2250/2553/2596 2488/2827/2596
f 2498/2828/2597 2255/2566/2597 2254/2564/2598 2496/2829/2598
f 2490/2830/2599 2251/2555/2599 2244/2559/2587 2476/2818/2587
f 2508/2831/2600 2260/2575/2600 2259/2573/2601 2506/2832/2601
f 2492/2833/2602 2252/2556/2602 2251/2555/2599 2490/2830/2599
f 2494/2834/2603 2253/2561/2603 2252/2556/2602 2492/2833/2602
f 2496/2829/2598 2254/2564/2598 2253/2561/2603 2494/2834/2603
f 2470/2821/2590 2241/2534/2590 2256/2533/2604 2500/2835/2604
f 2500/2835/2604 2256/2533/2604 2255/2566/2597 2498/2828/2597
f 2504/2836/2605 2258/2569/2605 2257/2541/2606 2502/2837/2606
f 2502/2837/2606 2257/2541/2606 2240/2540/2591 2468/2822/2591
f 2506/2832/2601 2259/2573/2601 2258/2569/2605 2504/2836/2605
f 2474/2819/2588 2243/2537/2588 2263/2505/2607 2514/2838/2607
f 2510/2839/2608 2261/2577/2608 2260/2575/2600 2508/2831/2600
f 2516/2840/2609 2264/2506/2609 2265/2584/2610 2518/2841/2610
f 2512/2842/2611 2262/2529/2611 2261/2577/2608 2510/2839/2608
f 2462/2504/2231 2237/2503/2231 2262/2529/2611 2512/2842/2611
f 2514/2838/2607 2263/2505/2607 2264/2506/2609 2516/2840/2609
f 2520/2843/2612 2266/2586/2612 2267/2588/2613 2522/2844/2613
f 2518/2841/2610 2265/2584/2610 2266/2586/2612 2520/2843/2612
f 2522/2844/2613 2267/2588/2613 2268/2581/2614 2524/2845/2614
f 2524/2845/2614 2268/2581/2614 2238/2502/2230 2464/2501/2230
f 2461/2593/2366 2463/2592/2365 2464/2501/2615 2462/2504/2616
f 2465/2625/2398 2467/2664/2405 2468/2822/2617 2466/2497/2618
f 2469/2627/2400 2471/2649/2418 2472/2820/2619 2470/2821/2620
f 2473/2629/2402 2475/2642/2413 2476/2818/2621 2474/2819/2622
f 2477/2626/2399 2465/2625/2398 2466/2497/2618 2478/2500/2623
f 2479/2633/2406 2477/2626/2399 2478/2500/2623 2480/2823/2624
f 2481/2634/2407 2479/2633/2406 2480/2823/2624 2482/2824/2625
f 2483/2636/2408 2481/2635/2407 2482/2824/2625 2484/2825/2626
f 2485/2637/2409 2483/2636/2408 2484/2825/2626 2486/2826/2627
f 2487/2639/2410 2485/2638/2409 2486/2826/2627 2488/2827/2628
f 2471/2649/2418 2487/2639/2410 2488/2827/2628 2472/2820/2619
f 2475/2642/2413 2489/2641/2412 2490/2830/2629 2476/2818/2621
f 2489/2641/2412 2491/2640/2411 2492/2833/2630 2490/2830/2629
f 2491/2640/2411 2493/2643/2414 2494/2834/2631 2492/2833/2630
f 2493/2643/2414 2495/2644/2415 2496/2829/2632 2494/2834/2631
f 2495/2644/2415 2497/2645/2416 2498/2828/2633 2496/2829/2632
f 2497/2645/2416 2499/2646/2401 2500/2835/2634 2498/2828/2633
f 2499/2628/2401 2469/2627/2400 2470/2821/2620 2500/2835/2634
f 2467/2632/2405 2501/2631/2404 2502/2837/2635 2468/2822/2617
f 2501/2648/2404 2503/2647/2417 2504/2836/2636 2502/2837/2635
f 2503/2647/2417 2505/2650/2419 2506/2832/2637 2504/2836/2636
f 2505/2652/2419 2507/2651/2420 2508/2831/2638 2506/2832/2637
f 2507/2651/2420 2509/2653/2421 2510/2839/2639 2508/2831/2638
f 2509/2655/2421 2511/2654/2397 2512/2842/2640 2510/2839/2639
f 2511/2624/2397 2461/2593/2366 2462/2504/2616 2512/2842/2640
f 2513/2630/2403 2473/2629/2402 2474/2819/2622 2514/2838/2641
f 2515/2656/2422 2513/2630/2403 2514/2838/2641 2516/2840/2642
f 2517/2659/2424 2515/2656/2422 2516/2840/2642 2518/2841/2643
f 2519/2661/2425 2517/2660/2424 2518/2841/2643 2520/2843/2644
f 2521/2662/2426 2519/2661/2425 2520/2843/2644 2522/2844/2645
f 2523/2657/2423 2521/2663/2426 2522/2844/2645 2524/2845/2646
f 2463/2658/2365 2523/2657/2423 2524/2845/2646 2464/2501/2615
f 2333/2513/2257 2371/2514/2256 2375/2512/2276 2301/2511/2275
f 2590/2846/2647 2593/2847/2648 2578/2847/2362 2557/2846/2349
f 2635/2848/2649 2640/2849/2650 2571/2850/2337 2559/2848/2338
f 2682/2851/2651 2635/2848/2649 2559/2848/2338 2560/2851/2361
f 2611/2852/2652 2613/2853/2653 2588/2853/2345 2563/2852/2346
f 2640/2850/2650 2643/2854/2654 2570/2854/2351 2571/2850/2337
f 2662/2855/2655 2665/2856/2656 2572/2856/2341 2561/2855/2342
f 2655/2857/2657 2658/2858/2658 2565/2858/2232 2566/2857/2233
f 2652/2859/2659 2655/2860/2657 2566/2857/2233 2567/2859/2339
f 2649/2861/2660 2652/2859/2659 2567/2859/2339 2568/2861/2343
f 2646/2862/2661 2649/2861/2660 2568/2861/2343 2569/2862/2347
f 2643/2854/2654 2646/2862/2661 2569/2862/2347 2570/2854/2351
f 2658/2858/2658 2637/2863/2662 2558/2863/2350 2565/2858/2232
f 2665/2864/2656 2668/2865/2663 2573/2865/2353 2572/2856/2341
f 2668/2866/2663 2671/2867/2664 2574/2868/2354 2573/2865/2353
f 2671/2868/2664 2674/2869/2665 2575/2870/2355 2574/2868/2354
f 2674/2870/2665 2677/2871/2666 2576/2871/2357 2575/2870/2355
f 2677/2871/2666 2680/2872/2667 2577/2873/2359 2576/2871/2357
f 2680/2873/2667 2682/2874/2651 2560/2851/2361 2577/2873/2359
f 2593/2847/2648 2596/2875/2668 2579/2876/2336 2578/2847/2362
f 2596/2876/2668 2599/2877/2669 2580/2877/2335 2579/2876/2336
f 2599/2877/2669 2602/2878/2670 2581/2878/2340 2580/2877/2335
f 2602/2878/2670 2605/2879/2671 2582/2879/2344 2581/2878/2340
f 2605/2879/2671 2607/2880/2672 2564/2880/2348 2582/2879/2344
f 2607/2880/2672 2611/2852/2652 2563/2852/2346 2564/2880/2348
f 2631/2881/2673 2662/2855/2655 2561/2855/2342 2562/2881/2352
f 2628/2528/2278 2631/2881/2673 2562/2881/2352 2583/2528/2279
f 2622/2882/2674 2625/2527/2277 2584/2527/2280 2585/2882/2356
f 2626/2883/2675 2623/2884/2676 2553/2800/2571 2552/2796/2566
f 2619/2885/2677 2622/2882/2674 2585/2882/2356 2586/2885/2358
f 2616/2886/2678 2619/2885/2677 2586/2885/2358 2587/2886/2360
f 2613/2853/2653 2616/2887/2678 2587/2886/2360 2588/2853/2345
f 2558/2863/2679 2557/2846/2679 2578/2847/2679 2579/2876/2679 2580/2877/2679 2581/2878/2679 2582/2879/2679 2564/2880/2679 2563/2852/2679 2588/2853/2679 2587/2886/2679 2586/2885/2679 2585/2882/2679 2584/2527/2679 2583/2528/2679 2562/2881/2679 2561/2855/2679 2572/2856/2679 2573/2865/2679 2574/2868/2679 2575/2870/2679 2576/2871/2679 2577/2873/2679 2560/2851/2679 2559/2848/2679 2571/2850/2679 2570/2854/2679 2569/2862/2679 2568/2861/2679 2567/2859/2679 2566/2857/2679 2565/2858/2679
f 2670/2888/2680 2667/2889/2681 2541/2739/2503 2542/2743/2508
f 2634/2890/2682 2683/2891/2683 2528/2568/2442 2527/2676/2441
f 2623/2884/2676 2620/2892/2684 2554/2805/2576 2553/2800/2571
f 2673/2893/2685 2670/2888/2680 2542/2743/2508 2543/2747/2513
f 2661/2894/2686 2632/2895/2687 2530/2685/2456 2529/2684/2455
f 2620/2892/2684 2617/2896/2688 2555/2810/2581 2554/2805/2576
f 2676/2897/2689 2673/2898/2685 2543/2747/2513 2544/2565/2518
f 2610/2899/2690 2608/2900/2691 2532/2689/2462 2531/2688/2461
f 2617/2901/2688 2614/2902/2692 2556/2814/2584 2555/2810/2581
f 2679/2903/2693 2676/2897/2689 2544/2565/2518 2545/2756/2523
f 2638/2904/2694 2659/2905/2695 2533/2694/2469 2526/2673/2436
f 2614/2906/2692 2610/2899/2690 2531/2688/2461 2556/2814/2584
f 2683/2891/2683 2679/2903/2693 2545/2756/2523 2528/2568/2442
f 2659/2905/2695 2656/2907/2696 2534/2700/2474 2533/2694/2469
f 2592/2908/2697 2589/2909/2698 2525/2672/2435 2546/2765/2530
f 2656/2910/2696 2653/2911/2699 2535/2708/2479 2534/2700/2474
f 2595/2912/2700 2592/2913/2697 2546/2765/2530 2547/2768/2535
f 2653/2911/2699 2650/2914/2701 2536/2715/2484 2535/2708/2479
f 2598/2915/2702 2595/2912/2700 2547/2768/2535 2548/2771/2540
f 2650/2914/2701 2647/2916/2703 2537/2722/2489 2536/2715/2484
f 2601/2917/2704 2598/2915/2702 2548/2771/2540 2549/2775/2545
f 2647/2916/2703 2644/2918/2705 2538/2730/2494 2537/2722/2489
f 2604/2919/2706 2601/2920/2704 2549/2775/2545 2550/2780/2550
f 2644/2921/2705 2641/2922/2707 2539/2735/2497 2538/2730/2494
f 2608/2923/2691 2604/2919/2706 2550/2780/2550 2532/2689/2462
f 2641/2922/2707 2634/2890/2682 2527/2676/2441 2539/2735/2497
f 2632/2895/2687 2629/2924/2708 2551/2791/2561 2530/2685/2456
f 2664/2925/2709 2661/2894/2686 2529/2684/2455 2540/2738/2500
f 2629/2924/2708 2626/2926/2675 2552/2796/2566 2551/2791/2561
f 2667/2889/2681 2664/2925/2709 2540/2738/2500 2541/2739/2503
f 2589/2909/2698 2638/2904/2694 2526/2673/2436 2525/2672/2435
f 2590/2846/2647 2637/2863/2662 2639/2863/2459 2591/2846/2502
f 2591/2846/2501 2639/2863/2458 2638/2904/2694 2589/2909/2698
f 2635/2848/2649 2682/2851/2651 2684/2851/2466 2636/2848/2465
f 2636/2848/2464 2684/2851/2463 2683/2891/2683 2634/2890/2682
f 2662/2855/2655 2631/2881/2673 2633/2881/2471 2663/2855/2440
f 2663/2855/2437 2633/2881/2470 2632/2895/2687 2661/2894/2686
f 2611/2852/2652 2607/2880/2672 2609/2880/2446 2612/2852/2445
f 2612/2852/2444 2609/2880/2710 2608/2900/2691 2610/2899/2690
f 2637/2863/2662 2658/2858/2658 2660/2858/2460 2639/2863/2459
f 2639/2863/2458 2660/2858/2457 2659/2905/2695 2638/2904/2694
f 2658/2858/2658 2655/2857/2657 2657/2857/2563 2660/2858/2460
f 2660/2858/2457 2657/2857/2562 2656/2907/2696 2659/2905/2695
f 2655/2860/2657 2652/2859/2659 2654/2859/2568 2657/2857/2563
f 2657/2857/2562 2654/2859/2567 2653/2911/2699 2656/2910/2696
f 2652/2859/2659 2649/2861/2660 2651/2861/2573 2654/2859/2568
f 2654/2859/2567 2651/2861/2572 2650/2914/2701 2653/2911/2699
f 2649/2861/2660 2646/2862/2661 2648/2862/2578 2651/2861/2573
f 2651/2861/2572 2648/2862/2577 2647/2916/2703 2650/2914/2701
f 2646/2862/2661 2643/2854/2654 2645/2854/2711 2648/2862/2578
f 2648/2862/2577 2645/2854/2582 2644/2918/2705 2647/2916/2703
f 2643/2854/2654 2640/2850/2650 2642/2850/2586 2645/2854/2711
f 2645/2854/2582 2642/2850/2712 2641/2922/2707 2644/2921/2705
f 2640/2849/2650 2635/2848/2649 2636/2848/2465 2642/2850/2586
f 2642/2850/2712 2636/2848/2464 2634/2890/2682 2641/2922/2707
f 2665/2856/2656 2662/2855/2655 2663/2855/2440 2666/2856/2439
f 2666/2856/2438 2663/2855/2437 2661/2894/2686 2664/2925/2709
f 2668/2865/2663 2665/2864/2656 2666/2856/2439 2669/2865/2532
f 2669/2865/2531 2666/2856/2438 2664/2925/2709 2667/2889/2681
f 2671/2867/2664 2668/2866/2663 2669/2865/2532 2672/2868/2537
f 2672/2868/2536 2669/2865/2531 2667/2889/2681 2670/2888/2680
f 2674/2869/2665 2671/2868/2664 2672/2868/2537 2675/2870/2542
f 2675/2870/2541 2672/2868/2536 2670/2888/2680 2673/2893/2685
f 2677/2871/2666 2674/2870/2665 2675/2870/2542 2678/2871/2547
f 2678/2871/2546 2675/2870/2541 2673/2898/2685 2676/2897/2689
f 2680/2872/2667 2677/2871/2666 2678/2871/2547 2681/2873/2552
f 2681/2873/2551 2678/2871/2546 2676/2897/2689 2679/2903/2693
f 2682/2874/2651 2680/2873/2667 2681/2873/2552 2684/2851/2466
f 2684/2851/2463 2681/2873/2551 2679/2903/2693 2683/2891/2683
f 2593/2847/2648 2590/2846/2647 2591/2846/2502 2594/2847/2505
f 2594/2847/2504 2591/2846/2501 2589/2909/2698 2592/2908/2697
f 2596/2875/2668 2593/2847/2648 2594/2847/2505 2597/2876/2510
f 2597/2876/2509 2594/2847/2504 2592/2913/2697 2595/2912/2700
f 2599/2877/2669 2596/2876/2668 2597/2876/2510 2600/2877/2515
f 2600/2877/2514 2597/2876/2509 2595/2912/2700 2598/2915/2702
f 2602/2878/2670 2599/2877/2669 2600/2877/2515 2603/2878/2520
f 2603/2878/2519 2600/2877/2514 2598/2915/2702 2601/2917/2704
f 2605/2879/2671 2602/2878/2670 2603/2878/2520 2606/2879/2713
f 2606/2879/2524 2603/2878/2519 2601/2920/2704 2604/2919/2706
f 2607/2880/2672 2605/2879/2671 2606/2879/2713 2609/2880/2446
f 2609/2880/2710 2606/2879/2524 2604/2919/2706 2608/2923/2691
f 2631/2881/2673 2628/2528/2278 2630/2528/2476 2633/2881/2471
f 2633/2881/2470 2630/2528/2475 2629/2924/2708 2632/2895/2687
f 2628/2528/2278 2625/2527/2277 2627/2527/2481 2630/2528/2476
f 2630/2528/2475 2627/2527/2480 2626/2926/2675 2629/2924/2708
f 2625/2527/2277 2622/2882/2674 2624/2882/2486 2627/2527/2481
f 2627/2527/2480 2624/2882/2485 2623/2884/2676 2626/2883/2675
f 2622/2882/2674 2619/2885/2677 2621/2885/2491 2624/2882/2486
f 2624/2882/2485 2621/2885/2490 2620/2892/2684 2623/2884/2676
f 2619/2885/2677 2616/2886/2678 2618/2886/2714 2621/2885/2491
f 2621/2885/2490 2618/2886/2495 2617/2896/2688 2620/2892/2684
f 2616/2887/2678 2613/2853/2653 2615/2853/2499 2618/2886/2714
f 2618/2886/2495 2615/2853/2498 2614/2902/2692 2617/2901/2688
f 2613/2853/2653 2611/2852/2652 2612/2852/2445 2615/2853/2499
f 2615/2853/2498 2612/2852/2444 2610/2899/2690 2614/2906/2692
f 2637/2863/2662 2590/2846/2647 2557/2846/2349 2558/2863/2350
